Start Station Key,Station Name,Station Geometry,diff,bike-out more than bike-in
2,Dauphin Ave & 103rd St,POINT (-87.607662678 41.707250368),0.0,False
3,Cottage Grove Ave & 111th Pl,POINT (-87.610001564 41.691709758),1.0,True
4,Vernon Ave & 107th St,POINT (-87.61225998399999 41.700121379),-2.0,False
5,Halsted St & 96th St,POINT (-87.643019557 41.719712184),-3.0,False
6,Greenwood Ave & 97th St,POINT (-87.597035766 41.718703155),3.0,True
8,Halsted St & 104th St,POINT (-87.64242410700001 41.705139789),0.0,False
10,Indiana Ave & 103rd St,POINT (-87.61847198 41.707170271),-8.0,False
11,State St & 123rd St,POINT (-87.622586489 41.670643837),4.0,True
12,Wentworth Ave & 104th St,POINT (-87.62921690899999 41.705307997),-3.0,False
13,Michigan Ave & 114th St,POINT (-87.621052265 41.687014795),-1.0,False
14,Eberhart Ave & 131st St,POINT (-87.610710897 41.658413151),-5.0,False
15,Stewart Ave & 83rd St,POINT (-87.63408800000001 41.743717),2.0,True
16,Prospect Sq & 91st St,POINT (-87.66752390000001 41.7282338),-1.0,False
17,Ashland Ave & 78th St,POINT (-87.663699389 41.752204849),5.0,True
18,Halsted St & 78th St,POINT (-87.64390215700001 41.752487012),-9.0,False
19,Loomis Blvd & 84th St,POINT (-87.65841007200001 41.741486529),-4.0,False
20,Summit Ave & 86th St,POINT (-87.64489978600001 41.737848477),-5.0,False
21,Elizabeth St & 92nd St,POINT (-87.654290199 41.726798964),-2.0,False
22,Eggleston Ave & 92nd St,POINT (-87.634828091 41.727575659),-9.0,False
23,Vincennes Ave & 75th St,POINT (-87.63121 41.75797),0.0,False
24,Shedd Aquarium,POINT (-87.61535539 41.867225957),477.0,True
25,Michigan Ave & 14th St,POINT (-87.623727 41.864059),-1000.0,False
26,Indiana Ave & Roosevelt Rd,POINT (-87.623041 41.867888),-1856.0,False
27,Wabash Ave & 16th St,POINT (-87.62581299999999 41.860384),-615.0,False
28,Delano Ct & Roosevelt Rd,POINT (-87.63219000000001 41.86749099999999),24.0,True
29,Adler Planetarium,POINT (-87.60726700000001 41.866095),474.0,True
30,Wabash Ave & Roosevelt Rd,POINT (-87.625961 41.867227),-1327.0,False
31,Wabash Ave & 9th St,POINT (-87.62573399999999 41.870769),-828.0,False
32,Field Museum,POINT (-87.617867 41.865312),62.0,True
33,State St & Harrison St,POINT (-87.62771600000001 41.874053),-323.0,False
34,Michigan Ave & 8th St,POINT (-87.623981 41.872773),-382.0,False
35,Clark St & 9th St (AMLI),POINT (-87.63124599999999 41.870816),-492.0,False
36,Michigan Ave & Ida B Wells Dr,POINT (-87.624426 41.876243),320.0,True
37,Wells St & Polk St,POINT (-87.63350200000001 41.872596),-714.0,False
38,Dearborn St & Van Buren St,POINT (-87.62915500000001 41.876268),-5.0,False
39,Buckingham Fountain,POINT (-87.62054800999999 41.876511229),139.0,True
40,Federal St & Polk St,POINT (-87.62954377299999 41.872077633),-954.0,False
41,Clark St & Ida B Wells Dr,POINT (-87.630584536 41.875932666),195.0,True
42,Financial Pl & Ida B Wells Dr,POINT (-87.63309404299999 41.875023628),-174.0,False
43,Clark St & Elmdale Ave,POINT (-87.66983360100001 41.990517556),-114.0,False
44,Broadway & Ridge Ave,POINT (-87.66027382899999 41.984044611),-224.0,False
45,Clark St & Bryn Mawr Ave,POINT (-87.66915400000001 41.983593),-278.0,False
46,Broadway & Thorndale Ave,POINT (-87.66014062100001 41.989742511),-472.0,False
47,Lakefront Trail & Bryn Mawr Ave,POINT (-87.652310469 41.984036696),-184.0,False
48,Broadway & Granville Ave,POINT (-87.660284535 41.994779688),-365.0,False
49,Damen Ave & Walnut (Lake) St,POINT (-87.677009 41.885951),124.0,True
50,Kedzie Ave & Chicago Ave,POINT (-87.706127884 41.895465303),-47.0,False
51,Smith Park,POINT (-87.689397 41.892048),-140.0,False
52,Western Ave & Fillmore St,POINT (-87.686234 41.868563),-290.0,False
53,Damen Ave & Chicago Ave,POINT (-87.67721999999999 41.895769),-623.0,False
54,Damen Ave & Madison St,POINT (-87.67493 41.88137),-59.0,False
55,Ashland Ave & Lake St,POINT (-87.66717 41.88592),24.0,True
56,Wood St & Taylor St (Temp),POINT (-87.67373085 41.869265218),972.0,True
57,Leavitt St & Chicago Ave,POINT (-87.682017 41.895501),-543.0,False
58,Fairfield Ave & Roosevelt Rd,POINT (-87.69452099999999 41.866624),-22.0,False
59,Hermitage Ave & Polk St,POINT (-87.66988600000001 41.871514),574.0,True
60,Wolcott Ave & Polk St,POINT (-87.673688 41.871262),809.0,True
61,Paulina St & Flournoy St,POINT (-87.66913000000001 41.87295),1344.0,True
62,Ogden Ave & Congress Pkwy,POINT (-87.67328000000001 41.87501),337.0,True
63,Malcolm X College,POINT (-87.673895 41.877618),59.0,True
64,California Ave & Lake St,POINT (-87.69629813700001 41.884453957),-47.0,False
65,Sacramento Blvd & Franklin Blvd,POINT (-87.70260751200001 41.890468792),20.0,True
66,Western Ave & Monroe St,POINT (-87.68611280799999 41.879787709),-219.0,False
67,Artesian Ave & Hubbard St,POINT (-87.68821936499999 41.88949182),21.0,True
68,Western Ave & Congress Pkwy,POINT (-87.686445276 41.874748851),-256.0,False
69,Kedzie Ave & Harrison St,POINT (-87.70487074899999 41.873599675),-12.0,False
70,Ashland Ave & 74th St,POINT (-87.663474083 41.759236024),-10.0,False
71,Ashland Ave & 66th St,POINT (-87.663815 41.774074),-2.0,False
72,Damen Ave & 59th St,POINT (-87.67416700000001 41.78602),17.0,True
73,Ashland Ave & Garfield Blvd,POINT (-87.664429 41.79282199999999),-2.0,False
74,Marshfield Ave & 59th St,POINT (-87.66621500000001 41.786833),3.0,True
75,Ashland Ave & 63rd St,POINT (-87.664843 41.779374),-14.0,False
76,Elizabeth St & 59th St,POINT (-87.65585899999999 41.786691),2.0,True
77,Stewart Ave & 63rd St,POINT (-87.63477399999999 41.779835),4.0,True
78,Carpenter St & 63rd St,POINT (-87.65091899999999 41.77987),3.0,True
79,Eggleston Ave & 69th St,POINT (-87.635876 41.768898),-9.0,False
80,Halsted St & 73rd St,POINT (-87.64416097700001 41.761605438),2.0,True
81,May St & 69th St,POINT (-87.652934 41.768938),-5.0,False
82,Racine Ave & 65th St,POINT (-87.654308 41.775393),2.0,True
83,Halsted St & 59th St,POINT (-87.644874 41.787539),3.0,True
84,Racine Ave & 61st St,POINT (-87.654372 41.783189),-3.0,False
85,Halsted St & 56th St,POINT (-87.644990057 41.792929646),0.0,False
86,Halsted St & 63rd St,POINT (-87.644620815 41.779381142),14.0,True
87,Wentworth Ave & 63rd St,POINT (-87.629746305 41.780079633),0.0,False
88,Halsted St & 69th St,POINT (-87.64461357799999 41.76906172),8.0,True
89,Perry Ave & 69th St,POINT (-87.628195929 41.76929309),-5.0,False
90,Oglesby Ave & 100th St,POINT (-87.565841675 41.713397484),-6.0,False
92,East End Ave & 87th St,POINT (-87.58280128200001 41.736815214),7.0,True
93,Baltimore Ave & 87th St,POINT (-87.54851460499999 41.7373356),-3.0,False
94,Ewing Ave & Burnham Greenway,POINT (-87.53481388100001 41.712748761),-1.0,False
95,Houston Ave & 92nd St,POINT (-87.549700141 41.728204215),2.0,True
96,Big Marsh Park,POINT (-87.573823929 41.685877056),-3.0,False
97,Marquette Ave & 89th St,POINT (-87.55834221799999 41.733668791),-5.0,False
98,Bradley Park,POINT (-87.564591765 41.717878302),-2.0,False
99,Torrence Ave & 106th St,POINT (-87.559726238 41.70280085),-1.0,False
100,Clyde Ave & 87th St,POINT (-87.57274031600001 41.737151464),1.0,True
101,Constance Ave & 95th St,POINT (-87.578968406 41.722290741),1.0,True
102,Avenue O & 118th St,POINT (-87.53793122299999 41.681001459),0.0,False
103,Burnham Greenway & 105th St,POINT (-87.52823174 41.70457508699999),2.0,True
104,Phillips Ave & 83rd St,POINT (-87.56506 41.744531),-10.0,False
105,Exchange Ave & 79th St,POINT (-87.552812 41.751731),-5.0,False
106,Stony Island Ave & South Chicago Ave,POINT (-87.585337 41.751173),11.0,True
107,South Chicago Ave & 83rd St,POINT (-87.575225 41.743921),2.0,True
108,South Chicago Ave & Elliot Ave,POINT (-87.580046 41.747363),-5.0,False
109,Commercial Ave & 83rd St,POINT (-87.551208 41.744615),-17.0,False
110,State St & 54th St,POINT (-87.625923 41.796642),8.0,True
111,Union Ave & Root St,POINT (-87.64327800000001 41.819102),9.0,True
112,Racine Ave & Garfield Blvd,POINT (-87.655073 41.794228),-34.0,False
113,Western Blvd & 48th Pl,POINT (-87.683392 41.805661),11.0,True
114,Elizabeth St & 47th St,POINT (-87.656526 41.80839),2.0,True
115,Archer (Damen) Ave & 37th St,POINT (-87.683144 41.826712),-11.0,False
116,Damen Ave & 51st St,POINT (-87.674684 41.800908),-17.0,False
117,Throop St & 52nd St,POINT (-87.657195 41.79965900000001),-8.0,False
118,Princeton Ave & Garfield Blvd,POINT (-87.633124 41.794982),-4.0,False
119,Halsted St & 37th St,POINT (-87.64572 41.82705900000001),-69.0,False
120,Wentworth Ave & 35th St,POINT (-87.632504 41.830777),41.0,True
121,Marshfield Ave & 44th St,POINT (-87.666589 41.813996),-22.0,False
122,Halsted St & 35th St,POINT (-87.647172 41.830661),-50.0,False
123,Damen Ave & Pershing Rd,POINT (-87.676597 41.823192),16.0,True
124,Seeley Ave & Garfield Blvd,POINT (-87.675478 41.794087),14.0,True
125,Morgan St & Pershing Rd,POINT (-87.650931 41.823613),14.0,True
126,Hoyne Ave & 47th St,POINT (-87.67718000000001 41.808227),22.0,True
127,Wallace St & 35th St,POINT (-87.64129 41.83062899999999),-123.0,False
128,Ashland Ave & McDowell Ave,POINT (-87.66454 41.80887),12.0,True
129,Ashland Ave & 50th St,POINT (-87.664699 41.803023),-2.0,False
130,Ashland Ave & Pershing Rd,POINT (-87.665577 41.823465),-12.0,False
131,Wood St & 35th St,POINT (-87.670298309 41.830104654),-81.0,False
132,Halsted St & 51st St,POINT (-87.645213904 41.80183164),-18.0,False
133,State St & Pershing Rd,POINT (-87.62656801799999 41.823015238),21.0,True
134,Shields Ave & 43rd St,POINT (-87.63481935 41.816207679),7.0,True
135,Halsted St & 47th Pl,POINT (-87.645616554 41.808133915),6.0,True
136,Princeton Ave & 47th St,POINT (-87.63344928799999 41.809317709),-10.0,False
137,Leavitt St & Archer Ave,POINT (-87.68060445899999 41.82879202),-26.0,False
138,Eberhart Ave & 91st St,POINT (-87.611829489 41.729267142),-4.0,False
139,Michigan Ave & 71st St,POINT (-87.621748 41.765286),-23.0,False
140,State St & 95th St,POINT (-87.62285440000001 41.7218499),22.0,True
141,Dauphin Ave & 87th St,POINT (-87.60125756299999 41.73655902300001),4.0,True
142,Greenwood Ave & 91st St,POINT (-87.59729862200001 41.728264268),-4.0,False
143,Stony Island Ave & 90th St,POINT (-87.585743666 41.73139494300001),-1.0,False
144,Wabash Ave & 83rd St,POINT (-87.622849 41.743316),-11.0,False
145,Ellis Ave & 83rd St,POINT (-87.599034 41.74412299999999),-15.0,False
146,Wabash Ave & 87th St,POINT (-87.62263399999999 41.736646),-14.0,False
147,Vernon Ave & 79th St,POINT (-87.61379000000001 41.75094),4.0,True
148,MLK Jr Dr & 83rd St,POINT (-87.6148 41.743116),-3.0,False
149,Cottage Grove Ave & 78th St,POINT (-87.605026 41.753174),-4.0,False
150,Greenwood Ave & 79th St,POINT (-87.59755200000001 41.751294),-8.0,False
151,Vernon Ave & 75th St,POINT (-87.614138 41.758361),-22.0,False
152,Stony Island Ave & 82nd St,POINT (-87.586005 41.746559),-11.0,False
153,Evans Ave & 75th St,POINT (-87.60641 41.75849),19.0,True
154,Cottage Grove Ave & 83rd St,POINT (-87.60483599999999 41.743441),-4.0,False
155,Cottage Grove Ave & 71st St,POINT (-87.60495971299999 41.765719037),1.0,True
156,Woodlawn Ave & 75th St,POINT (-87.59575100000001 41.75915999999999),1.0,True
157,State St & 79th St,POINT (-87.624424 41.750794),13.0,True
158,State St & 76th St,POINT (-87.62462099999999 41.756971),2.0,True
159,Stony Island Ave & 75th St,POINT (-87.586882871 41.75866967),-57.0,False
160,Calumet Ave & 71st St,POINT (-87.616917925 41.765508006),8.0,True
161,Ellis Ave & 53rd St,POINT (-87.600958115 41.799336263),-333.0,False
162,Lake Park Ave & 53rd St,POINT (-87.586449896 41.799494294),-254.0,False
163,Kimbark Ave & 53rd St,POINT (-87.594747 41.799568),-485.0,False
164,Prairie Ave & Garfield Blvd,POINT (-87.618691 41.794853),19.0,True
165,Cottage Grove Ave & 51st St,POINT (-87.60661500000001 41.803038),-126.0,False
166,Lake Park Ave & 47th St,POINT (-87.591875 41.809443),-47.0,False
167,Cornell Ave & Hyde Park Blvd,POINT (-87.586924 41.802406),-679.0,False
168,Woodlawn Ave & 55th St,POINT (-87.59647099999999 41.795264),-147.0,False
169,Blackstone Ave & Hyde Park Blvd,POINT (-87.59036800000001 41.802562),-317.0,False
170,Dorchester Ave & 49th St,POINT (-87.59246400000001 41.805772),-106.0,False
171,Calumet Ave & 51st St,POINT (-87.61805357999999 41.802294651),-11.0,False
172,Hoyne Ave & Balmoral Ave,POINT (-87.68193199999999 41.979851),-55.0,False
173,Damen Ave & Sunnyside Ave,POINT (-87.67925799999999 41.96325),-6.0,False
174,Lincoln Ave & Sunnyside Ave,POINT (-87.684781 41.963004),-90.0,False
175,Washtenaw Ave & Lawrence Ave,POINT (-87.696027 41.968987),-188.0,False
176,Kedzie Ave & Foster Ave,POINT (-87.709261 41.975672),-58.0,False
177,Manor Ave & Leland Ave,POINT (-87.70082499999999 41.965875),-60.0,False
178,Leavitt St & Lawrence Ave,POINT (-87.68400099999999 41.968885),-195.0,False
179,Western Ave & Leland Ave,POINT (-87.688418627 41.966494532),-55.0,False
180,Francisco Ave & Foster Ave,POINT (-87.70141943899999 41.975632725),52.0,True
181,Damen Ave & Foster Ave,POINT (-87.67945903899999 41.975614805),-172.0,False
182,St. Louis Ave & Balmoral Ave,POINT (-87.716114961 41.980394235),-39.0,False
183,Lincoln Ave & Winona St,POINT (-87.69250255899999 41.974911297),-156.0,False
184,Christiana Ave & Lawrence Ave,POINT (-87.711830667 41.968354494),-82.0,False
185,Kedzie Ave & Leland Ave,POINT (-87.708051981 41.966686362),-9.0,False
186,Rockwell St & Eastwood Ave,POINT (-87.693638494 41.96590014),-146.0,False
187,Campbell Ave & Montrose Ave,POINT (-87.691165041 41.961525933),-190.0,False
188,Kedzie Ave & Bryn Mawr Ave,POINT (-87.70892252 41.982397085),-44.0,False
189,Drake Ave & Montrose Ave,POINT (-87.71656907299999 41.961154076),-85.0,False
190,Central Park Ave & Bloomingdale Ave,POINT (-87.71675500000001 41.91416599999999),-130.0,False
191,California Ave & Altgeld St,POINT (-87.69766800000001 41.92669),-294.0,False
192,California Ave & Milwaukee Ave,POINT (-87.697153 41.922695),-454.0,False
193,Kedzie Ave & Milwaukee Ave,POINT (-87.70785699999999 41.929567),-540.0,False
194,Leavitt St & North Ave,POINT (-87.68238902100001 41.910509367),-321.0,False
195,Damen Ave & Charleston St,POINT (-87.67785500000001 41.920082),-340.0,False
196,Western Ave & Winnebago Ave,POINT (-87.687022 41.91552),-337.0,False
197,Stave St & Armitage Ave,POINT (-87.69139200000001 41.917741),-188.0,False
198,Milwaukee Ave & Rockwell St,POINT (-87.69265919899999 41.920195562),-22.0,False
199,Kedzie Ave & Palmer Ct,POINT (-87.70732199999999 41.921525),-294.0,False
200,California Ave & North Ave,POINT (-87.6972 41.91044),-65.0,False
201,Leavitt St & Armitage Ave,POINT (-87.68243699999999 41.917805),-235.0,False
202,Campbell Ave & North Ave,POINT (-87.68955600000001 41.910535),-349.0,False
203,Logan Blvd & Elston Ave,POINT (-87.684158 41.929465),-54.0,False
204,Milwaukee Ave & Wabansia Ave,POINT (-87.681391 41.912616),-208.0,False
205,California Ave & Francis Pl (Temp),POINT (-87.69742280200001 41.918491154),-238.0,False
206,Kosciuszko Park,POINT (-87.723777364 41.930585371),-265.0,False
207,Campbell Ave & Fullerton Ave,POINT (-87.68930700600001 41.924632472),-157.0,False
208,Spaulding Ave & Armitage Ave,POINT (-87.710220963 41.917108035),-242.0,False
209,Humboldt Blvd & Armitage Ave,POINT (-87.701808955 41.917513394),-326.0,False
210,St. Louis Ave & Fullerton Ave,POINT (-87.71449506299999 41.924815597),-428.0,False
211,Richmond St & Diversey Ave,POINT (-87.70119513 41.931901969),-150.0,False
212,Albany Ave & Bloomingdale Ave,POINT (-87.70512646200001 41.914026713),-129.0,False
213,Dorchester Ave & 63rd St,POINT (-87.591415989 41.780405646),-49.0,False
214,Lake Park Ave & 56th St,POINT (-87.58778199999999 41.793242),-256.0,False
215,Shore Dr & 55th St,POINT (-87.580715 41.795212),-361.0,False
216,Rhodes Ave & 71st St,POINT (-87.611726 41.76600000000001),3.0,True
217,University Ave & 57th St,POINT (-87.599861 41.79147800000001),541.0,True
218,Cottage Grove Ave & 67th St,POINT (-87.60563486 41.773720952),-21.0,False
219,Ellis Ave & 58th St,POINT (-87.60133399999999 41.788746),453.0,True
220,Stony Island Ave & 64th St,POINT (-87.586647 41.778881),-21.0,False
221,63rd St Beach,POINT (-87.57611976 41.781016372),-1.0,False
222,Stony Island Ave & 71st St,POINT (-87.586460878 41.766492937),-17.0,False
223,Ellis Ave & 55th St,POINT (-87.601449773 41.794300621),148.0,True
224,Cottage Grove Ave & 63rd St,POINT (-87.60583609299999 41.780600945),-55.0,False
225,DuSable Museum,POINT (-87.60785217700001 41.791568011),43.0,True
226,Eberhart Ave & 61st St,POINT (-87.61330783 41.784141693),-54.0,False
227,Harper Ave & 59th St,POINT (-87.58831517 41.787942813),-38.0,False
228,Ellis Ave & 60th St,POINT (-87.601072761 41.785097146),-367.0,False
229,MLK Jr Dr & 56th St,POINT (-87.615853262 41.79342945699999),-33.0,False
230,MLK Jr Dr & 63rd St,POINT (-87.61594285700001 41.780080637),-14.0,False
231,Museum of Science and Industry,POINT (-87.58394500899999 41.79172821),-115.0,False
233,Damen Ave & Clybourn Ave,POINT (-87.67785600000001 41.931931),-101.0,False
234,Clark St & Armitage Ave,POINT (-87.63628199999999 41.918306),-646.0,False
235,Clark St & Drummond Pl,POINT (-87.644336 41.931248),-281.0,False
236,Clark St & North Ave,POINT (-87.63194200000001 41.911974),-617.0,False
237,Larrabee St & Webster Ave,POINT (-87.64414000000001 41.921822),-552.0,False
238,Halsted St & Dickens Ave,POINT (-87.64883 41.919936),-541.0,False
239,Sedgwick St & Webster Ave,POINT (-87.63888799999999 41.922167),-669.0,False
240,Sheffield Ave & Wrightwood Ave,POINT (-87.65383299999999 41.928712),-181.0,False
241,Racine Ave & Wrightwood Ave,POINT (-87.65897099999999 41.928887),-346.0,False
242,Wells St & Concord Ln,POINT (-87.63465600000001 41.912133),-668.0,False
243,Lake Shore Dr & North Blvd,POINT (-87.62680400000001 41.911722),-610.0,False
244,Lincoln Ave & Fullerton Ave,POINT (-87.64926 41.925905),-201.0,False
245,Clifton Ave & Armitage Ave,POINT (-87.656936 41.91821599999999),-176.0,False
246,Halsted St & Wrightwood Ave,POINT (-87.64907700000001 41.929143),-314.0,False
247,Lincoln Ave & Diversey Pkwy,POINT (-87.65861700000001 41.932225),-248.0,False
248,Sedgwick St & North Ave,POINT (-87.638677 41.911386),-569.0,False
249,Southport Ave & Wrightwood Ave,POINT (-87.66391299999999 41.928773),-313.0,False
250,Lakeview Ave & Fullerton Pkwy,POINT (-87.63897299999999 41.92585800000001),-703.0,False
251,Lake Shore Dr & Diversey Pkwy,POINT (-87.636427 41.932588),-92.0,False
252,Theater on the Lake,POINT (-87.63083399999999 41.926277),798.0,True
253,Bissell St & Armitage Ave,POINT (-87.65222 41.91844),-667.0,False
254,Ashland Ave & Wrightwood Ave,POINT (-87.66850699999999 41.92883),-431.0,False
255,Halsted St & Willow St,POINT (-87.64875500000001 41.913865),-252.0,False
256,Sheffield Ave & Willow St,POINT (-87.652855 41.913688),-12.0,False
257,Larrabee St & Menomonee St,POINT (-87.64331999999999 41.91468),-211.0,False
258,Sheffield Ave & Webster Ave,POINT (-87.653818 41.92154),-433.0,False
259,Clark St & Wrightwood Ave,POINT (-87.643118 41.929546),-799.0,False
260,Stockton Dr & Wrightwood Ave,POINT (-87.63874200000001 41.93132),-504.0,False
261,Clark St & Lincoln Ave,POINT (-87.63460000000001 41.915689),-514.0,False
262,Larrabee St & Armitage Ave,POINT (-87.643749 41.918084),-295.0,False
263,Greenview Ave & Fullerton Ave,POINT (-87.6658 41.92533),-275.0,False
264,Southport Ave & Clybourn Ave,POINT (-87.663712 41.920771),-33.0,False
265,Wilton Ave & Diversey Pkwy,POINT (-87.65270500000001 41.932418),-156.0,False
266,Racine Ave & Fullerton Ave,POINT (-87.65840426 41.92556258),-198.0,False
267,Cannon Dr & Fullerton Ave,POINT (-87.634428785 41.926755988),105.0,True
268,Winchester Ave & Elston Ave,POINT (-87.67646007499999 41.92409085),38.0,True
269,Sheffield Ave & Fullerton Ave,POINT (-87.65370804200001 41.925601882),294.0,True
270,Lincoln Park Conservatory,POINT (-87.635824531 41.923931311),-128.0,False
272,Clark St & Newport St,POINT (-87.654678 41.94454),-608.0,False
273,Southport Ave & Belmont Ave,POINT (-87.663747668 41.93947775),-299.0,False
274,Broadway & Barry Ave,POINT (-87.644097805 41.937582316),-635.0,False
275,Lake Shore Dr & Belmont Ave,POINT (-87.63919200000001 41.940775),-659.0,False
276,Broadway & Belmont Ave,POINT (-87.64545099999999 41.940106),-527.0,False
277,Broadway & Cornelia Ave,POINT (-87.646439 41.945529),-1183.0,False
278,Wilton Ave & Belmont Ave,POINT (-87.65304 41.94018),-877.0,False
279,Sheffield Ave & Wellington Ave,POINT (-87.65266200000001 41.936266),-685.0,False
280,Halsted St & Roscoe St,POINT (-87.64895 41.94367),-676.0,False
281,Lincoln Ave & Addison St,POINT (-87.67330799999999 41.946176),-163.0,False
282,Lincoln Ave & Roscoe St,POINT (-87.67097 41.94334),-311.0,False
283,Ashland Ave & Wellington Ave,POINT (-87.66980699999999 41.936083),-78.0,False
284,Lincoln Ave & Belmont Ave,POINT (-87.668385 41.939365),48.0,True
285,Southport Ave & Roscoe St,POINT (-87.66401999999999 41.943739),-782.0,False
286,Burling St & Diversey Pkwy,POINT (-87.64775999999999 41.93314),-386.0,False
287,Southport Ave & Wellington Ave,POINT (-87.66357600000001 41.935733),-424.0,False
288,Racine Ave & Belmont Ave,POINT (-87.65886500000001 41.939743),-504.0,False
289,Clark St & Wellington Ave,POINT (-87.64753865799999 41.936496822),-461.0,False
290,Greenview Ave & Diversey Pkwy,POINT (-87.665936351 41.932589634),-299.0,False
291,Lake Shore Dr & Wellington Ave,POINT (-87.63682901899999 41.936688449),-539.0,False
292,Bernard St & Elston Ave,POINT (-87.713949 41.949923),-33.0,False
293,Leavitt St & Belmont Ave,POINT (-87.68328199999999 41.93935399999999),-242.0,False
294,Albany Ave & Montrose Ave,POINT (-87.705866 41.96104099999999),-95.0,False
295,Drake Ave & Addison St,POINT (-87.71758199999999 41.947326),13.0,True
296,California Ave & Montrose Ave,POINT (-87.69543900000001 41.961068),-57.0,False
297,Western Ave & Roscoe St,POINT (-87.687288 41.943034),-70.0,False
298,Kimball Ave & Belmont Ave,POINT (-87.711561 41.939398),-72.0,False
299,Avers Ave & Belmont Ave,POINT (-87.723574 41.939408),-173.0,False
300,Lincoln Ave & Belle Plaine Ave,POINT (-87.680161446 41.956003551),-266.0,False
301,Damen Ave & Wellington Ave,POINT (-87.67841999999999 41.93588),-227.0,False
302,Seeley Ave & Roscoe St,POINT (-87.679618 41.943403),-124.0,False
303,Leavitt St & Addison St,POINT (-87.683359 41.946655),-50.0,False
304,Damen Ave & Melrose Ave,POINT (-87.6785 41.9406),-162.0,False
305,Monticello Ave & Irving Park Rd,POINT (-87.71912818 41.954004839),-50.0,False
306,Sawyer Ave & Irving Park Rd,POINT (-87.7093108 41.953586179),-113.0,False
307,Oakley Ave & Irving Park Rd,POINT (-87.686079624 41.954340852),18.0,True
308,California Ave & Byron St,POINT (-87.69805111299999 41.952162193),-37.0,False
309,Troy St & Elston Ave,POINT (-87.70664990100001 41.945243568),-128.0,False
310,Talman Ave & Addison St,POINT (-87.69461475799999 41.946635831),-20.0,False
311,California Ave & Fletcher St,POINT (-87.69800775600001 41.938428791),-290.0,False
312,Central Park Ave & Elbridge Ave,POINT (-87.716889294 41.935337283),-108.0,False
313,Wood St & Chicago Ave,POINT (-87.67206899999999 41.895634),-391.0,False
314,Leavitt St & Division St,POINT (-87.683825 41.902997),-103.0,False
315,Paulina Ave & North Ave,POINT (-87.67007199999999 41.910337),-421.0,False
316,Damen Ave & Division St,POINT (-87.67843499999999 41.903266),-196.0,False
317,Ashland Ave & Chicago Ave,POINT (-87.66774699999999 41.89596599999999),-393.0,False
318,Wood St & Milwaukee Ave,POINT (-87.672552 41.907655),-492.0,False
319,California Ave & Division St,POINT (-87.697474 41.903029),-123.0,False
320,Wood St & Augusta Blvd,POINT (-87.6722 41.899181),-286.0,False
321,Damen Ave & Grand Ave,POINT (-87.67684221299999 41.891264346),-148.0,False
322,Damen Ave & Cortland St,POINT (-87.677335 41.915983),-576.0,False
323,Western Ave & Division St,POINT (-87.687275 41.902893),-220.0,False
324,Claremont Ave & Hirsch St,POINT (-87.68585400000001 41.907781),-146.0,False
325,Walsh Park,POINT (-87.667968 41.91461),78.0,True
326,Marshfield Ave & Cortland St,POINT (-87.668879 41.916017),72.0,True
327,Damen Ave & Thomas St (Augusta Blvd),POINT (-87.677409 41.901315),-461.0,False
328,Wood St & Hubbard St,POINT (-87.67147299999999 41.889899),70.0,True
329,Ashland Ave & Augusta Blvd,POINT (-87.6677 41.899643),-305.0,False
330,Honore St & Division St,POINT (-87.673935 41.903119),-375.0,False
331,California Ave & Cortez St,POINT (-87.696704 41.900363),-144.0,False
332,Ashland Ave & Division St,POINT (-87.66774699999999 41.90345),-743.0,False
333,Western Ave & Walton St,POINT (-87.68659601600001 41.898417689),-509.0,False
334,Damen Ave & Pierce Ave,POINT (-87.67769192899999 41.909396007),-582.0,False
335,Troy St & North Ave,POINT (-87.70528048700001 41.909769302),-71.0,False
337,Orleans St & Elm St,POINT (-87.637715 41.902924),-318.0,False
338,Wells St & Elm St,POINT (-87.63432399999999 41.903222),-878.0,False
339,Dearborn Pkwy & Delaware Pl,POINT (-87.629912 41.898969),-213.0,False
340,Clark St & Schiller St,POINT (-87.631501 41.907993),-968.0,False
341,State St & Pearson St,POINT (-87.628722 41.897448),-8.0,False
342,Halsted St & Clybourn Ave,POINT (-87.648128 41.909668),189.0,True
343,Clybourn Ave & Division St,POINT (-87.640552 41.904613),-370.0,False
344,Orleans St & Chestnut St (NEXT Apts),POINT (-87.637536 41.898203),-82.0,False
345,Clark St & Elm St,POINT (-87.63128 41.902973),-1909.0,False
346,Ritchie Ct & Banks St,POINT (-87.62621700000001 41.906866),-900.0,False
347,Larrabee St & Kingsbury St,POINT (-87.642884 41.897764),482.0,True
348,Larrabee St & North Ave,POINT (-87.6435 41.91021),-268.0,False
349,Wells St & Walton St,POINT (-87.63443006999999 41.89993001),72.0,True
350,Wells St & Evergreen Ave,POINT (-87.63483000000001 41.906724),-686.0,False
351,Clark St & Chicago Ave,POINT (-87.63089000000001 41.89675),-19.0,False
352,Sedgwick St & Schiller St,POINT (-87.638566 41.907626),-357.0,False
353,Franklin St & Chicago Ave,POINT (-87.63566762200001 41.896746973),173.0,True
354,Larrabee St & Division St,POINT (-87.643353494 41.90348607),31.0,True
355,Larrabee St & Oak St,POINT (-87.64298546799999 41.900219493),-142.0,False
357,Ada St & 113th St,POINT (-87.655475736 41.687561623),2.0,True
358,Vincennes Ave & 104th St,POINT (-87.65686811 41.704925565),1.0,True
359,Hale Ave & 107th St,POINT (-87.66891896700001 41.699206168),2.0,True
360,Walden Pkwy & 100th St,POINT (-87.667733431 41.712164104),0.0,False
361,Halsted St & 111th St,POINT (-87.64261186100001 41.692262556),-1.0,False
362,Major Taylor Trail & 115th St,POINT (-87.645288706 41.684931595),-3.0,False
363,Racine Ave & Washington Blvd,POINT (-87.656952 41.883073),-104.0,False
364,Canal St & Taylor St,POINT (-87.63947399999999 41.870257),41.0,True
365,May St & Taylor St,POINT (-87.6554864 41.8694821),-394.0,False
366,Racine Ave & Randolph St,POINT (-87.656853 41.884069),67.0,True
367,Canal St & Harrison St,POINT (-87.639573 41.874255),77.0,True
368,Halsted St & Roosevelt Rd,POINT (-87.648625 41.867324),350.0,True
369,Green St & Madison St,POINT (-87.64878900000001 41.881892),-917.0,False
370,900 W Harrison St,POINT (-87.649807 41.874754),29.0,True
371,Aberdeen St & Monroe St,POINT (-87.655519 41.880419),-333.0,False
372,Aberdeen St & Jackson Blvd,POINT (-87.65478743 41.87772613),-113.0,False
373,Loomis St & Lexington St,POINT (-87.661501 41.872187),-715.0,False
374,Loomis St & Jackson Blvd,POINT (-87.66200699999999 41.877945),-339.0,False
375,Sangamon St & Washington Blvd,POINT (-87.6511 41.88316500000001),-341.0,False
376,Ada St & Washington Blvd,POINT (-87.66120600000001 41.88283),-257.0,False
377,Halsted St & Polk St,POINT (-87.64664 41.87184),423.0,True
378,Aberdeen St & Randolph St,POINT (-87.654264 41.884114),-118.0,False
379,Morgan St & Polk St,POINT (-87.65103000000001 41.871737),-30.0,False
380,Clinton St & Tilden St,POINT (-87.640795 41.875885),49.0,True
381,Racine Ave & Congress Pkwy,POINT (-87.65703000000001 41.87464),-74.0,False
382,Throop St & Taylor St,POINT (-87.65914100000001 41.868968),-280.0,False
383,Green St & Randolph St,POINT (-87.64867 41.883668),-67.0,False
384,Peoria St & Jackson Blvd,POINT (-87.649617791 41.877641596),-470.0,False
385,Clinton St & Polk St,POINT (-87.64094913299999 41.87146651800001),59.0,True
386,Elizabeth (May) St & Fulton St,POINT (-87.658039927 41.886616486),82.0,True
387,Clinton St & Roosevelt Rd,POINT (-87.64108795899999 41.867117783),183.0,True
388,Morgan St & Lake St,POINT (-87.652304856 41.885483308),-411.0,False
389,Avenue O & 134th St,POINT (-87.539671361 41.651867802),1.0,True
390,Commercial Ave & 130th St,POINT (-87.550762296 41.659150428),0.0,False
391,Torrence Ave & 126th Pl,POINT (-87.55721569100001 41.666312008),1.0,True
394,Lawndale Ave & 111th St,POINT (-87.71288573700001 41.69131919199999),0.0,False
395,Ravenswood Ave & Berteau Ave,POINT (-87.67356700000001 41.957921),-33.0,False
396,Clarendon Ave & Gordon Ter,POINT (-87.64962851999999 41.958472876),-610.0,False
397,Southport Ave & Waveland Ave,POINT (-87.66394 41.94815),-726.0,False
398,Ravenswood Ave & Irving Park Rd,POINT (-87.67393 41.95469),127.0,True
399,Wolcott (Ravenswood) Ave & Montrose Ave,POINT (-87.67616899999999 41.961406),-190.0,False
400,Clark St & Grace St,POINT (-87.659172 41.95078),-419.0,False
401,Lincoln Ave & Waveland Ave,POINT (-87.67527800000001 41.948797),-134.0,False
402,Southport Ave & Clark St,POINT (-87.664199 41.957081),-50.0,False
403,Ashland Ave & Belle Plaine Ave,POINT (-87.668835 41.956057),-106.0,False
404,Paulina St & Montrose Ave,POINT (-87.671387 41.961507),-121.0,False
405,Broadway & Waveland Ave,POINT (-87.648636 41.949074),-342.0,False
406,Southport Ave & Irving Park Rd,POINT (-87.66435799999999 41.954177),-176.0,False
407,Ashland Ave & Grace St,POINT (-87.6687 41.950687),-96.0,False
408,Sheridan Rd & Irving Park Rd,POINT (-87.65440600000001 41.954245),-247.0,False
409,Sheridan Rd & Montrose Ave,POINT (-87.65464 41.96167),-576.0,False
410,Sheridan Rd & Buena Ave,POINT (-87.654966 41.958494),-669.0,False
411,Clark St & Montrose Ave,POINT (-87.66603600000001 41.961588),-236.0,False
412,Pine Grove Ave & Waveland Ave,POINT (-87.64645278499999 41.949472741),-408.0,False
413,Pine Grove Ave & Irving Park Rd,POINT (-87.648043 41.954383),-666.0,False
414,Clarendon Ave & Junior Ter,POINT (-87.649603 41.961004),-345.0,False
415,Broadway & Sheridan Rd,POINT (-87.64999300000001 41.952833),-319.0,False
416,Sheffield Ave & Waveland Ave,POINT (-87.65452900000001 41.949399),-840.0,False
417,Montrose Harbor,POINT (-87.638181 41.963982),1058.0,True
418,Winchester (Ravenswood) Ave & Balmoral Ave,POINT (-87.67753 41.979762),-65.0,False
419,Winthrop Ave & Lawrence Ave,POINT (-87.657659 41.968812),-189.0,False
420,Broadway & Argyle St,POINT (-87.65966 41.973815),-267.0,False
421,Broadway & Wilson Ave,POINT (-87.65813900000001 41.965221),-333.0,False
422,Clarendon Ave & Leland Ave,POINT (-87.650001 41.967968),-121.0,False
423,Damen Ave & Leland Ave,POINT (-87.679028 41.967094),-239.0,False
424,Lakefront Trail & Wilson Ave,POINT (-87.64536099999999 41.965845),212.0,True
425,Marine Dr & Ainslie St,POINT (-87.650154 41.9716),-271.0,False
426,Ravenswood Ave & Lawrence Ave,POINT (-87.67423700000001 41.96909),83.0,True
427,Clark St & Leland Ave,POINT (-87.667429 41.96709600000001),-482.0,False
428,Clark St & Winnemac Ave,POINT (-87.66785547100001 41.97334764),-380.0,False
429,Broadway & Berwyn Ave,POINT (-87.65975300000001 41.97835300000001),-355.0,False
430,Sheridan Rd & Lawrence Ave,POINT (-87.654691 41.969517),-269.0,False
431,Clark St & Berwyn Ave,POINT (-87.668047105 41.977996654),-84.0,False
432,Fairbanks St & Superior St,POINT (-87.620104 41.895748),283.0,True
433,St. Clair St & Erie St,POINT (-87.622663 41.894448),2597.0,True
434,Streeter Dr & Grand Ave,POINT (-87.612043 41.892278),-560.0,False
435,State St & Kinzie St,POINT (-87.62775400000001 41.889187),112.0,True
436,Cityfront Plaza Dr & Pioneer Ct,POINT (-87.622072 41.890573),389.0,True
437,Mies van der Rohe Way & Chicago Ave,POINT (-87.62174300000001 41.89691),504.0,True
438,Rush St & Hubbard St,POINT (-87.62618499999999 41.890173),301.0,True
439,Wabash Ave & Grand Ave,POINT (-87.626761 41.89146599999999),-26.0,False
440,Michigan Ave & Oak St,POINT (-87.62377664 41.90096039),200.0,True
441,Michigan Ave & Pearson St,POINT (-87.62351 41.89765999999999),1004.0,True
442,New St & Illinois St,POINT (-87.618616819 41.890847041),-847.0,False
443,Mies van der Rohe Way & Chestnut St,POINT (-87.621915226 41.898586651),48.0,True
444,McClurg Ct & Erie St,POINT (-87.61785400000001 41.894503),563.0,True
445,Lake Shore Dr & Ohio St,POINT (-87.614492 41.89257),-576.0,False
446,Rush St & Cedar St,POINT (-87.62769052799999 41.902308701),-418.0,False
447,Fairbanks Ct & Grand Ave,POINT (-87.62058019600001 41.891847372),-432.0,False
448,Rush St & Superior St,POINT (-87.62590803299999 41.895764746),463.0,True
449,Latrobe Ave & Chicago Ave,POINT (-87.756895 41.894745),-12.0,False
450,Kenton Ave & Madison St,POINT (-87.74101800000001 41.880708),-5.0,False
451,Laramie Ave & Kinzie St,POINT (-87.755527 41.887832),13.0,True
452,Central Ave & Harrison St,POINT (-87.764499 41.872993),2.0,True
453,Cicero Ave & Flournoy St,POINT (-87.746619 41.872131),-12.0,False
454,Austin Blvd & Madison St,POINT (-87.77445300000001 41.880281),-12.0,False
455,Cicero Ave & Quincy St,POINT (-87.74540500000001 41.877613),-14.0,False
456,Laramie Ave & Madison St,POINT (-87.755337 41.880207),22.0,True
457,Central Ave & Lake St,POINT (-87.765469 41.887664),1.0,True
458,Cicero Ave & Lake St,POINT (-87.745261 41.886841),7.0,True
459,Central Ave & Madison St,POINT (-87.763238 41.880121),-15.0,False
460,Austin Blvd & Lake St,POINT (-87.774446 41.887919),-56.0,False
461,Laramie Ave & Gladys Ave,POINT (-87.755285 41.875806),-1.0,False
462,Canal St & Jackson Blvd,POINT (-87.63936600000001 41.877245),363.0,True
463,Wacker Dr & Washington St,POINT (-87.637321 41.883132),699.0,True
464,Canal St & Monroe St,POINT (-87.63953000000001 41.88169),176.0,True
465,Franklin St & Lake St,POINT (-87.63549999999999 41.885837),936.0,True
466,Franklin St & Monroe St,POINT (-87.63518499999999 41.880317),1357.0,True
467,Franklin St & Adams St (Temp),POINT (-87.63550400700001 41.879434091),467.0,True
468,Franklin St & Jackson Blvd,POINT (-87.63532114100001 41.877707956),508.0,True
469,Central Park Blvd & 5th Ave,POINT (-87.71547 41.875679),-14.0,False
470,Conservatory Dr & Lake St,POINT (-87.71686600000001 41.885502),-12.0,False
471,Karlov Ave & Madison St,POINT (-87.727907 41.88085),0.0,False
472,Pulaski Rd & Lake St,POINT (-87.72649100000001 41.885409),-10.0,False
473,Pulaski Rd & Congress Pkwy,POINT (-87.72570400000001 41.874325),-14.0,False
474,Kostner Ave & Lake St,POINT (-87.73541 41.885928),6.0,True
475,Kostner Ave & Adams St,POINT (-87.735737 41.877917),-6.0,False
476,Kedzie Ave & Lake St,POINT (-87.706303744 41.884603285),-67.0,False
477,Kedzie Ave & Roosevelt Rd,POINT (-87.706496176 41.86649278199999),-22.0,False
478,Clinton St & 18th St,POINT (-87.640826 41.85795),29.0,True
479,State St & 29th St,POINT (-87.626938 41.841707),17.0,True
480,Emerald Ave & 28th St,POINT (-87.645368 41.84358),-200.0,False
481,Burnham Harbor,POINT (-87.613348 41.856268),205.0,True
482,Indiana Ave & 26th St,POINT (-87.62248100000001 41.845687),-270.0,False
483,Shields Ave & 31st St,POINT (-87.635406 41.838464),-228.0,False
484,Calumet Ave & 18th St,POINT (-87.619407 41.857611),-738.0,False
485,Emerald Ave & 31st St,POINT (-87.645143 41.838198),-184.0,False
486,Wells St & 19th St,POINT (-87.63387900000001 41.856802),25.0,True
487,State St & 19th St,POINT (-87.62754200000001 41.856594),-97.0,False
488,Halsted St & 18th St,POINT (-87.646277 41.857499),-213.0,False
489,Normal Ave & Archer Ave,POINT (-87.640591 41.849527),-160.0,False
490,Shields Ave & 28th Pl,POINT (-87.635491 41.842733),-129.0,False
491,Indiana Ave & 31st St,POINT (-87.62185699999999 41.838842),-174.0,False
492,MLK Jr Dr & 29th St,POINT (-87.617 41.842052),-570.0,False
493,Rhodes Ave & 32nd St,POINT (-87.61353299999999 41.836208),-338.0,False
494,Wentworth Ave & Cermak Rd,POINT (-87.63193130499999 41.853084557),23.0,True
495,State St & 35th St,POINT (-87.626797557 41.831036314),332.0,True
496,State St & 33rd St,POINT (-87.62581299999999 41.834734),263.0,True
497,Fort Dearborn Dr & 31st St,POINT (-87.60821800000001 41.838556),-70.0,False
498,Calumet Ave & 35th St,POINT (-87.61803399999999 41.831379),-35.0,False
499,Wabash Ave & Cermak Rd,POINT (-87.62648799999999 41.852619),-69.0,False
500,Michigan Ave & 18th St,POINT (-87.62455 41.857813),-693.0,False
501,Calumet Ave & 33rd St,POINT (-87.61793 41.8349),-269.0,False
502,Wentworth Ave & 24th St (Temp),POINT (-87.63214051700001 41.850083693),-83.0,False
503,Calumet Ave & 21st St,POINT (-87.61915374100001 41.854184249),-298.0,False
504,Wentworth Ave & 33rd St,POINT (-87.631822981 41.834529886),7.0,True
505,Lake Park Ave & 35th St,POINT (-87.608799195 41.831274235),-146.0,False
506,McCormick Place,POINT (-87.61883464899999 41.851375173),-26.0,False
507,Wells St & Huron St,POINT (-87.634362 41.89472199999999),-132.0,False
508,Orleans St & Hubbard St,POINT (-87.636618 41.890028),43.0,True
509,Orleans St & Merchandise Mart Plaza,POINT (-87.63639000000001 41.888243),708.0,True
510,LaSalle Dr & Huron St,POINT (-87.63232600000001 41.894877),-197.0,False
511,Sedgwick St & Huron St,POINT (-87.638437 41.894666),89.0,True
512,Dearborn St & Erie St,POINT (-87.62931800000001 41.893992),-310.0,False
513,LaSalle St & Illinois St,POINT (-87.631697 41.890762),-8.0,False
514,Wells St & Hubbard St,POINT (-87.634266 41.889906),298.0,True
515,Kingsbury St & Kinzie St,POINT (-87.638505772 41.889176833),446.0,True
516,Franklin St & Illinois St,POINT (-87.635479867 41.89102331),-194.0,False
517,Kingsbury St & Erie St,POINT (-87.641697228 41.893808056),-945.0,False
518,Warren Park West,POINT (-87.688829 42.001785),-78.0,False
519,Western Ave & Howard St,POINT (-87.690048 42.018901),4.0,True
520,Ridge Blvd & Howard St,POINT (-87.68451999999999 42.019276),-7.0,False
521,Oakley Ave & Touhy Ave,POINT (-87.688243 42.012342),107.0,True
522,Warren Park East,POINT (-87.680666145 42.004549622),-85.0,False
523,Western Ave & Lunt Ave,POINT (-87.69049223899999 42.008594397),-188.0,False
524,Ridge Blvd & Touhy Ave,POINT (-87.682912644 42.012132277),-24.0,False
525,Glenwood Ave & Touhy Ave,POINT (-87.66605799999999 42.012701),-146.0,False
526,Greenview Ave & Jarvis Ave,POINT (-87.66856999999999 42.015962),-39.0,False
527,Clark St & Jarvis Ave,POINT (-87.675005 42.015963),-46.0,False
528,Clark St & Lunt Ave,POINT (-87.67419 42.009074),86.0,True
529,Sheridan Rd & Columbia Ave,POINT (-87.661406 42.004583),-181.0,False
530,Wolcott Ave & Fargo Ave,POINT (-87.677725 42.016977),-47.0,False
531,Bosworth Ave & Howard St,POINT (-87.669563 42.019537),-29.0,False
532,Paulina St & Howard St,POINT (-87.673573 42.019159),59.0,True
533,Clark St & Touhy Ave,POINT (-87.674367115 42.012560115),33.0,True
534,Sheridan Rd & Greenleaf Ave,POINT (-87.66241209499999 42.010586563),-193.0,False
535,Glenwood Ave & Morse Ave,POINT (-87.665502394 42.007971923),-187.0,False
536,Clark St & Columbia Ave,POINT (-87.672402405 42.004450629),-141.0,False
537,Sheridan Rd & Loyola Ave,POINT (-87.66119824299999 42.00104378),-339.0,False
538,Clark St & Schreiber Ave,POINT (-87.671377339 41.999251822),101.0,True
539,Eastlake Ter & Rogers Ave,POINT (-87.66505792700001 42.020887281),-75.0,False
540,Paulina St & 18th St,POINT (-87.668745 41.857901),-371.0,False
541,Racine Ave & 18th St,POINT (-87.65649499999999 41.858166),-441.0,False
542,Morgan Ave & 14th Pl,POINT (-87.651062 41.862378),-407.0,False
543,Western Ave & 21st St,POINT (-87.685838 41.854109),-181.0,False
544,Morgan St & 18th St,POINT (-87.651073 41.858086),-287.0,False
545,Racine Ave & 15th St,POINT (-87.65662500000001 41.861267),-166.0,False
546,Damen Ave & Coulter St,POINT (-87.67564 41.8492),-81.0,False
547,Racine Ave & 13th St,POINT (-87.656959 41.865054),-129.0,False
548,Western Ave & 24th St,POINT (-87.685109 41.84847),-138.0,False
549,Damen Ave & Cullerton St,POINT (-87.67603486799999 41.854902589),-201.0,False
550,Ashland Ave & 13th St,POINT (-87.666507 41.865234),-40.0,False
551,May St & Cullerton St,POINT (-87.654127 41.855136),-180.0,False
552,Blue Island Ave & 18th St,POINT (-87.661535 41.857556),-437.0,False
553,Washtenaw Ave & Ogden Ave,POINT (-87.693450451 41.861930493),32.0,True
554,Halsted St & Maxwell St,POINT (-87.647071 41.864883),-237.0,False
555,Halsted St & Archer Ave,POINT (-87.646795 41.847203),25.0,True
556,Halsted St & 21st St,POINT (-87.64664999999999 41.85378),-39.0,False
557,Morgan St & 31st St,POINT (-87.65114 41.8378),-279.0,False
558,Laflin St & Cullerton St,POINT (-87.66355991399999 41.854914576),-152.0,False
559,Loomis St & Archer Ave,POINT (-87.65743495299999 41.84163254),-135.0,False
560,Racine Ave & 35th St,POINT (-87.655975912 41.830696113),14.0,True
561,Ashland Ave & Archer Ave,POINT (-87.665609859 41.839208684),38.0,True
562,California Ave & 23rd Pl,POINT (-87.695139807 41.849109692),-126.0,False
563,Ogden Ave & Roosevelt Rd,POINT (-87.68469707 41.866501483),-30.0,False
564,Western Ave & 28th St,POINT (-87.68513144100001 41.841517708),58.0,True
565,LaSalle St & Jackson Blvd,POINT (-87.631929 41.878166),1031.0,True
566,State St & Van Buren St,POINT (-87.627844 41.877181),301.0,True
567,Michigan Ave & Jackson Blvd,POINT (-87.62408000000001 41.87785),429.0,True
568,Dearborn St & Adams St,POINT (-87.629791036 41.879356359),879.0,True
569,Wabash Ave & Adams St,POINT (-87.625688606 41.879472352),600.0,True
570,LaSalle St & Adams St,POINT (-87.63198522100001 41.879344373),420.0,True
571,Avondale Ave & Irving Park Rd,POINT (-87.73200200000001 41.953393),76.0,True
572,Kilbourn Ave & Milwaukee Ave,POINT (-87.74002 41.948818),-76.0,False
573,Kilbourn Ave & Irving Park Rd,POINT (-87.74056899999999 41.953733),-43.0,False
574,Knox Ave & Montrose Ave,POINT (-87.74535899999999 41.960631),-5.0,False
575,Pulaski Rd & Eddy St (Temp),POINT (-87.73102299999999 41.946264),-86.0,False
576,Milwaukee Ave & Cuyler Ave,POINT (-87.74959399999999 41.954468),-42.0,False
577,Cottage Grove Ave & 47th St,POINT (-87.60675500000001 41.809855),-58.0,False
578,MLK Jr Dr & Pershing Rd,POINT (-87.61678000000001 41.8246),-9.0,False
579,Cottage Grove Ave & 43rd St,POINT (-87.60658199999999 41.816499),-50.0,False
580,Indiana Ave & 40th St,POINT (-87.6216 41.82168),8.0,True
581,Cottage Grove Ave & Oakwood Blvd,POINT (-87.6071 41.822985),-127.0,False
582,Greenwood Ave & 47th St,POINT (-87.59938299999999 41.809835),-119.0,False
583,MLK Jr Dr & 47th St,POINT (-87.61627900000001 41.809851),-60.0,False
584,Woodlawn Ave & Lake Park Ave,POINT (-87.59700514799999 41.81409271),-94.0,False
585,Prairie Ave & 43rd St,POINT (-87.61941246200001 41.816658893),-44.0,False
586,Jefferson St & Monroe St,POINT (-87.642746 41.880422),83.0,True
587,Canal St & Madison St,POINT (-87.639833 41.882091),84.0,True
588,Clinton St & Madison St,POINT (-87.64106600000001 41.882242),49.0,True
589,Canal St & Adams St,POINT (-87.639904 41.879255),312.0,True
590,Desplaines St & Jackson Blvd,POINT (-87.64390899999999 41.878287),-127.0,False
591,Clinton St & Washington Blvd,POINT (-87.64116999999999 41.88338),290.0,True
592,Clinton St & Lake St,POINT (-87.641823 41.885637),120.0,True
593,Desplaines St & Kinzie St,POINT (-87.64444785299999 41.888716036),-435.0,False
594,Clinton St & Jackson Blvd,POINT (-87.63983845700001 41.87811603),548.0,True
595,Desplaines St & Randolph St,POINT (-87.644570585 41.88461619),-387.0,False
596,Austin Blvd & Chicago Ave,POINT (-87.774704 41.894887),-32.0,False
597,Central Ave & Chicago Ave,POINT (-87.76490200000001 41.894958),-7.0,False
598,Central Park Ave & North Ave,POINT (-87.71663195200001 41.909656876),-42.0,False
599,Spaulding Ave & Division St,POINT (-87.70921957100001 41.902706594),-140.0,False
600,Yates Blvd & 75th St,POINT (-87.56644 41.758768),-32.0,False
601,Cornell Dr & Hayes Dr,POINT (-87.584846 41.780595),-15.0,False
602,Phillips Ave & 79th St,POINT (-87.56521100000001 41.75182),3.0,True
603,Bennett Ave & 79th St,POINT (-87.578496 41.751785),13.0,True
604,South Shore Dr & 67th St,POINT (-87.567514 41.773643),-72.0,False
605,Stony Island Ave & 67th St,POINT (-87.58533973899999 41.773458499),-13.0,False
606,Jeffery Blvd & 71st St,POINT (-87.576450114 41.766638237),-25.0,False
607,South Shore Dr & 71st St,POINT (-87.565687572 41.76640945699999),-62.0,False
608,Jeffery Blvd & 67th St,POINT (-87.577142826 41.773517551),-27.0,False
609,Jeffery Blvd & 76th St,POINT (-87.575839359 41.757120068),-48.0,False
610,Rainbow Beach,POINT (-87.54938625 41.757871448),-29.0,False
611,South Shore Dr & 74th St,POINT (-87.55927465000001 41.76218896),-56.0,False
612,Milwaukee Ave & Grand Ave,POINT (-87.64838399999999 41.891578),-426.0,False
613,Noble St & Milwaukee Ave,POINT (-87.6626 41.90068),-589.0,False
614,Ashland Ave & Blackhawk St,POINT (-87.667252 41.907066),-730.0,False
615,Carpenter St & Huron St,POINT (-87.65344899999999 41.894556),-352.0,False
616,Eckhart Park,POINT (-87.66098386 41.89637337),-735.0,False
617,Ashland Ave & Grand Ave,POINT (-87.666611 41.89107199999999),-300.0,False
618,Cherry Ave & Blackhawk St,POINT (-87.655618 41.907221),92.0,True
619,Ogden Ave & Race Ave,POINT (-87.658751 41.891795),-491.0,False
620,Sheffield Ave & Kingsbury St,POINT (-87.65310600000001 41.910522),492.0,True
621,Elston Ave & Wabansia Ave,POINT (-87.664169 41.912919),47.0,True
622,Halsted St & North Branch St,POINT (-87.64847987500001 41.899368439),123.0,True
623,Dayton St & North Ave,POINT (-87.649421929 41.910578035),77.0,True
624,Ogden Ave & Chicago Ave,POINT (-87.654061273 41.896362458),-192.0,False
625,Stetson Ave & South Water St,POINT (-87.62232 41.886835),42.0,True
626,Wabash Ave & Wacker Pl,POINT (-87.62603 41.886875),230.0,True
627,Michigan Ave & Lake St,POINT (-87.624117 41.886024),803.0,True
628,Columbus Dr & Randolph St,POINT (-87.61952099999999 41.884728),945.0,True
629,Clark St & Randolph St,POINT (-87.63188991 41.884576228),1479.0,True
630,Dusable Harbor,POINT (-87.612813 41.886976),220.0,True
631,Clark St & Lake St,POINT (-87.630876058 41.886020828),523.0,True
632,State St & Randolph St,POINT (-87.627733569 41.884730201),529.0,True
633,Field Blvd & South Water St,POINT (-87.61751654700001 41.886349063),-563.0,False
634,2112 W Peterson Ave,POINT (-87.683593 41.991178),-40.0,False
635,Western Ave & Granville Ave,POINT (-87.68943828200001 41.994161369),5.0,True
636,Maplewood Ave & Peterson Ave,POINT (-87.69336964 41.990236029),-100.0,False
637,Budlong Woods Library,POINT (-87.69642256100001 41.983664709),-42.0,False
638,Kildare Ave & Montrose Ave,POINT (-87.73569000000001 41.96108),-22.0,False
639,Keystone Ave & Montrose Ave,POINT (-87.728970101 41.961108016),-69.0,False
640,Central Park Ave & 24th St,POINT (-87.715068 41.8481),-26.0,False
641,California Ave & 21st St,POINT (-87.695742399 41.853804066),-26.0,False
642,Central Park Ave & Ogden Ave,POINT (-87.715117335 41.854063504),27.0,True
643,Kedzie Ave & 21st St,POINT (-87.705073032 41.853533632),-37.0,False
644,Kedzie Ave & 24th St,POINT (-87.705413746 41.848190945),-12.0,False
645,Albany Ave & 26th St,POINT (-87.702013013 41.844475014),-16.0,False
646,Millard Ave & 26th St,POINT (-87.71607220200001 41.8445571),-38.0,False
647,California Ave & 26th St,POINT (-87.69529592299999 41.844040031),-1.0,False
648,LaSalle St & Washington St,POINT (-87.63253 41.882664),501.0,True
649,Daley Center Plaza,POINT (-87.629634 41.884241),1221.0,True
650,Michigan Ave & Madison St,POINT (-87.625125 41.882134),414.0,True
651,Michigan Ave & Washington St,POINT (-87.624683976 41.883984065),763.0,True
652,Keystone Ave & Fullerton Ave,POINT (-87.72785 41.92459),-164.0,False
653,Lake Shore Dr & Monroe St,POINT (-87.616743 41.880958),139.0,True
654,Millennium Park,POINT (-87.62408431999999 41.8810317),530.0,True
655,Dearborn St & Monroe St,POINT (-87.629520919 41.881319815),2002.0,True
