Start Station Key,Station Name,Station Geometry,diff,bike-out more than bike-in
2,Dauphin Ave & 103rd St,POINT (-87.607662678 41.707250368),5.0,True
3,Cottage Grove Ave & 111th Pl,POINT (-87.610001564 41.691709758),0.0,False
4,Vernon Ave & 107th St,POINT (-87.61225998399999 41.700121379),0.0,False
5,Halsted St & 96th St,POINT (-87.643019557 41.719712184),3.0,True
6,Greenwood Ave & 97th St,POINT (-87.597035766 41.718703155),7.0,True
8,Halsted St & 104th St,POINT (-87.64242410700001 41.705139789),0.0,False
10,Indiana Ave & 103rd St,POINT (-87.61847198 41.707170271),-1.0,False
11,State St & 123rd St,POINT (-87.622586489 41.670643837),1.0,True
12,Wentworth Ave & 104th St,POINT (-87.62921690899999 41.705307997),-2.0,False
13,Michigan Ave & 114th St,POINT (-87.621052265 41.687014795),-1.0,False
14,Eberhart Ave & 131st St,POINT (-87.610710897 41.658413151),-1.0,False
15,Stewart Ave & 83rd St,POINT (-87.63408800000001 41.743717),-2.0,False
16,Prospect Sq & 91st St,POINT (-87.66752390000001 41.7282338),4.0,True
17,Ashland Ave & 78th St,POINT (-87.663699389 41.752204849),5.0,True
18,Halsted St & 78th St,POINT (-87.64390215700001 41.752487012),1.0,True
19,Loomis Blvd & 84th St,POINT (-87.65841007200001 41.741486529),7.0,True
20,Summit Ave & 86th St,POINT (-87.64489978600001 41.737848477),1.0,True
21,Elizabeth St & 92nd St,POINT (-87.654290199 41.726798964),1.0,True
22,Eggleston Ave & 92nd St,POINT (-87.634828091 41.727575659),3.0,True
23,Vincennes Ave & 75th St,POINT (-87.63121 41.75797),7.0,True
24,Shedd Aquarium,POINT (-87.61535539 41.867225957),-252.0,False
25,Michigan Ave & 14th St,POINT (-87.623727 41.864059),1265.0,True
26,Indiana Ave & Roosevelt Rd,POINT (-87.623041 41.867888),2282.0,True
27,Wabash Ave & 16th St,POINT (-87.62581299999999 41.860384),813.0,True
28,Delano Ct & Roosevelt Rd,POINT (-87.63219000000001 41.86749099999999),143.0,True
29,Adler Planetarium,POINT (-87.60726700000001 41.866095),-16.0,False
30,Wabash Ave & Roosevelt Rd,POINT (-87.625961 41.867227),923.0,True
31,Wabash Ave & 9th St,POINT (-87.62573399999999 41.870769),1283.0,True
32,Field Museum,POINT (-87.617867 41.865312),-103.0,False
33,State St & Harrison St,POINT (-87.62771600000001 41.874053),241.0,True
34,Michigan Ave & 8th St,POINT (-87.623981 41.872773),844.0,True
35,Clark St & 9th St (AMLI),POINT (-87.63124599999999 41.870816),674.0,True
36,Michigan Ave & Ida B Wells Dr,POINT (-87.624426 41.876243),-6.0,False
37,Wells St & Polk St,POINT (-87.63350200000001 41.872596),1144.0,True
38,Dearborn St & Van Buren St,POINT (-87.62915500000001 41.876268),150.0,True
39,Buckingham Fountain,POINT (-87.62054800999999 41.876511229),136.0,True
40,Federal St & Polk St,POINT (-87.62954377299999 41.872077633),1275.0,True
41,Clark St & Ida B Wells Dr,POINT (-87.630584536 41.875932666),-197.0,False
42,Financial Pl & Ida B Wells Dr,POINT (-87.63309404299999 41.875023628),502.0,True
43,Clark St & Elmdale Ave,POINT (-87.66983360100001 41.990517556),48.0,True
44,Broadway & Ridge Ave,POINT (-87.66027382899999 41.984044611),489.0,True
45,Clark St & Bryn Mawr Ave,POINT (-87.66915400000001 41.983593),93.0,True
46,Broadway & Thorndale Ave,POINT (-87.66014062100001 41.989742511),336.0,True
47,Lakefront Trail & Bryn Mawr Ave,POINT (-87.652310469 41.984036696),321.0,True
48,Broadway & Granville Ave,POINT (-87.660284535 41.994779688),310.0,True
49,Damen Ave & Walnut (Lake) St,POINT (-87.677009 41.885951),-237.0,False
50,Kedzie Ave & Chicago Ave,POINT (-87.706127884 41.895465303),31.0,True
51,Smith Park,POINT (-87.689397 41.892048),7.0,True
52,Western Ave & Fillmore St,POINT (-87.686234 41.868563),188.0,True
53,Damen Ave & Chicago Ave,POINT (-87.67721999999999 41.895769),332.0,True
54,Damen Ave & Madison St,POINT (-87.67493 41.88137),-33.0,False
55,Ashland Ave & Lake St,POINT (-87.66717 41.88592),-95.0,False
56,Wood St & Taylor St (Temp),POINT (-87.67373085 41.869265218),-1521.0,False
57,Leavitt St & Chicago Ave,POINT (-87.682017 41.895501),651.0,True
58,Fairfield Ave & Roosevelt Rd,POINT (-87.69452099999999 41.866624),-3.0,False
59,Hermitage Ave & Polk St,POINT (-87.66988600000001 41.871514),-1233.0,False
60,Wolcott Ave & Polk St,POINT (-87.673688 41.871262),-1975.0,False
61,Paulina St & Flournoy St,POINT (-87.66913000000001 41.87295),-1779.0,False
62,Ogden Ave & Congress Pkwy,POINT (-87.67328000000001 41.87501),-370.0,False
63,Malcolm X College,POINT (-87.673895 41.877618),-130.0,False
64,California Ave & Lake St,POINT (-87.69629813700001 41.884453957),-16.0,False
65,Sacramento Blvd & Franklin Blvd,POINT (-87.70260751200001 41.890468792),-130.0,False
66,Western Ave & Monroe St,POINT (-87.68611280799999 41.879787709),87.0,True
67,Artesian Ave & Hubbard St,POINT (-87.68821936499999 41.88949182),218.0,True
68,Western Ave & Congress Pkwy,POINT (-87.686445276 41.874748851),310.0,True
69,Kedzie Ave & Harrison St,POINT (-87.70487074899999 41.873599675),-7.0,False
70,Ashland Ave & 74th St,POINT (-87.663474083 41.759236024),1.0,True
71,Ashland Ave & 66th St,POINT (-87.663815 41.774074),0.0,False
72,Damen Ave & 59th St,POINT (-87.67416700000001 41.78602),6.0,True
73,Ashland Ave & Garfield Blvd,POINT (-87.664429 41.79282199999999),25.0,True
74,Marshfield Ave & 59th St,POINT (-87.66621500000001 41.786833),-4.0,False
75,Ashland Ave & 63rd St,POINT (-87.664843 41.779374),-7.0,False
76,Elizabeth St & 59th St,POINT (-87.65585899999999 41.786691),3.0,True
77,Stewart Ave & 63rd St,POINT (-87.63477399999999 41.779835),-7.0,False
78,Carpenter St & 63rd St,POINT (-87.65091899999999 41.77987),1.0,True
79,Eggleston Ave & 69th St,POINT (-87.635876 41.768898),6.0,True
80,Halsted St & 73rd St,POINT (-87.64416097700001 41.761605438),-1.0,False
81,May St & 69th St,POINT (-87.652934 41.768938),3.0,True
82,Racine Ave & 65th St,POINT (-87.654308 41.775393),-1.0,False
83,Halsted St & 59th St,POINT (-87.644874 41.787539),2.0,True
84,Racine Ave & 61st St,POINT (-87.654372 41.783189),7.0,True
85,Halsted St & 56th St,POINT (-87.644990057 41.792929646),-5.0,False
86,Halsted St & 63rd St,POINT (-87.644620815 41.779381142),6.0,True
87,Wentworth Ave & 63rd St,POINT (-87.629746305 41.780079633),-11.0,False
88,Halsted St & 69th St,POINT (-87.64461357799999 41.76906172),7.0,True
89,Perry Ave & 69th St,POINT (-87.628195929 41.76929309),-21.0,False
90,Oglesby Ave & 100th St,POINT (-87.565841675 41.713397484),0.0,False
92,East End Ave & 87th St,POINT (-87.58280128200001 41.736815214),-7.0,False
93,Baltimore Ave & 87th St,POINT (-87.54851460499999 41.7373356),5.0,True
94,Ewing Ave & Burnham Greenway,POINT (-87.53481388100001 41.712748761),0.0,False
95,Houston Ave & 92nd St,POINT (-87.549700141 41.728204215),-1.0,False
96,Big Marsh Park,POINT (-87.573823929 41.685877056),2.0,True
97,Marquette Ave & 89th St,POINT (-87.55834221799999 41.733668791),-3.0,False
98,Bradley Park,POINT (-87.564591765 41.717878302),0.0,False
99,Torrence Ave & 106th St,POINT (-87.559726238 41.70280085),0.0,False
100,Clyde Ave & 87th St,POINT (-87.57274031600001 41.737151464),1.0,True
101,Constance Ave & 95th St,POINT (-87.578968406 41.722290741),0.0,False
102,Avenue O & 118th St,POINT (-87.53793122299999 41.681001459),0.0,False
103,Burnham Greenway & 105th St,POINT (-87.52823174 41.70457508699999),5.0,True
104,Phillips Ave & 83rd St,POINT (-87.56506 41.744531),6.0,True
105,Exchange Ave & 79th St,POINT (-87.552812 41.751731),9.0,True
106,Stony Island Ave & South Chicago Ave,POINT (-87.585337 41.751173),2.0,True
107,South Chicago Ave & 83rd St,POINT (-87.575225 41.743921),0.0,False
108,South Chicago Ave & Elliot Ave,POINT (-87.580046 41.747363),1.0,True
109,Commercial Ave & 83rd St,POINT (-87.551208 41.744615),19.0,True
110,State St & 54th St,POINT (-87.625923 41.796642),-4.0,False
111,Union Ave & Root St,POINT (-87.64327800000001 41.819102),-49.0,False
112,Racine Ave & Garfield Blvd,POINT (-87.655073 41.794228),4.0,True
113,Western Blvd & 48th Pl,POINT (-87.683392 41.805661),-61.0,False
114,Elizabeth St & 47th St,POINT (-87.656526 41.80839),2.0,True
115,Archer (Damen) Ave & 37th St,POINT (-87.683144 41.826712),-4.0,False
116,Damen Ave & 51st St,POINT (-87.674684 41.800908),12.0,True
117,Throop St & 52nd St,POINT (-87.657195 41.79965900000001),7.0,True
118,Princeton Ave & Garfield Blvd,POINT (-87.633124 41.794982),7.0,True
119,Halsted St & 37th St,POINT (-87.64572 41.82705900000001),97.0,True
120,Wentworth Ave & 35th St,POINT (-87.632504 41.830777),-8.0,False
121,Marshfield Ave & 44th St,POINT (-87.666589 41.813996),-7.0,False
122,Halsted St & 35th St,POINT (-87.647172 41.830661),36.0,True
123,Damen Ave & Pershing Rd,POINT (-87.676597 41.823192),-57.0,False
124,Seeley Ave & Garfield Blvd,POINT (-87.675478 41.794087),5.0,True
125,Morgan St & Pershing Rd,POINT (-87.650931 41.823613),-13.0,False
126,Hoyne Ave & 47th St,POINT (-87.67718000000001 41.808227),-14.0,False
127,Wallace St & 35th St,POINT (-87.64129 41.83062899999999),95.0,True
128,Ashland Ave & McDowell Ave,POINT (-87.66454 41.80887),-2.0,False
129,Ashland Ave & 50th St,POINT (-87.664699 41.803023),2.0,True
130,Ashland Ave & Pershing Rd,POINT (-87.665577 41.823465),25.0,True
131,Wood St & 35th St,POINT (-87.670298309 41.830104654),75.0,True
132,Halsted St & 51st St,POINT (-87.645213904 41.80183164),12.0,True
133,State St & Pershing Rd,POINT (-87.62656801799999 41.823015238),-10.0,False
134,Shields Ave & 43rd St,POINT (-87.63481935 41.816207679),3.0,True
135,Halsted St & 47th Pl,POINT (-87.645616554 41.808133915),48.0,True
136,Princeton Ave & 47th St,POINT (-87.63344928799999 41.809317709),33.0,True
137,Leavitt St & Archer Ave,POINT (-87.68060445899999 41.82879202),43.0,True
138,Eberhart Ave & 91st St,POINT (-87.611829489 41.729267142),6.0,True
139,Michigan Ave & 71st St,POINT (-87.621748 41.765286),32.0,True
140,State St & 95th St,POINT (-87.62285440000001 41.7218499),-2.0,False
141,Dauphin Ave & 87th St,POINT (-87.60125756299999 41.73655902300001),-4.0,False
142,Greenwood Ave & 91st St,POINT (-87.59729862200001 41.728264268),1.0,True
143,Stony Island Ave & 90th St,POINT (-87.585743666 41.73139494300001),5.0,True
144,Wabash Ave & 83rd St,POINT (-87.622849 41.743316),21.0,True
145,Ellis Ave & 83rd St,POINT (-87.599034 41.74412299999999),16.0,True
146,Wabash Ave & 87th St,POINT (-87.62263399999999 41.736646),-13.0,False
147,Vernon Ave & 79th St,POINT (-87.61379000000001 41.75094),3.0,True
148,MLK Jr Dr & 83rd St,POINT (-87.6148 41.743116),-8.0,False
149,Cottage Grove Ave & 78th St,POINT (-87.605026 41.753174),4.0,True
150,Greenwood Ave & 79th St,POINT (-87.59755200000001 41.751294),10.0,True
151,Vernon Ave & 75th St,POINT (-87.614138 41.758361),6.0,True
152,Stony Island Ave & 82nd St,POINT (-87.586005 41.746559),15.0,True
153,Evans Ave & 75th St,POINT (-87.60641 41.75849),-1.0,False
154,Cottage Grove Ave & 83rd St,POINT (-87.60483599999999 41.743441),-1.0,False
155,Cottage Grove Ave & 71st St,POINT (-87.60495971299999 41.765719037),7.0,True
156,Woodlawn Ave & 75th St,POINT (-87.59575100000001 41.75915999999999),2.0,True
157,State St & 79th St,POINT (-87.624424 41.750794),-26.0,False
158,State St & 76th St,POINT (-87.62462099999999 41.756971),3.0,True
159,Stony Island Ave & 75th St,POINT (-87.586882871 41.75866967),19.0,True
160,Calumet Ave & 71st St,POINT (-87.616917925 41.765508006),7.0,True
161,Ellis Ave & 53rd St,POINT (-87.600958115 41.799336263),415.0,True
162,Lake Park Ave & 53rd St,POINT (-87.586449896 41.799494294),144.0,True
163,Kimbark Ave & 53rd St,POINT (-87.594747 41.799568),217.0,True
164,Prairie Ave & Garfield Blvd,POINT (-87.618691 41.794853),0.0,False
165,Cottage Grove Ave & 51st St,POINT (-87.60661500000001 41.803038),60.0,True
166,Lake Park Ave & 47th St,POINT (-87.591875 41.809443),71.0,True
167,Cornell Ave & Hyde Park Blvd,POINT (-87.586924 41.802406),774.0,True
168,Woodlawn Ave & 55th St,POINT (-87.59647099999999 41.795264),166.0,True
169,Blackstone Ave & Hyde Park Blvd,POINT (-87.59036800000001 41.802562),403.0,True
170,Dorchester Ave & 49th St,POINT (-87.59246400000001 41.805772),71.0,True
171,Calumet Ave & 51st St,POINT (-87.61805357999999 41.802294651),25.0,True
172,Hoyne Ave & Balmoral Ave,POINT (-87.68193199999999 41.979851),-12.0,False
173,Damen Ave & Sunnyside Ave,POINT (-87.67925799999999 41.96325),23.0,True
174,Lincoln Ave & Sunnyside Ave,POINT (-87.684781 41.963004),102.0,True
175,Washtenaw Ave & Lawrence Ave,POINT (-87.696027 41.968987),132.0,True
176,Kedzie Ave & Foster Ave,POINT (-87.709261 41.975672),60.0,True
177,Manor Ave & Leland Ave,POINT (-87.70082499999999 41.965875),66.0,True
178,Leavitt St & Lawrence Ave,POINT (-87.68400099999999 41.968885),103.0,True
179,Western Ave & Leland Ave,POINT (-87.688418627 41.966494532),8.0,True
180,Francisco Ave & Foster Ave,POINT (-87.70141943899999 41.975632725),-8.0,False
181,Damen Ave & Foster Ave,POINT (-87.67945903899999 41.975614805),293.0,True
182,St. Louis Ave & Balmoral Ave,POINT (-87.716114961 41.980394235),-37.0,False
183,Lincoln Ave & Winona St,POINT (-87.69250255899999 41.974911297),156.0,True
184,Christiana Ave & Lawrence Ave,POINT (-87.711830667 41.968354494),11.0,True
185,Kedzie Ave & Leland Ave,POINT (-87.708051981 41.966686362),-18.0,False
186,Rockwell St & Eastwood Ave,POINT (-87.693638494 41.96590014),241.0,True
187,Campbell Ave & Montrose Ave,POINT (-87.691165041 41.961525933),259.0,True
188,Kedzie Ave & Bryn Mawr Ave,POINT (-87.70892252 41.982397085),33.0,True
189,Drake Ave & Montrose Ave,POINT (-87.71656907299999 41.961154076),116.0,True
190,Central Park Ave & Bloomingdale Ave,POINT (-87.71675500000001 41.91416599999999),41.0,True
191,California Ave & Altgeld St,POINT (-87.69766800000001 41.92669),233.0,True
192,California Ave & Milwaukee Ave,POINT (-87.697153 41.922695),464.0,True
193,Kedzie Ave & Milwaukee Ave,POINT (-87.70785699999999 41.929567),79.0,True
194,Leavitt St & North Ave,POINT (-87.68238902100001 41.910509367),337.0,True
195,Damen Ave & Charleston St,POINT (-87.67785500000001 41.920082),255.0,True
196,Western Ave & Winnebago Ave,POINT (-87.687022 41.91552),244.0,True
197,Stave St & Armitage Ave,POINT (-87.69139200000001 41.917741),241.0,True
198,Milwaukee Ave & Rockwell St,POINT (-87.69265919899999 41.920195562),140.0,True
199,Kedzie Ave & Palmer Ct,POINT (-87.70732199999999 41.921525),173.0,True
200,California Ave & North Ave,POINT (-87.6972 41.91044),138.0,True
201,Leavitt St & Armitage Ave,POINT (-87.68243699999999 41.917805),318.0,True
202,Campbell Ave & North Ave,POINT (-87.68955600000001 41.910535),383.0,True
203,Logan Blvd & Elston Ave,POINT (-87.684158 41.929465),-55.0,False
204,Milwaukee Ave & Wabansia Ave,POINT (-87.681391 41.912616),323.0,True
205,California Ave & Francis Pl (Temp),POINT (-87.69742280200001 41.918491154),242.0,True
206,Kosciuszko Park,POINT (-87.723777364 41.930585371),219.0,True
207,Campbell Ave & Fullerton Ave,POINT (-87.68930700600001 41.924632472),231.0,True
208,Spaulding Ave & Armitage Ave,POINT (-87.710220963 41.917108035),136.0,True
209,Humboldt Blvd & Armitage Ave,POINT (-87.701808955 41.917513394),185.0,True
210,St. Louis Ave & Fullerton Ave,POINT (-87.71449506299999 41.924815597),330.0,True
211,Richmond St & Diversey Ave,POINT (-87.70119513 41.931901969),106.0,True
212,Albany Ave & Bloomingdale Ave,POINT (-87.70512646200001 41.914026713),177.0,True
213,Dorchester Ave & 63rd St,POINT (-87.591415989 41.780405646),61.0,True
214,Lake Park Ave & 56th St,POINT (-87.58778199999999 41.793242),319.0,True
215,Shore Dr & 55th St,POINT (-87.580715 41.795212),441.0,True
216,Rhodes Ave & 71st St,POINT (-87.611726 41.76600000000001),-1.0,False
217,University Ave & 57th St,POINT (-87.599861 41.79147800000001),-824.0,False
218,Cottage Grove Ave & 67th St,POINT (-87.60563486 41.773720952),3.0,True
219,Ellis Ave & 58th St,POINT (-87.60133399999999 41.788746),-1028.0,False
220,Stony Island Ave & 64th St,POINT (-87.586647 41.778881),14.0,True
221,63rd St Beach,POINT (-87.57611976 41.781016372),67.0,True
222,Stony Island Ave & 71st St,POINT (-87.586460878 41.766492937),32.0,True
223,Ellis Ave & 55th St,POINT (-87.601449773 41.794300621),-164.0,False
224,Cottage Grove Ave & 63rd St,POINT (-87.60583609299999 41.780600945),4.0,True
225,DuSable Museum,POINT (-87.60785217700001 41.791568011),-96.0,False
226,Eberhart Ave & 61st St,POINT (-87.61330783 41.784141693),35.0,True
227,Harper Ave & 59th St,POINT (-87.58831517 41.787942813),242.0,True
228,Ellis Ave & 60th St,POINT (-87.601072761 41.785097146),263.0,True
229,MLK Jr Dr & 56th St,POINT (-87.615853262 41.79342945699999),10.0,True
230,MLK Jr Dr & 63rd St,POINT (-87.61594285700001 41.780080637),37.0,True
231,Museum of Science and Industry,POINT (-87.58394500899999 41.79172821),42.0,True
233,Damen Ave & Clybourn Ave,POINT (-87.67785600000001 41.931931),-138.0,False
234,Clark St & Armitage Ave,POINT (-87.63628199999999 41.918306),1261.0,True
235,Clark St & Drummond Pl,POINT (-87.644336 41.931248),368.0,True
236,Clark St & North Ave,POINT (-87.63194200000001 41.911974),154.0,True
237,Larrabee St & Webster Ave,POINT (-87.64414000000001 41.921822),420.0,True
238,Halsted St & Dickens Ave,POINT (-87.64883 41.919936),-86.0,False
239,Sedgwick St & Webster Ave,POINT (-87.63888799999999 41.922167),800.0,True
240,Sheffield Ave & Wrightwood Ave,POINT (-87.65383299999999 41.928712),286.0,True
241,Racine Ave & Wrightwood Ave,POINT (-87.65897099999999 41.928887),436.0,True
242,Wells St & Concord Ln,POINT (-87.63465600000001 41.912133),221.0,True
243,Lake Shore Dr & North Blvd,POINT (-87.62680400000001 41.911722),305.0,True
244,Lincoln Ave & Fullerton Ave,POINT (-87.64926 41.925905),312.0,True
245,Clifton Ave & Armitage Ave,POINT (-87.656936 41.91821599999999),76.0,True
246,Halsted St & Wrightwood Ave,POINT (-87.64907700000001 41.929143),316.0,True
247,Lincoln Ave & Diversey Pkwy,POINT (-87.65861700000001 41.932225),234.0,True
248,Sedgwick St & North Ave,POINT (-87.638677 41.911386),831.0,True
249,Southport Ave & Wrightwood Ave,POINT (-87.66391299999999 41.928773),72.0,True
250,Lakeview Ave & Fullerton Pkwy,POINT (-87.63897299999999 41.92585800000001),1143.0,True
251,Lake Shore Dr & Diversey Pkwy,POINT (-87.636427 41.932588),677.0,True
252,Theater on the Lake,POINT (-87.63083399999999 41.926277),-403.0,False
253,Bissell St & Armitage Ave,POINT (-87.65222 41.91844),392.0,True
254,Ashland Ave & Wrightwood Ave,POINT (-87.66850699999999 41.92883),153.0,True
255,Halsted St & Willow St,POINT (-87.64875500000001 41.913865),424.0,True
256,Sheffield Ave & Willow St,POINT (-87.652855 41.913688),-37.0,False
257,Larrabee St & Menomonee St,POINT (-87.64331999999999 41.91468),290.0,True
258,Sheffield Ave & Webster Ave,POINT (-87.653818 41.92154),293.0,True
259,Clark St & Wrightwood Ave,POINT (-87.643118 41.929546),776.0,True
260,Stockton Dr & Wrightwood Ave,POINT (-87.63874200000001 41.93132),1153.0,True
261,Clark St & Lincoln Ave,POINT (-87.63460000000001 41.915689),454.0,True
262,Larrabee St & Armitage Ave,POINT (-87.643749 41.918084),378.0,True
263,Greenview Ave & Fullerton Ave,POINT (-87.6658 41.92533),-188.0,False
264,Southport Ave & Clybourn Ave,POINT (-87.663712 41.920771),-121.0,False
265,Wilton Ave & Diversey Pkwy,POINT (-87.65270500000001 41.932418),282.0,True
266,Racine Ave & Fullerton Ave,POINT (-87.65840426 41.92556258),89.0,True
267,Cannon Dr & Fullerton Ave,POINT (-87.634428785 41.926755988),71.0,True
268,Winchester Ave & Elston Ave,POINT (-87.67646007499999 41.92409085),-30.0,False
269,Sheffield Ave & Fullerton Ave,POINT (-87.65370804200001 41.925601882),-13.0,False
270,Lincoln Park Conservatory,POINT (-87.635824531 41.923931311),369.0,True
272,Clark St & Newport St,POINT (-87.654678 41.94454),248.0,True
273,Southport Ave & Belmont Ave,POINT (-87.663747668 41.93947775),233.0,True
274,Broadway & Barry Ave,POINT (-87.644097805 41.937582316),1006.0,True
275,Lake Shore Dr & Belmont Ave,POINT (-87.63919200000001 41.940775),918.0,True
276,Broadway & Belmont Ave,POINT (-87.64545099999999 41.940106),579.0,True
277,Broadway & Cornelia Ave,POINT (-87.646439 41.945529),1389.0,True
278,Wilton Ave & Belmont Ave,POINT (-87.65304 41.94018),264.0,True
279,Sheffield Ave & Wellington Ave,POINT (-87.65266200000001 41.936266),215.0,True
280,Halsted St & Roscoe St,POINT (-87.64895 41.94367),433.0,True
281,Lincoln Ave & Addison St,POINT (-87.67330799999999 41.946176),93.0,True
282,Lincoln Ave & Roscoe St,POINT (-87.67097 41.94334),472.0,True
283,Ashland Ave & Wellington Ave,POINT (-87.66980699999999 41.936083),74.0,True
284,Lincoln Ave & Belmont Ave,POINT (-87.668385 41.939365),-38.0,False
285,Southport Ave & Roscoe St,POINT (-87.66401999999999 41.943739),205.0,True
286,Burling St & Diversey Pkwy,POINT (-87.64775999999999 41.93314),368.0,True
287,Southport Ave & Wellington Ave,POINT (-87.66357600000001 41.935733),-50.0,False
288,Racine Ave & Belmont Ave,POINT (-87.65886500000001 41.939743),320.0,True
289,Clark St & Wellington Ave,POINT (-87.64753865799999 41.936496822),566.0,True
290,Greenview Ave & Diversey Pkwy,POINT (-87.665936351 41.932589634),280.0,True
291,Lake Shore Dr & Wellington Ave,POINT (-87.63682901899999 41.936688449),860.0,True
292,Bernard St & Elston Ave,POINT (-87.713949 41.949923),20.0,True
293,Leavitt St & Belmont Ave,POINT (-87.68328199999999 41.93935399999999),115.0,True
294,Albany Ave & Montrose Ave,POINT (-87.705866 41.96104099999999),135.0,True
295,Drake Ave & Addison St,POINT (-87.71758199999999 41.947326),1.0,True
296,California Ave & Montrose Ave,POINT (-87.69543900000001 41.961068),15.0,True
297,Western Ave & Roscoe St,POINT (-87.687288 41.943034),-92.0,False
298,Kimball Ave & Belmont Ave,POINT (-87.711561 41.939398),-14.0,False
299,Avers Ave & Belmont Ave,POINT (-87.723574 41.939408),51.0,True
300,Lincoln Ave & Belle Plaine Ave,POINT (-87.680161446 41.956003551),157.0,True
301,Damen Ave & Wellington Ave,POINT (-87.67841999999999 41.93588),133.0,True
302,Seeley Ave & Roscoe St,POINT (-87.679618 41.943403),-93.0,False
303,Leavitt St & Addison St,POINT (-87.683359 41.946655),80.0,True
304,Damen Ave & Melrose Ave,POINT (-87.6785 41.9406),114.0,True
305,Monticello Ave & Irving Park Rd,POINT (-87.71912818 41.954004839),20.0,True
306,Sawyer Ave & Irving Park Rd,POINT (-87.7093108 41.953586179),13.0,True
307,Oakley Ave & Irving Park Rd,POINT (-87.686079624 41.954340852),97.0,True
308,California Ave & Byron St,POINT (-87.69805111299999 41.952162193),28.0,True
309,Troy St & Elston Ave,POINT (-87.70664990100001 41.945243568),84.0,True
310,Talman Ave & Addison St,POINT (-87.69461475799999 41.946635831),-217.0,False
311,California Ave & Fletcher St,POINT (-87.69800775600001 41.938428791),88.0,True
312,Central Park Ave & Elbridge Ave,POINT (-87.716889294 41.935337283),110.0,True
313,Wood St & Chicago Ave,POINT (-87.67206899999999 41.895634),269.0,True
314,Leavitt St & Division St,POINT (-87.683825 41.902997),-218.0,False
315,Paulina Ave & North Ave,POINT (-87.67007199999999 41.910337),511.0,True
316,Damen Ave & Division St,POINT (-87.67843499999999 41.903266),199.0,True
317,Ashland Ave & Chicago Ave,POINT (-87.66774699999999 41.89596599999999),476.0,True
318,Wood St & Milwaukee Ave,POINT (-87.672552 41.907655),369.0,True
319,California Ave & Division St,POINT (-87.697474 41.903029),-67.0,False
320,Wood St & Augusta Blvd,POINT (-87.6722 41.899181),378.0,True
321,Damen Ave & Grand Ave,POINT (-87.67684221299999 41.891264346),138.0,True
322,Damen Ave & Cortland St,POINT (-87.677335 41.915983),353.0,True
323,Western Ave & Division St,POINT (-87.687275 41.902893),280.0,True
324,Claremont Ave & Hirsch St,POINT (-87.68585400000001 41.907781),184.0,True
325,Walsh Park,POINT (-87.667968 41.91461),83.0,True
326,Marshfield Ave & Cortland St,POINT (-87.668879 41.916017),49.0,True
327,Damen Ave & Thomas St (Augusta Blvd),POINT (-87.677409 41.901315),915.0,True
328,Wood St & Hubbard St,POINT (-87.67147299999999 41.889899),-88.0,False
329,Ashland Ave & Augusta Blvd,POINT (-87.6677 41.899643),569.0,True
330,Honore St & Division St,POINT (-87.673935 41.903119),260.0,True
331,California Ave & Cortez St,POINT (-87.696704 41.900363),202.0,True
332,Ashland Ave & Division St,POINT (-87.66774699999999 41.90345),532.0,True
333,Western Ave & Walton St,POINT (-87.68659601600001 41.898417689),786.0,True
334,Damen Ave & Pierce Ave,POINT (-87.67769192899999 41.909396007),-555.0,False
335,Troy St & North Ave,POINT (-87.70528048700001 41.909769302),82.0,True
337,Orleans St & Elm St,POINT (-87.637715 41.902924),369.0,True
338,Wells St & Elm St,POINT (-87.63432399999999 41.903222),1960.0,True
339,Dearborn Pkwy & Delaware Pl,POINT (-87.629912 41.898969),605.0,True
340,Clark St & Schiller St,POINT (-87.631501 41.907993),2332.0,True
341,State St & Pearson St,POINT (-87.628722 41.897448),490.0,True
342,Halsted St & Clybourn Ave,POINT (-87.648128 41.909668),-557.0,False
343,Clybourn Ave & Division St,POINT (-87.640552 41.904613),334.0,True
344,Orleans St & Chestnut St (NEXT Apts),POINT (-87.637536 41.898203),341.0,True
345,Clark St & Elm St,POINT (-87.63128 41.902973),2383.0,True
346,Ritchie Ct & Banks St,POINT (-87.62621700000001 41.906866),1265.0,True
347,Larrabee St & Kingsbury St,POINT (-87.642884 41.897764),-789.0,False
348,Larrabee St & North Ave,POINT (-87.6435 41.91021),440.0,True
349,Wells St & Walton St,POINT (-87.63443006999999 41.89993001),699.0,True
350,Wells St & Evergreen Ave,POINT (-87.63483000000001 41.906724),906.0,True
351,Clark St & Chicago Ave,POINT (-87.63089000000001 41.89675),592.0,True
352,Sedgwick St & Schiller St,POINT (-87.638566 41.907626),539.0,True
353,Franklin St & Chicago Ave,POINT (-87.63566762200001 41.896746973),-384.0,False
354,Larrabee St & Division St,POINT (-87.643353494 41.90348607),-58.0,False
355,Larrabee St & Oak St,POINT (-87.64298546799999 41.900219493),360.0,True
357,Ada St & 113th St,POINT (-87.655475736 41.687561623),0.0,False
358,Vincennes Ave & 104th St,POINT (-87.65686811 41.704925565),0.0,False
359,Hale Ave & 107th St,POINT (-87.66891896700001 41.699206168),-1.0,False
360,Walden Pkwy & 100th St,POINT (-87.667733431 41.712164104),2.0,True
361,Halsted St & 111th St,POINT (-87.64261186100001 41.692262556),0.0,False
362,Major Taylor Trail & 115th St,POINT (-87.645288706 41.684931595),1.0,True
363,Racine Ave & Washington Blvd,POINT (-87.656952 41.883073),37.0,True
364,Canal St & Taylor St,POINT (-87.63947399999999 41.870257),-42.0,False
365,May St & Taylor St,POINT (-87.6554864 41.8694821),381.0,True
366,Racine Ave & Randolph St,POINT (-87.656853 41.884069),-283.0,False
367,Canal St & Harrison St,POINT (-87.639573 41.874255),-94.0,False
368,Halsted St & Roosevelt Rd,POINT (-87.648625 41.867324),-266.0,False
369,Green St & Madison St,POINT (-87.64878900000001 41.881892),-151.0,False
370,900 W Harrison St,POINT (-87.649807 41.874754),105.0,True
371,Aberdeen St & Monroe St,POINT (-87.655519 41.880419),335.0,True
372,Aberdeen St & Jackson Blvd,POINT (-87.65478743 41.87772613),250.0,True
373,Loomis St & Lexington St,POINT (-87.661501 41.872187),1047.0,True
374,Loomis St & Jackson Blvd,POINT (-87.66200699999999 41.877945),215.0,True
375,Sangamon St & Washington Blvd,POINT (-87.6511 41.88316500000001),159.0,True
376,Ada St & Washington Blvd,POINT (-87.66120600000001 41.88283),387.0,True
377,Halsted St & Polk St,POINT (-87.64664 41.87184),-458.0,False
378,Aberdeen St & Randolph St,POINT (-87.654264 41.884114),-61.0,False
379,Morgan St & Polk St,POINT (-87.65103000000001 41.871737),16.0,True
380,Clinton St & Tilden St,POINT (-87.640795 41.875885),62.0,True
381,Racine Ave & Congress Pkwy,POINT (-87.65703000000001 41.87464),158.0,True
382,Throop St & Taylor St,POINT (-87.65914100000001 41.868968),224.0,True
383,Green St & Randolph St,POINT (-87.64867 41.883668),-864.0,False
384,Peoria St & Jackson Blvd,POINT (-87.649617791 41.877641596),635.0,True
385,Clinton St & Polk St,POINT (-87.64094913299999 41.87146651800001),-72.0,False
386,Elizabeth (May) St & Fulton St,POINT (-87.658039927 41.886616486),-223.0,False
387,Clinton St & Roosevelt Rd,POINT (-87.64108795899999 41.867117783),-420.0,False
388,Morgan St & Lake St,POINT (-87.652304856 41.885483308),-1154.0,False
389,Avenue O & 134th St,POINT (-87.539671361 41.651867802),-1.0,False
390,Commercial Ave & 130th St,POINT (-87.550762296 41.659150428),-3.0,False
391,Torrence Ave & 126th Pl,POINT (-87.55721569100001 41.666312008),0.0,False
394,Lawndale Ave & 111th St,POINT (-87.71288573700001 41.69131919199999),1.0,True
395,Ravenswood Ave & Berteau Ave,POINT (-87.67356700000001 41.957921),-11.0,False
396,Clarendon Ave & Gordon Ter,POINT (-87.64962851999999 41.958472876),745.0,True
397,Southport Ave & Waveland Ave,POINT (-87.66394 41.94815),331.0,True
398,Ravenswood Ave & Irving Park Rd,POINT (-87.67393 41.95469),-244.0,False
399,Wolcott (Ravenswood) Ave & Montrose Ave,POINT (-87.67616899999999 41.961406),92.0,True
400,Clark St & Grace St,POINT (-87.659172 41.95078),319.0,True
401,Lincoln Ave & Waveland Ave,POINT (-87.67527800000001 41.948797),93.0,True
402,Southport Ave & Clark St,POINT (-87.664199 41.957081),173.0,True
403,Ashland Ave & Belle Plaine Ave,POINT (-87.668835 41.956057),82.0,True
404,Paulina St & Montrose Ave,POINT (-87.671387 41.961507),81.0,True
405,Broadway & Waveland Ave,POINT (-87.648636 41.949074),240.0,True
406,Southport Ave & Irving Park Rd,POINT (-87.66435799999999 41.954177),289.0,True
407,Ashland Ave & Grace St,POINT (-87.6687 41.950687),99.0,True
408,Sheridan Rd & Irving Park Rd,POINT (-87.65440600000001 41.954245),323.0,True
409,Sheridan Rd & Montrose Ave,POINT (-87.65464 41.96167),561.0,True
410,Sheridan Rd & Buena Ave,POINT (-87.654966 41.958494),730.0,True
411,Clark St & Montrose Ave,POINT (-87.66603600000001 41.961588),272.0,True
412,Pine Grove Ave & Waveland Ave,POINT (-87.64645278499999 41.949472741),765.0,True
413,Pine Grove Ave & Irving Park Rd,POINT (-87.648043 41.954383),832.0,True
414,Clarendon Ave & Junior Ter,POINT (-87.649603 41.961004),744.0,True
415,Broadway & Sheridan Rd,POINT (-87.64999300000001 41.952833),327.0,True
416,Sheffield Ave & Waveland Ave,POINT (-87.65452900000001 41.949399),545.0,True
417,Montrose Harbor,POINT (-87.638181 41.963982),-350.0,False
418,Winchester (Ravenswood) Ave & Balmoral Ave,POINT (-87.67753 41.979762),10.0,True
419,Winthrop Ave & Lawrence Ave,POINT (-87.657659 41.968812),201.0,True
420,Broadway & Argyle St,POINT (-87.65966 41.973815),346.0,True
421,Broadway & Wilson Ave,POINT (-87.65813900000001 41.965221),-1.0,False
422,Clarendon Ave & Leland Ave,POINT (-87.650001 41.967968),-86.0,False
423,Damen Ave & Leland Ave,POINT (-87.679028 41.967094),209.0,True
424,Lakefront Trail & Wilson Ave,POINT (-87.64536099999999 41.965845),-18.0,False
425,Marine Dr & Ainslie St,POINT (-87.650154 41.9716),563.0,True
426,Ravenswood Ave & Lawrence Ave,POINT (-87.67423700000001 41.96909),-175.0,False
427,Clark St & Leland Ave,POINT (-87.667429 41.96709600000001),484.0,True
428,Clark St & Winnemac Ave,POINT (-87.66785547100001 41.97334764),269.0,True
429,Broadway & Berwyn Ave,POINT (-87.65975300000001 41.97835300000001),270.0,True
430,Sheridan Rd & Lawrence Ave,POINT (-87.654691 41.969517),308.0,True
431,Clark St & Berwyn Ave,POINT (-87.668047105 41.977996654),-249.0,False
432,Fairbanks St & Superior St,POINT (-87.620104 41.895748),-1487.0,False
433,St. Clair St & Erie St,POINT (-87.622663 41.894448),-5902.0,False
434,Streeter Dr & Grand Ave,POINT (-87.612043 41.892278),-67.0,False
435,State St & Kinzie St,POINT (-87.62775400000001 41.889187),-739.0,False
436,Cityfront Plaza Dr & Pioneer Ct,POINT (-87.622072 41.890573),396.0,True
437,Mies van der Rohe Way & Chicago Ave,POINT (-87.62174300000001 41.89691),-1100.0,False
438,Rush St & Hubbard St,POINT (-87.62618499999999 41.890173),-223.0,False
439,Wabash Ave & Grand Ave,POINT (-87.626761 41.89146599999999),-213.0,False
440,Michigan Ave & Oak St,POINT (-87.62377664 41.90096039),-435.0,False
441,Michigan Ave & Pearson St,POINT (-87.62351 41.89765999999999),-849.0,False
442,New St & Illinois St,POINT (-87.618616819 41.890847041),1205.0,True
443,Mies van der Rohe Way & Chestnut St,POINT (-87.621915226 41.898586651),128.0,True
444,McClurg Ct & Erie St,POINT (-87.61785400000001 41.894503),-1518.0,False
445,Lake Shore Dr & Ohio St,POINT (-87.614492 41.89257),911.0,True
446,Rush St & Cedar St,POINT (-87.62769052799999 41.902308701),282.0,True
447,Fairbanks Ct & Grand Ave,POINT (-87.62058019600001 41.891847372),569.0,True
448,Rush St & Superior St,POINT (-87.62590803299999 41.895764746),-663.0,False
449,Latrobe Ave & Chicago Ave,POINT (-87.756895 41.894745),21.0,True
450,Kenton Ave & Madison St,POINT (-87.74101800000001 41.880708),6.0,True
451,Laramie Ave & Kinzie St,POINT (-87.755527 41.887832),-6.0,False
452,Central Ave & Harrison St,POINT (-87.764499 41.872993),6.0,True
453,Cicero Ave & Flournoy St,POINT (-87.746619 41.872131),4.0,True
454,Austin Blvd & Madison St,POINT (-87.77445300000001 41.880281),32.0,True
455,Cicero Ave & Quincy St,POINT (-87.74540500000001 41.877613),9.0,True
456,Laramie Ave & Madison St,POINT (-87.755337 41.880207),-9.0,False
457,Central Ave & Lake St,POINT (-87.765469 41.887664),-10.0,False
458,Cicero Ave & Lake St,POINT (-87.745261 41.886841),1.0,True
459,Central Ave & Madison St,POINT (-87.763238 41.880121),16.0,True
460,Austin Blvd & Lake St,POINT (-87.774446 41.887919),-7.0,False
461,Laramie Ave & Gladys Ave,POINT (-87.755285 41.875806),3.0,True
462,Canal St & Jackson Blvd,POINT (-87.63936600000001 41.877245),-484.0,False
463,Wacker Dr & Washington St,POINT (-87.637321 41.883132),-1023.0,False
464,Canal St & Monroe St,POINT (-87.63953000000001 41.88169),-43.0,False
465,Franklin St & Lake St,POINT (-87.63549999999999 41.885837),-1531.0,False
466,Franklin St & Monroe St,POINT (-87.63518499999999 41.880317),-2263.0,False
467,Franklin St & Adams St (Temp),POINT (-87.63550400700001 41.879434091),-1096.0,False
468,Franklin St & Jackson Blvd,POINT (-87.63532114100001 41.877707956),-452.0,False
469,Central Park Blvd & 5th Ave,POINT (-87.71547 41.875679),18.0,True
470,Conservatory Dr & Lake St,POINT (-87.71686600000001 41.885502),-30.0,False
471,Karlov Ave & Madison St,POINT (-87.727907 41.88085),8.0,True
472,Pulaski Rd & Lake St,POINT (-87.72649100000001 41.885409),-8.0,False
473,Pulaski Rd & Congress Pkwy,POINT (-87.72570400000001 41.874325),3.0,True
474,Kostner Ave & Lake St,POINT (-87.73541 41.885928),0.0,False
475,Kostner Ave & Adams St,POINT (-87.735737 41.877917),3.0,True
476,Kedzie Ave & Lake St,POINT (-87.706303744 41.884603285),33.0,True
477,Kedzie Ave & Roosevelt Rd,POINT (-87.706496176 41.86649278199999),-5.0,False
478,Clinton St & 18th St,POINT (-87.640826 41.85795),4.0,True
479,State St & 29th St,POINT (-87.626938 41.841707),23.0,True
480,Emerald Ave & 28th St,POINT (-87.645368 41.84358),251.0,True
481,Burnham Harbor,POINT (-87.613348 41.856268),-71.0,False
482,Indiana Ave & 26th St,POINT (-87.62248100000001 41.845687),246.0,True
483,Shields Ave & 31st St,POINT (-87.635406 41.838464),146.0,True
484,Calumet Ave & 18th St,POINT (-87.619407 41.857611),800.0,True
485,Emerald Ave & 31st St,POINT (-87.645143 41.838198),154.0,True
486,Wells St & 19th St,POINT (-87.63387900000001 41.856802),-58.0,False
487,State St & 19th St,POINT (-87.62754200000001 41.856594),79.0,True
488,Halsted St & 18th St,POINT (-87.646277 41.857499),329.0,True
489,Normal Ave & Archer Ave,POINT (-87.640591 41.849527),93.0,True
490,Shields Ave & 28th Pl,POINT (-87.635491 41.842733),175.0,True
491,Indiana Ave & 31st St,POINT (-87.62185699999999 41.838842),153.0,True
492,MLK Jr Dr & 29th St,POINT (-87.617 41.842052),727.0,True
493,Rhodes Ave & 32nd St,POINT (-87.61353299999999 41.836208),306.0,True
494,Wentworth Ave & Cermak Rd,POINT (-87.63193130499999 41.853084557),-149.0,False
495,State St & 35th St,POINT (-87.626797557 41.831036314),-328.0,False
496,State St & 33rd St,POINT (-87.62581299999999 41.834734),-464.0,False
497,Fort Dearborn Dr & 31st St,POINT (-87.60821800000001 41.838556),276.0,True
498,Calumet Ave & 35th St,POINT (-87.61803399999999 41.831379),72.0,True
499,Wabash Ave & Cermak Rd,POINT (-87.62648799999999 41.852619),39.0,True
500,Michigan Ave & 18th St,POINT (-87.62455 41.857813),612.0,True
501,Calumet Ave & 33rd St,POINT (-87.61793 41.8349),289.0,True
502,Wentworth Ave & 24th St (Temp),POINT (-87.63214051700001 41.850083693),-2.0,False
503,Calumet Ave & 21st St,POINT (-87.61915374100001 41.854184249),258.0,True
504,Wentworth Ave & 33rd St,POINT (-87.631822981 41.834529886),11.0,True
505,Lake Park Ave & 35th St,POINT (-87.608799195 41.831274235),258.0,True
506,McCormick Place,POINT (-87.61883464899999 41.851375173),137.0,True
507,Wells St & Huron St,POINT (-87.634362 41.89472199999999),849.0,True
508,Orleans St & Hubbard St,POINT (-87.636618 41.890028),-211.0,False
509,Orleans St & Merchandise Mart Plaza,POINT (-87.63639000000001 41.888243),-82.0,False
510,LaSalle Dr & Huron St,POINT (-87.63232600000001 41.894877),317.0,True
511,Sedgwick St & Huron St,POINT (-87.638437 41.894666),-25.0,False
512,Dearborn St & Erie St,POINT (-87.62931800000001 41.893992),426.0,True
513,LaSalle St & Illinois St,POINT (-87.631697 41.890762),-607.0,False
514,Wells St & Hubbard St,POINT (-87.634266 41.889906),-806.0,False
515,Kingsbury St & Kinzie St,POINT (-87.638505772 41.889176833),-224.0,False
516,Franklin St & Illinois St,POINT (-87.635479867 41.89102331),413.0,True
517,Kingsbury St & Erie St,POINT (-87.641697228 41.893808056),1607.0,True
518,Warren Park West,POINT (-87.688829 42.001785),38.0,True
519,Western Ave & Howard St,POINT (-87.690048 42.018901),7.0,True
520,Ridge Blvd & Howard St,POINT (-87.68451999999999 42.019276),-8.0,False
521,Oakley Ave & Touhy Ave,POINT (-87.688243 42.012342),-115.0,False
522,Warren Park East,POINT (-87.680666145 42.004549622),44.0,True
523,Western Ave & Lunt Ave,POINT (-87.69049223899999 42.008594397),235.0,True
524,Ridge Blvd & Touhy Ave,POINT (-87.682912644 42.012132277),16.0,True
525,Glenwood Ave & Touhy Ave,POINT (-87.66605799999999 42.012701),120.0,True
526,Greenview Ave & Jarvis Ave,POINT (-87.66856999999999 42.015962),-22.0,False
527,Clark St & Jarvis Ave,POINT (-87.675005 42.015963),-31.0,False
528,Clark St & Lunt Ave,POINT (-87.67419 42.009074),-143.0,False
529,Sheridan Rd & Columbia Ave,POINT (-87.661406 42.004583),138.0,True
530,Wolcott Ave & Fargo Ave,POINT (-87.677725 42.016977),9.0,True
531,Bosworth Ave & Howard St,POINT (-87.669563 42.019537),34.0,True
532,Paulina St & Howard St,POINT (-87.673573 42.019159),-74.0,False
533,Clark St & Touhy Ave,POINT (-87.674367115 42.012560115),-11.0,False
534,Sheridan Rd & Greenleaf Ave,POINT (-87.66241209499999 42.010586563),315.0,True
535,Glenwood Ave & Morse Ave,POINT (-87.665502394 42.007971923),160.0,True
536,Clark St & Columbia Ave,POINT (-87.672402405 42.004450629),88.0,True
537,Sheridan Rd & Loyola Ave,POINT (-87.66119824299999 42.00104378),67.0,True
538,Clark St & Schreiber Ave,POINT (-87.671377339 41.999251822),-59.0,False
539,Eastlake Ter & Rogers Ave,POINT (-87.66505792700001 42.020887281),193.0,True
540,Paulina St & 18th St,POINT (-87.668745 41.857901),341.0,True
541,Racine Ave & 18th St,POINT (-87.65649499999999 41.858166),643.0,True
542,Morgan Ave & 14th Pl,POINT (-87.651062 41.862378),274.0,True
543,Western Ave & 21st St,POINT (-87.685838 41.854109),113.0,True
544,Morgan St & 18th St,POINT (-87.651073 41.858086),369.0,True
545,Racine Ave & 15th St,POINT (-87.65662500000001 41.861267),188.0,True
546,Damen Ave & Coulter St,POINT (-87.67564 41.8492),78.0,True
547,Racine Ave & 13th St,POINT (-87.656959 41.865054),114.0,True
548,Western Ave & 24th St,POINT (-87.685109 41.84847),157.0,True
549,Damen Ave & Cullerton St,POINT (-87.67603486799999 41.854902589),196.0,True
550,Ashland Ave & 13th St,POINT (-87.666507 41.865234),-92.0,False
551,May St & Cullerton St,POINT (-87.654127 41.855136),132.0,True
552,Blue Island Ave & 18th St,POINT (-87.661535 41.857556),253.0,True
553,Washtenaw Ave & Ogden Ave,POINT (-87.693450451 41.861930493),-115.0,False
554,Halsted St & Maxwell St,POINT (-87.647071 41.864883),184.0,True
555,Halsted St & Archer Ave,POINT (-87.646795 41.847203),-124.0,False
556,Halsted St & 21st St,POINT (-87.64664999999999 41.85378),-6.0,False
557,Morgan St & 31st St,POINT (-87.65114 41.8378),263.0,True
558,Laflin St & Cullerton St,POINT (-87.66355991399999 41.854914576),172.0,True
559,Loomis St & Archer Ave,POINT (-87.65743495299999 41.84163254),122.0,True
560,Racine Ave & 35th St,POINT (-87.655975912 41.830696113),-29.0,False
561,Ashland Ave & Archer Ave,POINT (-87.665609859 41.839208684),-40.0,False
562,California Ave & 23rd Pl,POINT (-87.695139807 41.849109692),107.0,True
563,Ogden Ave & Roosevelt Rd,POINT (-87.68469707 41.866501483),124.0,True
564,Western Ave & 28th St,POINT (-87.68513144100001 41.841517708),-98.0,False
565,LaSalle St & Jackson Blvd,POINT (-87.631929 41.878166),-1745.0,False
566,State St & Van Buren St,POINT (-87.627844 41.877181),-248.0,False
567,Michigan Ave & Jackson Blvd,POINT (-87.62408000000001 41.87785),-10.0,False
568,Dearborn St & Adams St,POINT (-87.629791036 41.879356359),-1211.0,False
569,Wabash Ave & Adams St,POINT (-87.625688606 41.879472352),-760.0,False
570,LaSalle St & Adams St,POINT (-87.63198522100001 41.879344373),-799.0,False
571,Avondale Ave & Irving Park Rd,POINT (-87.73200200000001 41.953393),-187.0,False
572,Kilbourn Ave & Milwaukee Ave,POINT (-87.74002 41.948818),0.0,False
573,Kilbourn Ave & Irving Park Rd,POINT (-87.74056899999999 41.953733),6.0,True
574,Knox Ave & Montrose Ave,POINT (-87.74535899999999 41.960631),-7.0,False
575,Pulaski Rd & Eddy St (Temp),POINT (-87.73102299999999 41.946264),78.0,True
576,Milwaukee Ave & Cuyler Ave,POINT (-87.74959399999999 41.954468),45.0,True
577,Cottage Grove Ave & 47th St,POINT (-87.60675500000001 41.809855),50.0,True
578,MLK Jr Dr & Pershing Rd,POINT (-87.61678000000001 41.8246),-27.0,False
579,Cottage Grove Ave & 43rd St,POINT (-87.60658199999999 41.816499),27.0,True
580,Indiana Ave & 40th St,POINT (-87.6216 41.82168),19.0,True
581,Cottage Grove Ave & Oakwood Blvd,POINT (-87.6071 41.822985),82.0,True
582,Greenwood Ave & 47th St,POINT (-87.59938299999999 41.809835),132.0,True
583,MLK Jr Dr & 47th St,POINT (-87.61627900000001 41.809851),19.0,True
584,Woodlawn Ave & Lake Park Ave,POINT (-87.59700514799999 41.81409271),44.0,True
585,Prairie Ave & 43rd St,POINT (-87.61941246200001 41.816658893),69.0,True
586,Jefferson St & Monroe St,POINT (-87.642746 41.880422),361.0,True
587,Canal St & Madison St,POINT (-87.639833 41.882091),-89.0,False
588,Clinton St & Madison St,POINT (-87.64106600000001 41.882242),136.0,True
589,Canal St & Adams St,POINT (-87.639904 41.879255),-137.0,False
590,Desplaines St & Jackson Blvd,POINT (-87.64390899999999 41.878287),162.0,True
591,Clinton St & Washington Blvd,POINT (-87.64116999999999 41.88338),791.0,True
592,Clinton St & Lake St,POINT (-87.641823 41.885637),-649.0,False
593,Desplaines St & Kinzie St,POINT (-87.64444785299999 41.888716036),1067.0,True
594,Clinton St & Jackson Blvd,POINT (-87.63983845700001 41.87811603),-425.0,False
595,Desplaines St & Randolph St,POINT (-87.644570585 41.88461619),427.0,True
596,Austin Blvd & Chicago Ave,POINT (-87.774704 41.894887),23.0,True
597,Central Ave & Chicago Ave,POINT (-87.76490200000001 41.894958),24.0,True
598,Central Park Ave & North Ave,POINT (-87.71663195200001 41.909656876),-51.0,False
599,Spaulding Ave & Division St,POINT (-87.70921957100001 41.902706594),316.0,True
600,Yates Blvd & 75th St,POINT (-87.56644 41.758768),17.0,True
601,Cornell Dr & Hayes Dr,POINT (-87.584846 41.780595),8.0,True
602,Phillips Ave & 79th St,POINT (-87.56521100000001 41.75182),23.0,True
603,Bennett Ave & 79th St,POINT (-87.578496 41.751785),3.0,True
604,South Shore Dr & 67th St,POINT (-87.567514 41.773643),154.0,True
605,Stony Island Ave & 67th St,POINT (-87.58533973899999 41.773458499),18.0,True
606,Jeffery Blvd & 71st St,POINT (-87.576450114 41.766638237),7.0,True
607,South Shore Dr & 71st St,POINT (-87.565687572 41.76640945699999),40.0,True
608,Jeffery Blvd & 67th St,POINT (-87.577142826 41.773517551),27.0,True
609,Jeffery Blvd & 76th St,POINT (-87.575839359 41.757120068),13.0,True
610,Rainbow Beach,POINT (-87.54938625 41.757871448),25.0,True
611,South Shore Dr & 74th St,POINT (-87.55927465000001 41.76218896),51.0,True
612,Milwaukee Ave & Grand Ave,POINT (-87.64838399999999 41.891578),108.0,True
613,Noble St & Milwaukee Ave,POINT (-87.6626 41.90068),918.0,True
614,Ashland Ave & Blackhawk St,POINT (-87.667252 41.907066),933.0,True
615,Carpenter St & Huron St,POINT (-87.65344899999999 41.894556),847.0,True
616,Eckhart Park,POINT (-87.66098386 41.89637337),751.0,True
617,Ashland Ave & Grand Ave,POINT (-87.666611 41.89107199999999),193.0,True
618,Cherry Ave & Blackhawk St,POINT (-87.655618 41.907221),-173.0,False
619,Ogden Ave & Race Ave,POINT (-87.658751 41.891795),485.0,True
620,Sheffield Ave & Kingsbury St,POINT (-87.65310600000001 41.910522),-725.0,False
621,Elston Ave & Wabansia Ave,POINT (-87.664169 41.912919),-212.0,False
622,Halsted St & North Branch St,POINT (-87.64847987500001 41.899368439),-166.0,False
623,Dayton St & North Ave,POINT (-87.649421929 41.910578035),-257.0,False
624,Ogden Ave & Chicago Ave,POINT (-87.654061273 41.896362458),158.0,True
625,Stetson Ave & South Water St,POINT (-87.62232 41.886835),387.0,True
626,Wabash Ave & Wacker Pl,POINT (-87.62603 41.886875),-637.0,False
627,Michigan Ave & Lake St,POINT (-87.624117 41.886024),-1053.0,False
628,Columbus Dr & Randolph St,POINT (-87.61952099999999 41.884728),2120.0,True
629,Clark St & Randolph St,POINT (-87.63188991 41.884576228),-2054.0,False
630,Dusable Harbor,POINT (-87.612813 41.886976),-234.0,False
631,Clark St & Lake St,POINT (-87.630876058 41.886020828),-568.0,False
632,State St & Randolph St,POINT (-87.627733569 41.884730201),-412.0,False
633,Field Blvd & South Water St,POINT (-87.61751654700001 41.886349063),370.0,True
634,2112 W Peterson Ave,POINT (-87.683593 41.991178),-17.0,False
635,Western Ave & Granville Ave,POINT (-87.68943828200001 41.994161369),44.0,True
636,Maplewood Ave & Peterson Ave,POINT (-87.69336964 41.990236029),13.0,True
637,Budlong Woods Library,POINT (-87.69642256100001 41.983664709),9.0,True
638,Kildare Ave & Montrose Ave,POINT (-87.73569000000001 41.96108),-25.0,False
639,Keystone Ave & Montrose Ave,POINT (-87.728970101 41.961108016),41.0,True
640,Central Park Ave & 24th St,POINT (-87.715068 41.8481),33.0,True
641,California Ave & 21st St,POINT (-87.695742399 41.853804066),26.0,True
642,Central Park Ave & Ogden Ave,POINT (-87.715117335 41.854063504),-26.0,False
643,Kedzie Ave & 21st St,POINT (-87.705073032 41.853533632),53.0,True
644,Kedzie Ave & 24th St,POINT (-87.705413746 41.848190945),28.0,True
645,Albany Ave & 26th St,POINT (-87.702013013 41.844475014),-11.0,False
646,Millard Ave & 26th St,POINT (-87.71607220200001 41.8445571),23.0,True
647,California Ave & 26th St,POINT (-87.69529592299999 41.844040031),-34.0,False
648,LaSalle St & Washington St,POINT (-87.63253 41.882664),-1495.0,False
649,Daley Center Plaza,POINT (-87.629634 41.884241),-1273.0,False
650,Michigan Ave & Madison St,POINT (-87.625125 41.882134),-524.0,False
651,Michigan Ave & Washington St,POINT (-87.624683976 41.883984065),-665.0,False
652,Keystone Ave & Fullerton Ave,POINT (-87.72785 41.92459),117.0,True
653,Lake Shore Dr & Monroe St,POINT (-87.616743 41.880958),204.0,True
654,Millennium Park,POINT (-87.62408431999999 41.8810317),-714.0,False
655,Dearborn St & Monroe St,POINT (-87.629520919 41.881319815),-2803.0,False
