Start Station Key,Station Name,Station Geometry,Total_x,Total_y,diff,bike-out more than bike-in
2,Dauphin Ave & 103rd St,POINT (-87.607662678 41.707250368),18.0,,,False
3,Cottage Grove Ave & 111th Pl,POINT (-87.610001564 41.691709758),30.0,30.0,0.0,False
4,Vernon Ave & 107th St,POINT (-87.61225998399999 41.700121379),31.0,,,False
5,Halsted St & 96th St,POINT (-87.643019557 41.719712184),32.0,26.0,6.0,True
6,Greenwood Ave & 97th St,POINT (-87.597035766 41.718703155),63.0,61.0,2.0,True
8,Halsted St & 104th St,POINT (-87.64242410700001 41.705139789),,,,False
10,Indiana Ave & 103rd St,POINT (-87.61847198 41.707170271),66.0,61.0,5.0,True
11,State St & 123rd St,POINT (-87.622586489 41.670643837),,8.0,,False
12,Wentworth Ave & 104th St,POINT (-87.62921690899999 41.705307997),6.0,13.0,-7.0,False
13,Michigan Ave & 114th St,POINT (-87.621052265 41.687014795),15.0,21.0,-6.0,False
14,Eberhart Ave & 131st St,POINT (-87.610710897 41.658413151),,,,False
15,Stewart Ave & 83rd St,POINT (-87.63408800000001 41.743717),44.0,46.0,-2.0,False
16,Prospect Sq & 91st St,POINT (-87.66752390000001 41.7282338),127.0,124.0,3.0,True
17,Ashland Ave & 78th St,POINT (-87.663699389 41.752204849),93.0,71.0,22.0,True
18,Halsted St & 78th St,POINT (-87.64390215700001 41.752487012),41.0,43.0,-2.0,False
19,Loomis Blvd & 84th St,POINT (-87.65841007200001 41.741486529),84.0,85.0,-1.0,False
20,Summit Ave & 86th St,POINT (-87.64489978600001 41.737848477),39.0,47.0,-8.0,False
21,Elizabeth St & 92nd St,POINT (-87.654290199 41.726798964),104.0,110.0,-6.0,False
22,Eggleston Ave & 92nd St,POINT (-87.634828091 41.727575659),,51.0,,False
23,Vincennes Ave & 75th St,POINT (-87.63121 41.75797),60.0,56.0,4.0,True
24,Shedd Aquarium,POINT (-87.61535539 41.867225957),10868.0,9118.0,1750.0,True
25,Michigan Ave & 14th St,POINT (-87.623727 41.864059),8210.0,8028.0,182.0,True
26,Indiana Ave & Roosevelt Rd,POINT (-87.623041 41.867888),19016.0,18934.0,82.0,True
27,Wabash Ave & 16th St,POINT (-87.62581299999999 41.860384),5792.0,5668.0,124.0,True
28,Delano Ct & Roosevelt Rd,POINT (-87.63219000000001 41.86749099999999),3757.0,3489.0,268.0,True
29,Adler Planetarium,POINT (-87.60726700000001 41.866095),10415.0,9965.0,450.0,True
30,Wabash Ave & Roosevelt Rd,POINT (-87.625961 41.867227),15468.0,16923.0,-1455.0,False
31,Wabash Ave & 9th St,POINT (-87.62573399999999 41.870769),11009.0,11086.0,-77.0,False
32,Field Museum,POINT (-87.617867 41.865312),2467.0,2327.0,140.0,True
33,State St & Harrison St,POINT (-87.62771600000001 41.874053),4798.0,4948.0,-150.0,False
34,Michigan Ave & 8th St,POINT (-87.623981 41.872773),10715.0,10357.0,358.0,True
35,Clark St & 9th St (AMLI),POINT (-87.63124599999999 41.870816),3666.0,3469.0,197.0,True
36,Michigan Ave & Ida B Wells Dr,POINT (-87.624426 41.876243),3794.0,3488.0,306.0,True
37,Wells St & Polk St,POINT (-87.63350200000001 41.872596),6599.0,6374.0,225.0,True
38,Dearborn St & Van Buren St,POINT (-87.62915500000001 41.876268),3177.0,3028.0,149.0,True
39,Buckingham Fountain,POINT (-87.62054800999999 41.876511229),10482.0,9901.0,581.0,True
40,Federal St & Polk St,POINT (-87.62954377299999 41.872077633),9889.0,9962.0,-73.0,False
41,Clark St & Ida B Wells Dr,POINT (-87.630584536 41.875932666),2645.0,2553.0,92.0,True
42,Financial Pl & Ida B Wells Dr,POINT (-87.63309404299999 41.875023628),3418.0,3173.0,245.0,True
43,Clark St & Elmdale Ave,POINT (-87.66983360100001 41.990517556),2069.0,2184.0,-115.0,False
44,Broadway & Ridge Ave,POINT (-87.66027382899999 41.984044611),4720.0,4676.0,44.0,True
45,Clark St & Bryn Mawr Ave,POINT (-87.66915400000001 41.983593),4001.0,4182.0,-181.0,False
46,Broadway & Thorndale Ave,POINT (-87.66014062100001 41.989742511),4068.0,4344.0,-276.0,False
47,Lakefront Trail & Bryn Mawr Ave,POINT (-87.652310469 41.984036696),13411.0,13656.0,-245.0,False
48,Broadway & Granville Ave,POINT (-87.660284535 41.994779688),5758.0,5841.0,-83.0,False
49,Damen Ave & Walnut (Lake) St,POINT (-87.677009 41.885951),863.0,1083.0,-220.0,False
50,Kedzie Ave & Chicago Ave,POINT (-87.706127884 41.895465303),787.0,915.0,-128.0,False
51,Smith Park,POINT (-87.689397 41.892048),877.0,1181.0,-304.0,False
52,Western Ave & Fillmore St,POINT (-87.686234 41.868563),1972.0,2103.0,-131.0,False
53,Damen Ave & Chicago Ave,POINT (-87.67721999999999 41.895769),6161.0,6666.0,-505.0,False
54,Damen Ave & Madison St,POINT (-87.67493 41.88137),1216.0,1223.0,-7.0,False
55,Ashland Ave & Lake St,POINT (-87.66717 41.88592),2008.0,2055.0,-47.0,False
56,Wood St & Taylor St (Temp),POINT (-87.67373085 41.869265218),3689.0,3252.0,437.0,True
57,Leavitt St & Chicago Ave,POINT (-87.682017 41.895501),2902.0,2900.0,2.0,True
58,Fairfield Ave & Roosevelt Rd,POINT (-87.69452099999999 41.866624),344.0,391.0,-47.0,False
59,Hermitage Ave & Polk St,POINT (-87.66988600000001 41.871514),2831.0,2784.0,47.0,True
60,Wolcott Ave & Polk St,POINT (-87.673688 41.871262),5194.0,4783.0,411.0,True
61,Paulina St & Flournoy St,POINT (-87.66913000000001 41.87295),4596.0,3889.0,707.0,True
62,Ogden Ave & Congress Pkwy,POINT (-87.67328000000001 41.87501),1099.0,997.0,102.0,True
63,Malcolm X College,POINT (-87.673895 41.877618),622.0,586.0,36.0,True
64,California Ave & Lake St,POINT (-87.69629813700001 41.884453957),484.0,504.0,-20.0,False
65,Sacramento Blvd & Franklin Blvd,POINT (-87.70260751200001 41.890468792),335.0,357.0,-22.0,False
66,Western Ave & Monroe St,POINT (-87.68611280799999 41.879787709),1500.0,1648.0,-148.0,False
67,Artesian Ave & Hubbard St,POINT (-87.68821936499999 41.88949182),1519.0,1382.0,137.0,True
68,Western Ave & Congress Pkwy,POINT (-87.686445276 41.874748851),1899.0,1955.0,-56.0,False
69,Kedzie Ave & Harrison St,POINT (-87.70487074899999 41.873599675),163.0,188.0,-25.0,False
70,Ashland Ave & 74th St,POINT (-87.663474083 41.759236024),23.0,23.0,0.0,False
71,Ashland Ave & 66th St,POINT (-87.663815 41.774074),48.0,42.0,6.0,True
72,Damen Ave & 59th St,POINT (-87.67416700000001 41.78602),118.0,128.0,-10.0,False
73,Ashland Ave & Garfield Blvd,POINT (-87.664429 41.79282199999999),116.0,109.0,7.0,True
74,Marshfield Ave & 59th St,POINT (-87.66621500000001 41.786833),33.0,21.0,12.0,True
75,Ashland Ave & 63rd St,POINT (-87.664843 41.779374),76.0,82.0,-6.0,False
76,Elizabeth St & 59th St,POINT (-87.65585899999999 41.786691),,28.0,,False
77,Stewart Ave & 63rd St,POINT (-87.63477399999999 41.779835),62.0,65.0,-3.0,False
78,Carpenter St & 63rd St,POINT (-87.65091899999999 41.77987),,18.0,,False
79,Eggleston Ave & 69th St,POINT (-87.635876 41.768898),88.0,95.0,-7.0,False
80,Halsted St & 73rd St,POINT (-87.64416097700001 41.761605438),31.0,35.0,-4.0,False
81,May St & 69th St,POINT (-87.652934 41.768938),44.0,48.0,-4.0,False
82,Racine Ave & 65th St,POINT (-87.654308 41.775393),58.0,60.0,-2.0,False
83,Halsted St & 59th St,POINT (-87.644874 41.787539),72.0,61.0,11.0,True
84,Racine Ave & 61st St,POINT (-87.654372 41.783189),28.0,17.0,11.0,True
85,Halsted St & 56th St,POINT (-87.644990057 41.792929646),63.0,65.0,-2.0,False
86,Halsted St & 63rd St,POINT (-87.644620815 41.779381142),212.0,194.0,18.0,True
87,Wentworth Ave & 63rd St,POINT (-87.629746305 41.780079633),123.0,122.0,1.0,True
88,Halsted St & 69th St,POINT (-87.64461357799999 41.76906172),72.0,68.0,4.0,True
89,Perry Ave & 69th St,POINT (-87.628195929 41.76929309),130.0,131.0,-1.0,False
90,Oglesby Ave & 100th St,POINT (-87.565841675 41.713397484),38.0,46.0,-8.0,False
92,East End Ave & 87th St,POINT (-87.58280128200001 41.736815214),41.0,44.0,-3.0,False
93,Baltimore Ave & 87th St,POINT (-87.54851460499999 41.7373356),70.0,63.0,7.0,True
94,Ewing Ave & Burnham Greenway,POINT (-87.53481388100001 41.712748761),,,,False
95,Houston Ave & 92nd St,POINT (-87.549700141 41.728204215),55.0,66.0,-11.0,False
96,Big Marsh Park,POINT (-87.573823929 41.685877056),,,,False
97,Marquette Ave & 89th St,POINT (-87.55834221799999 41.733668791),27.0,39.0,-12.0,False
98,Bradley Park,POINT (-87.564591765 41.717878302),,,,False
99,Torrence Ave & 106th St,POINT (-87.559726238 41.70280085),,,,False
100,Clyde Ave & 87th St,POINT (-87.57274031600001 41.737151464),10.0,8.0,2.0,True
101,Constance Ave & 95th St,POINT (-87.578968406 41.722290741),21.0,20.0,1.0,True
102,Avenue O & 118th St,POINT (-87.53793122299999 41.681001459),,,,False
103,Burnham Greenway & 105th St,POINT (-87.52823174 41.70457508699999),,,,False
104,Phillips Ave & 83rd St,POINT (-87.56506 41.744531),182.0,178.0,4.0,True
105,Exchange Ave & 79th St,POINT (-87.552812 41.751731),154.0,156.0,-2.0,False
106,Stony Island Ave & South Chicago Ave,POINT (-87.585337 41.751173),132.0,132.0,0.0,False
107,South Chicago Ave & 83rd St,POINT (-87.575225 41.743921),66.0,57.0,9.0,True
108,South Chicago Ave & Elliot Ave,POINT (-87.580046 41.747363),27.0,23.0,4.0,True
109,Commercial Ave & 83rd St,POINT (-87.551208 41.744615),198.0,217.0,-19.0,False
110,State St & 54th St,POINT (-87.625923 41.796642),155.0,166.0,-11.0,False
111,Union Ave & Root St,POINT (-87.64327800000001 41.819102),466.0,469.0,-3.0,False
112,Racine Ave & Garfield Blvd,POINT (-87.655073 41.794228),222.0,246.0,-24.0,False
113,Western Blvd & 48th Pl,POINT (-87.683392 41.805661),238.0,282.0,-44.0,False
114,Elizabeth St & 47th St,POINT (-87.656526 41.80839),86.0,73.0,13.0,True
115,Archer (Damen) Ave & 37th St,POINT (-87.683144 41.826712),518.0,562.0,-44.0,False
116,Damen Ave & 51st St,POINT (-87.674684 41.800908),66.0,75.0,-9.0,False
117,Throop St & 52nd St,POINT (-87.657195 41.79965900000001),78.0,77.0,1.0,True
118,Princeton Ave & Garfield Blvd,POINT (-87.633124 41.794982),164.0,155.0,9.0,True
119,Halsted St & 37th St,POINT (-87.64572 41.82705900000001),511.0,509.0,2.0,True
120,Wentworth Ave & 35th St,POINT (-87.632504 41.830777),411.0,379.0,32.0,True
121,Marshfield Ave & 44th St,POINT (-87.666589 41.813996),120.0,141.0,-21.0,False
122,Halsted St & 35th St,POINT (-87.647172 41.830661),982.0,1002.0,-20.0,False
123,Damen Ave & Pershing Rd,POINT (-87.676597 41.823192),517.0,506.0,11.0,True
124,Seeley Ave & Garfield Blvd,POINT (-87.675478 41.794087),94.0,87.0,7.0,True
125,Morgan St & Pershing Rd,POINT (-87.650931 41.823613),106.0,117.0,-11.0,False
126,Hoyne Ave & 47th St,POINT (-87.67718000000001 41.808227),181.0,217.0,-36.0,False
127,Wallace St & 35th St,POINT (-87.64129 41.83062899999999),1010.0,1063.0,-53.0,False
128,Ashland Ave & McDowell Ave,POINT (-87.66454 41.80887),163.0,162.0,1.0,True
129,Ashland Ave & 50th St,POINT (-87.664699 41.803023),93.0,107.0,-14.0,False
130,Ashland Ave & Pershing Rd,POINT (-87.665577 41.823465),210.0,198.0,12.0,True
131,Wood St & 35th St,POINT (-87.670298309 41.830104654),545.0,586.0,-41.0,False
132,Halsted St & 51st St,POINT (-87.645213904 41.80183164),82.0,93.0,-11.0,False
133,State St & Pershing Rd,POINT (-87.62656801799999 41.823015238),323.0,298.0,25.0,True
134,Shields Ave & 43rd St,POINT (-87.63481935 41.816207679),,28.0,,False
135,Halsted St & 47th Pl,POINT (-87.645616554 41.808133915),421.0,419.0,2.0,True
136,Princeton Ave & 47th St,POINT (-87.63344928799999 41.809317709),277.0,238.0,39.0,True
137,Leavitt St & Archer Ave,POINT (-87.68060445899999 41.82879202),483.0,536.0,-53.0,False
138,Eberhart Ave & 91st St,POINT (-87.611829489 41.729267142),84.0,83.0,1.0,True
139,Michigan Ave & 71st St,POINT (-87.621748 41.765286),71.0,92.0,-21.0,False
140,State St & 95th St,POINT (-87.62285440000001 41.7218499),67.0,51.0,16.0,True
141,Dauphin Ave & 87th St,POINT (-87.60125756299999 41.73655902300001),28.0,21.0,7.0,True
142,Greenwood Ave & 91st St,POINT (-87.59729862200001 41.728264268),19.0,24.0,-5.0,False
143,Stony Island Ave & 90th St,POINT (-87.585743666 41.73139494300001),23.0,23.0,0.0,False
144,Wabash Ave & 83rd St,POINT (-87.622849 41.743316),110.0,110.0,0.0,False
145,Ellis Ave & 83rd St,POINT (-87.599034 41.74412299999999),116.0,111.0,5.0,True
146,Wabash Ave & 87th St,POINT (-87.62263399999999 41.736646),178.0,200.0,-22.0,False
147,Vernon Ave & 79th St,POINT (-87.61379000000001 41.75094),92.0,88.0,4.0,True
148,MLK Jr Dr & 83rd St,POINT (-87.6148 41.743116),95.0,89.0,6.0,True
149,Cottage Grove Ave & 78th St,POINT (-87.605026 41.753174),201.0,199.0,2.0,True
150,Greenwood Ave & 79th St,POINT (-87.59755200000001 41.751294),155.0,186.0,-31.0,False
151,Vernon Ave & 75th St,POINT (-87.614138 41.758361),131.0,137.0,-6.0,False
152,Stony Island Ave & 82nd St,POINT (-87.586005 41.746559),159.0,149.0,10.0,True
153,Evans Ave & 75th St,POINT (-87.60641 41.75849),105.0,98.0,7.0,True
154,Cottage Grove Ave & 83rd St,POINT (-87.60483599999999 41.743441),194.0,208.0,-14.0,False
155,Cottage Grove Ave & 71st St,POINT (-87.60495971299999 41.765719037),61.0,57.0,4.0,True
156,Woodlawn Ave & 75th St,POINT (-87.59575100000001 41.75915999999999),59.0,48.0,11.0,True
157,State St & 79th St,POINT (-87.624424 41.750794),177.0,172.0,5.0,True
158,State St & 76th St,POINT (-87.62462099999999 41.756971),47.0,36.0,11.0,True
159,Stony Island Ave & 75th St,POINT (-87.586882871 41.75866967),226.0,283.0,-57.0,False
160,Calumet Ave & 71st St,POINT (-87.616917925 41.765508006),134.0,138.0,-4.0,False
161,Ellis Ave & 53rd St,POINT (-87.600958115 41.799336263),2829.0,2710.0,119.0,True
162,Lake Park Ave & 53rd St,POINT (-87.586449896 41.799494294),3644.0,3703.0,-59.0,False
163,Kimbark Ave & 53rd St,POINT (-87.594747 41.799568),5445.0,5568.0,-123.0,False
164,Prairie Ave & Garfield Blvd,POINT (-87.618691 41.794853),388.0,396.0,-8.0,False
165,Cottage Grove Ave & 51st St,POINT (-87.60661500000001 41.803038),1304.0,1318.0,-14.0,False
166,Lake Park Ave & 47th St,POINT (-87.591875 41.809443),2000.0,1981.0,19.0,True
167,Cornell Ave & Hyde Park Blvd,POINT (-87.586924 41.802406),5415.0,5326.0,89.0,True
168,Woodlawn Ave & 55th St,POINT (-87.59647099999999 41.795264),2484.0,2404.0,80.0,True
169,Blackstone Ave & Hyde Park Blvd,POINT (-87.59036800000001 41.802562),3490.0,3357.0,133.0,True
170,Dorchester Ave & 49th St,POINT (-87.59246400000001 41.805772),857.0,822.0,35.0,True
171,Calumet Ave & 51st St,POINT (-87.61805357999999 41.802294651),678.0,693.0,-15.0,False
172,Hoyne Ave & Balmoral Ave,POINT (-87.68193199999999 41.979851),758.0,896.0,-138.0,False
173,Damen Ave & Sunnyside Ave,POINT (-87.67925799999999 41.96325),2069.0,1997.0,72.0,True
174,Lincoln Ave & Sunnyside Ave,POINT (-87.684781 41.963004),3368.0,3451.0,-83.0,False
175,Washtenaw Ave & Lawrence Ave,POINT (-87.696027 41.968987),1971.0,1948.0,23.0,True
176,Kedzie Ave & Foster Ave,POINT (-87.709261 41.975672),905.0,903.0,2.0,True
177,Manor Ave & Leland Ave,POINT (-87.70082499999999 41.965875),1296.0,1237.0,59.0,True
178,Leavitt St & Lawrence Ave,POINT (-87.68400099999999 41.968885),1681.0,1738.0,-57.0,False
179,Western Ave & Leland Ave,POINT (-87.688418627 41.966494532),3545.0,3788.0,-243.0,False
180,Francisco Ave & Foster Ave,POINT (-87.70141943899999 41.975632725),1599.0,1580.0,19.0,True
181,Damen Ave & Foster Ave,POINT (-87.67945903899999 41.975614805),2779.0,2795.0,-16.0,False
182,St. Louis Ave & Balmoral Ave,POINT (-87.716114961 41.980394235),713.0,669.0,44.0,True
183,Lincoln Ave & Winona St,POINT (-87.69250255899999 41.974911297),1554.0,1585.0,-31.0,False
184,Christiana Ave & Lawrence Ave,POINT (-87.711830667 41.968354494),1016.0,1069.0,-53.0,False
185,Kedzie Ave & Leland Ave,POINT (-87.708051981 41.966686362),1009.0,1059.0,-50.0,False
186,Rockwell St & Eastwood Ave,POINT (-87.693638494 41.96590014),1628.0,1561.0,67.0,True
187,Campbell Ave & Montrose Ave,POINT (-87.691165041 41.961525933),1812.0,1777.0,35.0,True
188,Kedzie Ave & Bryn Mawr Ave,POINT (-87.70892252 41.982397085),764.0,783.0,-19.0,False
189,Drake Ave & Montrose Ave,POINT (-87.71656907299999 41.961154076),747.0,728.0,19.0,True
190,Central Park Ave & Bloomingdale Ave,POINT (-87.71675500000001 41.91416599999999),1594.0,1690.0,-96.0,False
191,California Ave & Altgeld St,POINT (-87.69766800000001 41.92669),2598.0,2734.0,-136.0,False
192,California Ave & Milwaukee Ave,POINT (-87.697153 41.922695),5988.0,5995.0,-7.0,False
193,Kedzie Ave & Milwaukee Ave,POINT (-87.70785699999999 41.929567),7072.0,7561.0,-489.0,False
194,Leavitt St & North Ave,POINT (-87.68238902100001 41.910509367),3502.0,3517.0,-15.0,False
195,Damen Ave & Charleston St,POINT (-87.67785500000001 41.920082),3171.0,3231.0,-60.0,False
196,Western Ave & Winnebago Ave,POINT (-87.687022 41.91552),4984.0,4920.0,64.0,True
197,Stave St & Armitage Ave,POINT (-87.69139200000001 41.917741),2564.0,2607.0,-43.0,False
198,Milwaukee Ave & Rockwell St,POINT (-87.69265919899999 41.920195562),2769.0,2747.0,22.0,True
199,Kedzie Ave & Palmer Ct,POINT (-87.70732199999999 41.921525),3118.0,3155.0,-37.0,False
200,California Ave & North Ave,POINT (-87.6972 41.91044),2911.0,2940.0,-29.0,False
201,Leavitt St & Armitage Ave,POINT (-87.68243699999999 41.917805),3290.0,3242.0,48.0,True
202,Campbell Ave & North Ave,POINT (-87.68955600000001 41.910535),3349.0,3374.0,-25.0,False
203,Logan Blvd & Elston Ave,POINT (-87.684158 41.929465),3443.0,3901.0,-458.0,False
204,Milwaukee Ave & Wabansia Ave,POINT (-87.681391 41.912616),7482.0,7680.0,-198.0,False
205,California Ave & Francis Pl (Temp),POINT (-87.69742280200001 41.918491154),2547.0,2602.0,-55.0,False
206,Kosciuszko Park,POINT (-87.723777364 41.930585371),1588.0,1761.0,-173.0,False
207,Campbell Ave & Fullerton Ave,POINT (-87.68930700600001 41.924632472),2570.0,2551.0,19.0,True
208,Spaulding Ave & Armitage Ave,POINT (-87.710220963 41.917108035),1898.0,1980.0,-82.0,False
209,Humboldt Blvd & Armitage Ave,POINT (-87.701808955 41.917513394),3533.0,3635.0,-102.0,False
210,St. Louis Ave & Fullerton Ave,POINT (-87.71449506299999 41.924815597),2305.0,2428.0,-123.0,False
211,Richmond St & Diversey Ave,POINT (-87.70119513 41.931901969),1430.0,1491.0,-61.0,False
212,Albany Ave & Bloomingdale Ave,POINT (-87.70512646200001 41.914026713),2054.0,2000.0,54.0,True
213,Dorchester Ave & 63rd St,POINT (-87.591415989 41.780405646),754.0,770.0,-16.0,False
214,Lake Park Ave & 56th St,POINT (-87.58778199999999 41.793242),3643.0,3646.0,-3.0,False
215,Shore Dr & 55th St,POINT (-87.580715 41.795212),8974.0,9099.0,-125.0,False
216,Rhodes Ave & 71st St,POINT (-87.611726 41.76600000000001),38.0,34.0,4.0,True
217,University Ave & 57th St,POINT (-87.599861 41.79147800000001),3989.0,4009.0,-20.0,False
218,Cottage Grove Ave & 67th St,POINT (-87.60563486 41.773720952),225.0,227.0,-2.0,False
219,Ellis Ave & 58th St,POINT (-87.60133399999999 41.788746),2509.0,2506.0,3.0,True
220,Stony Island Ave & 64th St,POINT (-87.586647 41.778881),362.0,346.0,16.0,True
221,63rd St Beach,POINT (-87.57611976 41.781016372),2091.0,2102.0,-11.0,False
222,Stony Island Ave & 71st St,POINT (-87.586460878 41.766492937),340.0,354.0,-14.0,False
223,Ellis Ave & 55th St,POINT (-87.601449773 41.794300621),2512.0,2483.0,29.0,True
224,Cottage Grove Ave & 63rd St,POINT (-87.60583609299999 41.780600945),401.0,423.0,-22.0,False
225,DuSable Museum,POINT (-87.60785217700001 41.791568011),582.0,592.0,-10.0,False
226,Eberhart Ave & 61st St,POINT (-87.61330783 41.784141693),401.0,428.0,-27.0,False
227,Harper Ave & 59th St,POINT (-87.58831517 41.787942813),1450.0,1411.0,39.0,True
228,Ellis Ave & 60th St,POINT (-87.601072761 41.785097146),3162.0,3165.0,-3.0,False
229,MLK Jr Dr & 56th St,POINT (-87.615853262 41.79342945699999),340.0,342.0,-2.0,False
230,MLK Jr Dr & 63rd St,POINT (-87.61594285700001 41.780080637),238.0,250.0,-12.0,False
231,Museum of Science and Industry,POINT (-87.58394500899999 41.79172821),2767.0,2731.0,36.0,True
233,Damen Ave & Clybourn Ave,POINT (-87.67785600000001 41.931931),2795.0,3070.0,-275.0,False
234,Clark St & Armitage Ave,POINT (-87.63628199999999 41.918306),18352.0,17350.0,1002.0,True
235,Clark St & Drummond Pl,POINT (-87.644336 41.931248),13310.0,13520.0,-210.0,False
236,Clark St & North Ave,POINT (-87.63194200000001 41.911974),9153.0,9337.0,-184.0,False
237,Larrabee St & Webster Ave,POINT (-87.64414000000001 41.921822),15907.0,16396.0,-489.0,False
238,Halsted St & Dickens Ave,POINT (-87.64883 41.919936),9609.0,10172.0,-563.0,False
239,Sedgwick St & Webster Ave,POINT (-87.63888799999999 41.922167),7929.0,7750.0,179.0,True
240,Sheffield Ave & Wrightwood Ave,POINT (-87.65383299999999 41.928712),9569.0,9257.0,312.0,True
241,Racine Ave & Wrightwood Ave,POINT (-87.65897099999999 41.928887),4088.0,4064.0,24.0,True
242,Wells St & Concord Ln,POINT (-87.63465600000001 41.912133),19059.0,19353.0,-294.0,False
243,Lake Shore Dr & North Blvd,POINT (-87.62680400000001 41.911722),22472.0,23122.0,-650.0,False
244,Lincoln Ave & Fullerton Ave,POINT (-87.64926 41.925905),12575.0,12711.0,-136.0,False
245,Clifton Ave & Armitage Ave,POINT (-87.656936 41.91821599999999),5917.0,6011.0,-94.0,False
246,Halsted St & Wrightwood Ave,POINT (-87.64907700000001 41.929143),9304.0,9312.0,-8.0,False
247,Lincoln Ave & Diversey Pkwy,POINT (-87.65861700000001 41.932225),7494.0,7435.0,59.0,True
248,Sedgwick St & North Ave,POINT (-87.638677 41.911386),8180.0,7807.0,373.0,True
249,Southport Ave & Wrightwood Ave,POINT (-87.66391299999999 41.928773),5469.0,5593.0,-124.0,False
250,Lakeview Ave & Fullerton Pkwy,POINT (-87.63897299999999 41.92585800000001),15365.0,15138.0,227.0,True
251,Lake Shore Dr & Diversey Pkwy,POINT (-87.636427 41.932588),15073.0,15143.0,-70.0,False
252,Theater on the Lake,POINT (-87.63083399999999 41.926277),25067.0,26421.0,-1354.0,False
253,Bissell St & Armitage Ave,POINT (-87.65222 41.91844),11514.0,12132.0,-618.0,False
254,Ashland Ave & Wrightwood Ave,POINT (-87.66850699999999 41.92883),3767.0,3976.0,-209.0,False
255,Halsted St & Willow St,POINT (-87.64875500000001 41.913865),6312.0,6265.0,47.0,True
256,Sheffield Ave & Willow St,POINT (-87.652855 41.913688),7530.0,7914.0,-384.0,False
257,Larrabee St & Menomonee St,POINT (-87.64331999999999 41.91468),3253.0,3101.0,152.0,True
258,Sheffield Ave & Webster Ave,POINT (-87.653818 41.92154),9526.0,9634.0,-108.0,False
259,Clark St & Wrightwood Ave,POINT (-87.643118 41.929546),13059.0,13203.0,-144.0,False
260,Stockton Dr & Wrightwood Ave,POINT (-87.63874200000001 41.93132),13085.0,13115.0,-30.0,False
261,Clark St & Lincoln Ave,POINT (-87.63460000000001 41.915689),17884.0,17906.0,-22.0,False
262,Larrabee St & Armitage Ave,POINT (-87.643749 41.918084),6173.0,5990.0,183.0,True
263,Greenview Ave & Fullerton Ave,POINT (-87.6658 41.92533),6015.0,6590.0,-575.0,False
264,Southport Ave & Clybourn Ave,POINT (-87.663712 41.920771),3684.0,3781.0,-97.0,False
265,Wilton Ave & Diversey Pkwy,POINT (-87.65270500000001 41.932418),9085.0,8730.0,355.0,True
266,Racine Ave & Fullerton Ave,POINT (-87.65840426 41.92556258),6162.0,6189.0,-27.0,False
267,Cannon Dr & Fullerton Ave,POINT (-87.634428785 41.926755988),6278.0,6192.0,86.0,True
268,Winchester Ave & Elston Ave,POINT (-87.67646007499999 41.92409085),2100.0,2128.0,-28.0,False
269,Sheffield Ave & Fullerton Ave,POINT (-87.65370804200001 41.925601882),6723.0,5812.0,911.0,True
270,Lincoln Park Conservatory,POINT (-87.635824531 41.923931311),9324.0,9028.0,296.0,True
272,Clark St & Newport St,POINT (-87.654678 41.94454),8645.0,9099.0,-454.0,False
273,Southport Ave & Belmont Ave,POINT (-87.663747668 41.93947775),5682.0,5696.0,-14.0,False
274,Broadway & Barry Ave,POINT (-87.644097805 41.937582316),18232.0,18751.0,-519.0,False
275,Lake Shore Dr & Belmont Ave,POINT (-87.63919200000001 41.940775),15194.0,15445.0,-251.0,False
276,Broadway & Belmont Ave,POINT (-87.64545099999999 41.940106),10194.0,10468.0,-274.0,False
277,Broadway & Cornelia Ave,POINT (-87.646439 41.945529),13945.0,13919.0,26.0,True
278,Wilton Ave & Belmont Ave,POINT (-87.65304 41.94018),13786.0,14183.0,-397.0,False
279,Sheffield Ave & Wellington Ave,POINT (-87.65266200000001 41.936266),10749.0,10993.0,-244.0,False
280,Halsted St & Roscoe St,POINT (-87.64895 41.94367),12569.0,12741.0,-172.0,False
281,Lincoln Ave & Addison St,POINT (-87.67330799999999 41.946176),1994.0,2082.0,-88.0,False
282,Lincoln Ave & Roscoe St,POINT (-87.67097 41.94334),6274.0,6453.0,-179.0,False
283,Ashland Ave & Wellington Ave,POINT (-87.66980699999999 41.936083),3539.0,3610.0,-71.0,False
284,Lincoln Ave & Belmont Ave,POINT (-87.668385 41.939365),5813.0,5993.0,-180.0,False
285,Southport Ave & Roscoe St,POINT (-87.66401999999999 41.943739),10671.0,11287.0,-616.0,False
286,Burling St & Diversey Pkwy,POINT (-87.64775999999999 41.93314),8235.0,8598.0,-363.0,False
287,Southport Ave & Wellington Ave,POINT (-87.66357600000001 41.935733),6705.0,6826.0,-121.0,False
288,Racine Ave & Belmont Ave,POINT (-87.65886500000001 41.939743),7293.0,7378.0,-85.0,False
289,Clark St & Wellington Ave,POINT (-87.64753865799999 41.936496822),12028.0,12174.0,-146.0,False
290,Greenview Ave & Diversey Pkwy,POINT (-87.665936351 41.932589634),3298.0,3219.0,79.0,True
291,Lake Shore Dr & Wellington Ave,POINT (-87.63682901899999 41.936688449),17743.0,18003.0,-260.0,False
292,Bernard St & Elston Ave,POINT (-87.713949 41.949923),441.0,492.0,-51.0,False
293,Leavitt St & Belmont Ave,POINT (-87.68328199999999 41.93935399999999),1577.0,1817.0,-240.0,False
294,Albany Ave & Montrose Ave,POINT (-87.705866 41.96104099999999),1353.0,1365.0,-12.0,False
295,Drake Ave & Addison St,POINT (-87.71758199999999 41.947326),364.0,325.0,39.0,True
296,California Ave & Montrose Ave,POINT (-87.69543900000001 41.961068),2805.0,2864.0,-59.0,False
297,Western Ave & Roscoe St,POINT (-87.687288 41.943034),1801.0,1909.0,-108.0,False
298,Kimball Ave & Belmont Ave,POINT (-87.711561 41.939398),1329.0,1344.0,-15.0,False
299,Avers Ave & Belmont Ave,POINT (-87.723574 41.939408),1193.0,1246.0,-53.0,False
300,Lincoln Ave & Belle Plaine Ave,POINT (-87.680161446 41.956003551),3556.0,3589.0,-33.0,False
301,Damen Ave & Wellington Ave,POINT (-87.67841999999999 41.93588),2964.0,3119.0,-155.0,False
302,Seeley Ave & Roscoe St,POINT (-87.679618 41.943403),3149.0,3324.0,-175.0,False
303,Leavitt St & Addison St,POINT (-87.683359 41.946655),1347.0,1272.0,75.0,True
304,Damen Ave & Melrose Ave,POINT (-87.6785 41.9406),2028.0,2052.0,-24.0,False
305,Monticello Ave & Irving Park Rd,POINT (-87.71912818 41.954004839),854.0,875.0,-21.0,False
306,Sawyer Ave & Irving Park Rd,POINT (-87.7093108 41.953586179),945.0,1001.0,-56.0,False
307,Oakley Ave & Irving Park Rd,POINT (-87.686079624 41.954340852),1420.0,1415.0,5.0,True
308,California Ave & Byron St,POINT (-87.69805111299999 41.952162193),1668.0,1738.0,-70.0,False
309,Troy St & Elston Ave,POINT (-87.70664990100001 41.945243568),1399.0,1521.0,-122.0,False
310,Talman Ave & Addison St,POINT (-87.69461475799999 41.946635831),1537.0,1569.0,-32.0,False
311,California Ave & Fletcher St,POINT (-87.69800775600001 41.938428791),1835.0,2204.0,-369.0,False
312,Central Park Ave & Elbridge Ave,POINT (-87.716889294 41.935337283),1217.0,1195.0,22.0,True
313,Wood St & Chicago Ave,POINT (-87.67206899999999 41.895634),2467.0,2824.0,-357.0,False
314,Leavitt St & Division St,POINT (-87.683825 41.902997),1519.0,1651.0,-132.0,False
315,Paulina Ave & North Ave,POINT (-87.67007199999999 41.910337),5408.0,5495.0,-87.0,False
316,Damen Ave & Division St,POINT (-87.67843499999999 41.903266),5251.0,4985.0,266.0,True
317,Ashland Ave & Chicago Ave,POINT (-87.66774699999999 41.89596599999999),4837.0,4911.0,-74.0,False
318,Wood St & Milwaukee Ave,POINT (-87.672552 41.907655),8493.0,8986.0,-493.0,False
319,California Ave & Division St,POINT (-87.697474 41.903029),3133.0,3426.0,-293.0,False
320,Wood St & Augusta Blvd,POINT (-87.6722 41.899181),3589.0,3446.0,143.0,True
321,Damen Ave & Grand Ave,POINT (-87.67684221299999 41.891264346),2501.0,2555.0,-54.0,False
322,Damen Ave & Cortland St,POINT (-87.677335 41.915983),6464.0,6663.0,-199.0,False
323,Western Ave & Division St,POINT (-87.687275 41.902893),3059.0,2898.0,161.0,True
324,Claremont Ave & Hirsch St,POINT (-87.68585400000001 41.907781),1302.0,1202.0,100.0,True
325,Walsh Park,POINT (-87.667968 41.91461),2979.0,2742.0,237.0,True
326,Marshfield Ave & Cortland St,POINT (-87.668879 41.916017),4599.0,4465.0,134.0,True
327,Damen Ave & Thomas St (Augusta Blvd),POINT (-87.677409 41.901315),4919.0,4545.0,374.0,True
328,Wood St & Hubbard St,POINT (-87.67147299999999 41.889899),1954.0,2006.0,-52.0,False
329,Ashland Ave & Augusta Blvd,POINT (-87.6677 41.899643),3878.0,3767.0,111.0,True
330,Honore St & Division St,POINT (-87.673935 41.903119),6727.0,6663.0,64.0,True
331,California Ave & Cortez St,POINT (-87.696704 41.900363),2934.0,3014.0,-80.0,False
332,Ashland Ave & Division St,POINT (-87.66774699999999 41.90345),12205.0,12583.0,-378.0,False
333,Western Ave & Walton St,POINT (-87.68659601600001 41.898417689),4240.0,4034.0,206.0,True
334,Damen Ave & Pierce Ave,POINT (-87.67769192899999 41.909396007),11100.0,12268.0,-1168.0,False
335,Troy St & North Ave,POINT (-87.70528048700001 41.909769302),2509.0,2585.0,-76.0,False
337,Orleans St & Elm St,POINT (-87.637715 41.902924),2771.0,2691.0,80.0,True
338,Wells St & Elm St,POINT (-87.63432399999999 41.903222),17062.0,16009.0,1053.0,True
339,Dearborn Pkwy & Delaware Pl,POINT (-87.629912 41.898969),14533.0,14691.0,-158.0,False
340,Clark St & Schiller St,POINT (-87.631501 41.907993),13807.0,12200.0,1607.0,True
341,State St & Pearson St,POINT (-87.628722 41.897448),6732.0,6177.0,555.0,True
342,Halsted St & Clybourn Ave,POINT (-87.648128 41.909668),8990.0,9542.0,-552.0,False
343,Clybourn Ave & Division St,POINT (-87.640552 41.904613),3992.0,4116.0,-124.0,False
344,Orleans St & Chestnut St (NEXT Apts),POINT (-87.637536 41.898203),5773.0,5641.0,132.0,True
345,Clark St & Elm St,POINT (-87.63128 41.902973),23992.0,23723.0,269.0,True
346,Ritchie Ct & Banks St,POINT (-87.62621700000001 41.906866),8509.0,8283.0,226.0,True
347,Larrabee St & Kingsbury St,POINT (-87.642884 41.897764),6757.0,6263.0,494.0,True
348,Larrabee St & North Ave,POINT (-87.6435 41.91021),3803.0,3636.0,167.0,True
349,Wells St & Walton St,POINT (-87.63443006999999 41.89993001),5618.0,4400.0,1218.0,True
350,Wells St & Evergreen Ave,POINT (-87.63483000000001 41.906724),15069.0,14956.0,113.0,True
351,Clark St & Chicago Ave,POINT (-87.63089000000001 41.89675),8807.0,8128.0,679.0,True
352,Sedgwick St & Schiller St,POINT (-87.638566 41.907626),2800.0,2640.0,160.0,True
353,Franklin St & Chicago Ave,POINT (-87.63566762200001 41.896746973),7234.0,6999.0,235.0,True
354,Larrabee St & Division St,POINT (-87.643353494 41.90348607),6513.0,6667.0,-154.0,False
355,Larrabee St & Oak St,POINT (-87.64298546799999 41.900219493),3792.0,3682.0,110.0,True
357,Ada St & 113th St,POINT (-87.655475736 41.687561623),,,,False
358,Vincennes Ave & 104th St,POINT (-87.65686811 41.704925565),8.0,,,False
359,Hale Ave & 107th St,POINT (-87.66891896700001 41.699206168),14.0,,,False
360,Walden Pkwy & 100th St,POINT (-87.667733431 41.712164104),,,,False
361,Halsted St & 111th St,POINT (-87.64261186100001 41.692262556),17.0,15.0,2.0,True
362,Major Taylor Trail & 115th St,POINT (-87.645288706 41.684931595),,26.0,,False
363,Racine Ave & Washington Blvd,POINT (-87.656952 41.883073),1625.0,1713.0,-88.0,False
364,Canal St & Taylor St,POINT (-87.63947399999999 41.870257),2776.0,2942.0,-166.0,False
365,May St & Taylor St,POINT (-87.6554864 41.8694821),5114.0,5188.0,-74.0,False
366,Racine Ave & Randolph St,POINT (-87.656853 41.884069),2272.0,2333.0,-61.0,False
367,Canal St & Harrison St,POINT (-87.639573 41.874255),1287.0,1219.0,68.0,True
368,Halsted St & Roosevelt Rd,POINT (-87.648625 41.867324),1971.0,1812.0,159.0,True
369,Green St & Madison St,POINT (-87.64878900000001 41.881892),11442.0,12699.0,-1257.0,False
370,900 W Harrison St,POINT (-87.649807 41.874754),2763.0,2669.0,94.0,True
371,Aberdeen St & Monroe St,POINT (-87.655519 41.880419),4342.0,4508.0,-166.0,False
372,Aberdeen St & Jackson Blvd,POINT (-87.65478743 41.87772613),5982.0,5832.0,150.0,True
373,Loomis St & Lexington St,POINT (-87.661501 41.872187),7854.0,7731.0,123.0,True
374,Loomis St & Jackson Blvd,POINT (-87.66200699999999 41.877945),3230.0,3443.0,-213.0,False
375,Sangamon St & Washington Blvd,POINT (-87.6511 41.88316500000001),4445.0,4586.0,-141.0,False
376,Ada St & Washington Blvd,POINT (-87.66120600000001 41.88283),4638.0,4568.0,70.0,True
377,Halsted St & Polk St,POINT (-87.64664 41.87184),3095.0,3187.0,-92.0,False
378,Aberdeen St & Randolph St,POINT (-87.654264 41.884114),4177.0,4498.0,-321.0,False
379,Morgan St & Polk St,POINT (-87.65103000000001 41.871737),4452.0,4322.0,130.0,True
380,Clinton St & Tilden St,POINT (-87.640795 41.875885),1688.0,1612.0,76.0,True
381,Racine Ave & Congress Pkwy,POINT (-87.65703000000001 41.87464),1895.0,1717.0,178.0,True
382,Throop St & Taylor St,POINT (-87.65914100000001 41.868968),3667.0,3722.0,-55.0,False
383,Green St & Randolph St,POINT (-87.64867 41.883668),8464.0,9240.0,-776.0,False
384,Peoria St & Jackson Blvd,POINT (-87.649617791 41.877641596),7382.0,7333.0,49.0,True
385,Clinton St & Polk St,POINT (-87.64094913299999 41.87146651800001),530.0,603.0,-73.0,False
386,Elizabeth (May) St & Fulton St,POINT (-87.658039927 41.886616486),2696.0,2708.0,-12.0,False
387,Clinton St & Roosevelt Rd,POINT (-87.64108795899999 41.867117783),4274.0,4943.0,-669.0,False
388,Morgan St & Lake St,POINT (-87.652304856 41.885483308),8423.0,9953.0,-1530.0,False
389,Avenue O & 134th St,POINT (-87.539671361 41.651867802),37.0,41.0,-4.0,False
390,Commercial Ave & 130th St,POINT (-87.550762296 41.659150428),,14.0,,False
391,Torrence Ave & 126th Pl,POINT (-87.55721569100001 41.666312008),,,,False
394,Lawndale Ave & 111th St,POINT (-87.71288573700001 41.69131919199999),,,,False
395,Ravenswood Ave & Berteau Ave,POINT (-87.67356700000001 41.957921),1823.0,1824.0,-1.0,False
396,Clarendon Ave & Gordon Ter,POINT (-87.64962851999999 41.958472876),7596.0,7442.0,154.0,True
397,Southport Ave & Waveland Ave,POINT (-87.66394 41.94815),9812.0,10151.0,-339.0,False
398,Ravenswood Ave & Irving Park Rd,POINT (-87.67393 41.95469),3215.0,3204.0,11.0,True
399,Wolcott (Ravenswood) Ave & Montrose Ave,POINT (-87.67616899999999 41.961406),3224.0,3228.0,-4.0,False
400,Clark St & Grace St,POINT (-87.659172 41.95078),8112.0,8078.0,34.0,True
401,Lincoln Ave & Waveland Ave,POINT (-87.67527800000001 41.948797),3323.0,3415.0,-92.0,False
402,Southport Ave & Clark St,POINT (-87.664199 41.957081),2111.0,1990.0,121.0,True
403,Ashland Ave & Belle Plaine Ave,POINT (-87.668835 41.956057),2056.0,2063.0,-7.0,False
404,Paulina St & Montrose Ave,POINT (-87.671387 41.961507),2063.0,1957.0,106.0,True
405,Broadway & Waveland Ave,POINT (-87.648636 41.949074),11653.0,11946.0,-293.0,False
406,Southport Ave & Irving Park Rd,POINT (-87.66435799999999 41.954177),3912.0,3705.0,207.0,True
407,Ashland Ave & Grace St,POINT (-87.6687 41.950687),3283.0,3239.0,44.0,True
408,Sheridan Rd & Irving Park Rd,POINT (-87.65440600000001 41.954245),7434.0,7258.0,176.0,True
409,Sheridan Rd & Montrose Ave,POINT (-87.65464 41.96167),8802.0,9097.0,-295.0,False
410,Sheridan Rd & Buena Ave,POINT (-87.654966 41.958494),5505.0,5425.0,80.0,True
411,Clark St & Montrose Ave,POINT (-87.66603600000001 41.961588),3530.0,3395.0,135.0,True
412,Pine Grove Ave & Waveland Ave,POINT (-87.64645278499999 41.949472741),13579.0,13509.0,70.0,True
413,Pine Grove Ave & Irving Park Rd,POINT (-87.648043 41.954383),10346.0,10194.0,152.0,True
414,Clarendon Ave & Junior Ter,POINT (-87.649603 41.961004),7937.0,7774.0,163.0,True
415,Broadway & Sheridan Rd,POINT (-87.64999300000001 41.952833),7323.0,7221.0,102.0,True
416,Sheffield Ave & Waveland Ave,POINT (-87.65452900000001 41.949399),10497.0,10878.0,-381.0,False
417,Montrose Harbor,POINT (-87.638181 41.963982),12538.0,12256.0,282.0,True
418,Winchester (Ravenswood) Ave & Balmoral Ave,POINT (-87.67753 41.979762),882.0,924.0,-42.0,False
419,Winthrop Ave & Lawrence Ave,POINT (-87.657659 41.968812),3289.0,3206.0,83.0,True
420,Broadway & Argyle St,POINT (-87.65966 41.973815),5140.0,5005.0,135.0,True
421,Broadway & Wilson Ave,POINT (-87.65813900000001 41.965221),5738.0,6106.0,-368.0,False
422,Clarendon Ave & Leland Ave,POINT (-87.650001 41.967968),4734.0,4703.0,31.0,True
423,Damen Ave & Leland Ave,POINT (-87.679028 41.967094),3248.0,3205.0,43.0,True
424,Lakefront Trail & Wilson Ave,POINT (-87.64536099999999 41.965845),6449.0,6392.0,57.0,True
425,Marine Dr & Ainslie St,POINT (-87.650154 41.9716),7399.0,7330.0,69.0,True
426,Ravenswood Ave & Lawrence Ave,POINT (-87.67423700000001 41.96909),5879.0,5996.0,-117.0,False
427,Clark St & Leland Ave,POINT (-87.667429 41.96709600000001),5491.0,5422.0,69.0,True
428,Clark St & Winnemac Ave,POINT (-87.66785547100001 41.97334764),5305.0,5502.0,-197.0,False
429,Broadway & Berwyn Ave,POINT (-87.65975300000001 41.97835300000001),5484.0,5652.0,-168.0,False
430,Sheridan Rd & Lawrence Ave,POINT (-87.654691 41.969517),3877.0,3744.0,133.0,True
431,Clark St & Berwyn Ave,POINT (-87.668047105 41.977996654),6291.0,6456.0,-165.0,False
432,Fairbanks St & Superior St,POINT (-87.620104 41.895748),4587.0,5252.0,-665.0,False
433,St. Clair St & Erie St,POINT (-87.622663 41.894448),15355.0,16690.0,-1335.0,False
434,Streeter Dr & Grand Ave,POINT (-87.612043 41.892278),30173.0,32420.0,-2247.0,False
435,State St & Kinzie St,POINT (-87.62775400000001 41.889187),10753.0,11224.0,-471.0,False
436,Cityfront Plaza Dr & Pioneer Ct,POINT (-87.622072 41.890573),8109.0,6858.0,1251.0,True
437,Mies van der Rohe Way & Chicago Ave,POINT (-87.62174300000001 41.89691),10004.0,9752.0,252.0,True
438,Rush St & Hubbard St,POINT (-87.62618499999999 41.890173),5024.0,4863.0,161.0,True
439,Wabash Ave & Grand Ave,POINT (-87.626761 41.89146599999999),16019.0,16499.0,-480.0,False
440,Michigan Ave & Oak St,POINT (-87.62377664 41.90096039),17390.0,17585.0,-195.0,False
441,Michigan Ave & Pearson St,POINT (-87.62351 41.89765999999999),8217.0,7841.0,376.0,True
442,New St & Illinois St,POINT (-87.618616819 41.890847041),13244.0,12876.0,368.0,True
443,Mies van der Rohe Way & Chestnut St,POINT (-87.621915226 41.898586651),11327.0,11025.0,302.0,True
444,McClurg Ct & Erie St,POINT (-87.61785400000001 41.894503),10999.0,10590.0,409.0,True
445,Lake Shore Dr & Ohio St,POINT (-87.614492 41.89257),10641.0,10388.0,253.0,True
446,Rush St & Cedar St,POINT (-87.62769052799999 41.902308701),11646.0,11816.0,-170.0,False
447,Fairbanks Ct & Grand Ave,POINT (-87.62058019600001 41.891847372),14689.0,14823.0,-134.0,False
448,Rush St & Superior St,POINT (-87.62590803299999 41.895764746),10033.0,9878.0,155.0,True
449,Latrobe Ave & Chicago Ave,POINT (-87.756895 41.894745),110.0,117.0,-7.0,False
450,Kenton Ave & Madison St,POINT (-87.74101800000001 41.880708),79.0,76.0,3.0,True
451,Laramie Ave & Kinzie St,POINT (-87.755527 41.887832),63.0,57.0,6.0,True
452,Central Ave & Harrison St,POINT (-87.764499 41.872993),174.0,174.0,0.0,False
453,Cicero Ave & Flournoy St,POINT (-87.746619 41.872131),53.0,67.0,-14.0,False
454,Austin Blvd & Madison St,POINT (-87.77445300000001 41.880281),321.0,307.0,14.0,True
455,Cicero Ave & Quincy St,POINT (-87.74540500000001 41.877613),164.0,170.0,-6.0,False
456,Laramie Ave & Madison St,POINT (-87.755337 41.880207),208.0,181.0,27.0,True
457,Central Ave & Lake St,POINT (-87.765469 41.887664),163.0,173.0,-10.0,False
458,Cicero Ave & Lake St,POINT (-87.745261 41.886841),90.0,87.0,3.0,True
459,Central Ave & Madison St,POINT (-87.763238 41.880121),235.0,234.0,1.0,True
460,Austin Blvd & Lake St,POINT (-87.774446 41.887919),398.0,478.0,-80.0,False
461,Laramie Ave & Gladys Ave,POINT (-87.755285 41.875806),70.0,61.0,9.0,True
462,Canal St & Jackson Blvd,POINT (-87.63936600000001 41.877245),1748.0,1677.0,71.0,True
463,Wacker Dr & Washington St,POINT (-87.637321 41.883132),3562.0,3514.0,48.0,True
464,Canal St & Monroe St,POINT (-87.63953000000001 41.88169),2191.0,1716.0,475.0,True
465,Franklin St & Lake St,POINT (-87.63549999999999 41.885837),7272.0,6984.0,288.0,True
466,Franklin St & Monroe St,POINT (-87.63518499999999 41.880317),6625.0,5995.0,630.0,True
467,Franklin St & Adams St (Temp),POINT (-87.63550400700001 41.879434091),3158.0,3206.0,-48.0,False
468,Franklin St & Jackson Blvd,POINT (-87.63532114100001 41.877707956),7509.0,6727.0,782.0,True
469,Central Park Blvd & 5th Ave,POINT (-87.71547 41.875679),197.0,206.0,-9.0,False
470,Conservatory Dr & Lake St,POINT (-87.71686600000001 41.885502),570.0,580.0,-10.0,False
471,Karlov Ave & Madison St,POINT (-87.727907 41.88085),121.0,135.0,-14.0,False
472,Pulaski Rd & Lake St,POINT (-87.72649100000001 41.885409),141.0,157.0,-16.0,False
473,Pulaski Rd & Congress Pkwy,POINT (-87.72570400000001 41.874325),107.0,119.0,-12.0,False
474,Kostner Ave & Lake St,POINT (-87.73541 41.885928),40.0,40.0,0.0,False
475,Kostner Ave & Adams St,POINT (-87.735737 41.877917),173.0,190.0,-17.0,False
476,Kedzie Ave & Lake St,POINT (-87.706303744 41.884603285),528.0,572.0,-44.0,False
477,Kedzie Ave & Roosevelt Rd,POINT (-87.706496176 41.86649278199999),226.0,269.0,-43.0,False
478,Clinton St & 18th St,POINT (-87.640826 41.85795),1691.0,1648.0,43.0,True
479,State St & 29th St,POINT (-87.626938 41.841707),565.0,543.0,22.0,True
480,Emerald Ave & 28th St,POINT (-87.645368 41.84358),1499.0,1480.0,19.0,True
481,Burnham Harbor,POINT (-87.613348 41.856268),10853.0,10856.0,-3.0,False
482,Indiana Ave & 26th St,POINT (-87.62248100000001 41.845687),2796.0,2819.0,-23.0,False
483,Shields Ave & 31st St,POINT (-87.635406 41.838464),1449.0,1434.0,15.0,True
484,Calumet Ave & 18th St,POINT (-87.619407 41.857611),5465.0,5669.0,-204.0,False
485,Emerald Ave & 31st St,POINT (-87.645143 41.838198),2424.0,2494.0,-70.0,False
486,Wells St & 19th St,POINT (-87.63387900000001 41.856802),1486.0,1566.0,-80.0,False
487,State St & 19th St,POINT (-87.62754200000001 41.856594),2119.0,2180.0,-61.0,False
488,Halsted St & 18th St,POINT (-87.646277 41.857499),1804.0,1795.0,9.0,True
489,Normal Ave & Archer Ave,POINT (-87.640591 41.849527),816.0,876.0,-60.0,False
490,Shields Ave & 28th Pl,POINT (-87.635491 41.842733),749.0,707.0,42.0,True
491,Indiana Ave & 31st St,POINT (-87.62185699999999 41.838842),2149.0,2152.0,-3.0,False
492,MLK Jr Dr & 29th St,POINT (-87.617 41.842052),5088.0,4914.0,174.0,True
493,Rhodes Ave & 32nd St,POINT (-87.61353299999999 41.836208),2596.0,2611.0,-15.0,False
494,Wentworth Ave & Cermak Rd,POINT (-87.63193130499999 41.853084557),3794.0,4272.0,-478.0,False
495,State St & 35th St,POINT (-87.626797557 41.831036314),1660.0,1712.0,-52.0,False
496,State St & 33rd St,POINT (-87.62581299999999 41.834734),3513.0,3493.0,20.0,True
497,Fort Dearborn Dr & 31st St,POINT (-87.60821800000001 41.838556),8511.0,8466.0,45.0,True
498,Calumet Ave & 35th St,POINT (-87.61803399999999 41.831379),1166.0,1155.0,11.0,True
499,Wabash Ave & Cermak Rd,POINT (-87.62648799999999 41.852619),1702.0,1855.0,-153.0,False
500,Michigan Ave & 18th St,POINT (-87.62455 41.857813),6801.0,6658.0,143.0,True
501,Calumet Ave & 33rd St,POINT (-87.61793 41.8349),2537.0,2574.0,-37.0,False
502,Wentworth Ave & 24th St (Temp),POINT (-87.63214051700001 41.850083693),1034.0,1141.0,-107.0,False
503,Calumet Ave & 21st St,POINT (-87.61915374100001 41.854184249),1932.0,1957.0,-25.0,False
504,Wentworth Ave & 33rd St,POINT (-87.631822981 41.834529886),645.0,600.0,45.0,True
505,Lake Park Ave & 35th St,POINT (-87.608799195 41.831274235),3296.0,3346.0,-50.0,False
506,McCormick Place,POINT (-87.61883464899999 41.851375173),1387.0,1167.0,220.0,True
507,Wells St & Huron St,POINT (-87.634362 41.89472199999999),16382.0,15707.0,675.0,True
508,Orleans St & Hubbard St,POINT (-87.636618 41.890028),4014.0,4110.0,-96.0,False
509,Orleans St & Merchandise Mart Plaza,POINT (-87.63639000000001 41.888243),6588.0,5195.0,1393.0,True
510,LaSalle Dr & Huron St,POINT (-87.63232600000001 41.894877),7368.0,7242.0,126.0,True
511,Sedgwick St & Huron St,POINT (-87.638437 41.894666),6802.0,6492.0,310.0,True
512,Dearborn St & Erie St,POINT (-87.62931800000001 41.893992),17297.0,17451.0,-154.0,False
513,LaSalle St & Illinois St,POINT (-87.631697 41.890762),10962.0,11210.0,-248.0,False
514,Wells St & Hubbard St,POINT (-87.634266 41.889906),11732.0,11325.0,407.0,True
515,Kingsbury St & Kinzie St,POINT (-87.638505772 41.889176833),14271.0,13768.0,503.0,True
516,Franklin St & Illinois St,POINT (-87.635479867 41.89102331),8058.0,7963.0,95.0,True
517,Kingsbury St & Erie St,POINT (-87.641697228 41.893808056),11452.0,11440.0,12.0,True
518,Warren Park West,POINT (-87.688829 42.001785),984.0,1025.0,-41.0,False
519,Western Ave & Howard St,POINT (-87.690048 42.018901),403.0,370.0,33.0,True
520,Ridge Blvd & Howard St,POINT (-87.68451999999999 42.019276),326.0,272.0,54.0,True
521,Oakley Ave & Touhy Ave,POINT (-87.688243 42.012342),438.0,446.0,-8.0,False
522,Warren Park East,POINT (-87.680666145 42.004549622),845.0,875.0,-30.0,False
523,Western Ave & Lunt Ave,POINT (-87.69049223899999 42.008594397),1118.0,1115.0,3.0,True
524,Ridge Blvd & Touhy Ave,POINT (-87.682912644 42.012132277),346.0,389.0,-43.0,False
525,Glenwood Ave & Touhy Ave,POINT (-87.66605799999999 42.012701),908.0,894.0,14.0,True
526,Greenview Ave & Jarvis Ave,POINT (-87.66856999999999 42.015962),1335.0,1432.0,-97.0,False
527,Clark St & Jarvis Ave,POINT (-87.675005 42.015963),588.0,616.0,-28.0,False
528,Clark St & Lunt Ave,POINT (-87.67419 42.009074),978.0,969.0,9.0,True
529,Sheridan Rd & Columbia Ave,POINT (-87.661406 42.004583),2360.0,2447.0,-87.0,False
530,Wolcott Ave & Fargo Ave,POINT (-87.677725 42.016977),235.0,235.0,0.0,False
531,Bosworth Ave & Howard St,POINT (-87.669563 42.019537),311.0,296.0,15.0,True
532,Paulina St & Howard St,POINT (-87.673573 42.019159),796.0,871.0,-75.0,False
533,Clark St & Touhy Ave,POINT (-87.674367115 42.012560115),522.0,495.0,27.0,True
534,Sheridan Rd & Greenleaf Ave,POINT (-87.66241209499999 42.010586563),2047.0,2033.0,14.0,True
535,Glenwood Ave & Morse Ave,POINT (-87.665502394 42.007971923),2536.0,2630.0,-94.0,False
536,Clark St & Columbia Ave,POINT (-87.672402405 42.004450629),921.0,979.0,-58.0,False
537,Sheridan Rd & Loyola Ave,POINT (-87.66119824299999 42.00104378),3418.0,3662.0,-244.0,False
538,Clark St & Schreiber Ave,POINT (-87.671377339 41.999251822),1712.0,1632.0,80.0,True
539,Eastlake Ter & Rogers Ave,POINT (-87.66505792700001 42.020887281),1679.0,1495.0,184.0,True
540,Paulina St & 18th St,POINT (-87.668745 41.857901),2798.0,2918.0,-120.0,False
541,Racine Ave & 18th St,POINT (-87.65649499999999 41.858166),3014.0,3048.0,-34.0,False
542,Morgan Ave & 14th Pl,POINT (-87.651062 41.862378),2272.0,2314.0,-42.0,False
543,Western Ave & 21st St,POINT (-87.685838 41.854109),1008.0,1146.0,-138.0,False
544,Morgan St & 18th St,POINT (-87.651073 41.858086),2332.0,2398.0,-66.0,False
545,Racine Ave & 15th St,POINT (-87.65662500000001 41.861267),1145.0,1051.0,94.0,True
546,Damen Ave & Coulter St,POINT (-87.67564 41.8492),602.0,607.0,-5.0,False
547,Racine Ave & 13th St,POINT (-87.656959 41.865054),739.0,695.0,44.0,True
548,Western Ave & 24th St,POINT (-87.685109 41.84847),580.0,614.0,-34.0,False
549,Damen Ave & Cullerton St,POINT (-87.67603486799999 41.854902589),1981.0,2033.0,-52.0,False
550,Ashland Ave & 13th St,POINT (-87.666507 41.865234),1580.0,1781.0,-201.0,False
551,May St & Cullerton St,POINT (-87.654127 41.855136),1379.0,1417.0,-38.0,False
552,Blue Island Ave & 18th St,POINT (-87.661535 41.857556),2970.0,3256.0,-286.0,False
553,Washtenaw Ave & Ogden Ave,POINT (-87.693450451 41.861930493),637.0,591.0,46.0,True
554,Halsted St & Maxwell St,POINT (-87.647071 41.864883),3393.0,3408.0,-15.0,False
555,Halsted St & Archer Ave,POINT (-87.646795 41.847203),861.0,965.0,-104.0,False
556,Halsted St & 21st St,POINT (-87.64664999999999 41.85378),726.0,783.0,-57.0,False
557,Morgan St & 31st St,POINT (-87.65114 41.8378),1454.0,1479.0,-25.0,False
558,Laflin St & Cullerton St,POINT (-87.66355991399999 41.854914576),1501.0,1628.0,-127.0,False
559,Loomis St & Archer Ave,POINT (-87.65743495299999 41.84163254),851.0,881.0,-30.0,False
560,Racine Ave & 35th St,POINT (-87.655975912 41.830696113),663.0,643.0,20.0,True
561,Ashland Ave & Archer Ave,POINT (-87.665609859 41.839208684),503.0,528.0,-25.0,False
562,California Ave & 23rd Pl,POINT (-87.695139807 41.849109692),710.0,705.0,5.0,True
563,Ogden Ave & Roosevelt Rd,POINT (-87.68469707 41.866501483),1495.0,1359.0,136.0,True
564,Western Ave & 28th St,POINT (-87.68513144100001 41.841517708),255.0,225.0,30.0,True
565,LaSalle St & Jackson Blvd,POINT (-87.631929 41.878166),5134.0,4460.0,674.0,True
566,State St & Van Buren St,POINT (-87.627844 41.877181),4084.0,4001.0,83.0,True
567,Michigan Ave & Jackson Blvd,POINT (-87.62408000000001 41.87785),5876.0,5424.0,452.0,True
568,Dearborn St & Adams St,POINT (-87.629791036 41.879356359),3913.0,3716.0,197.0,True
569,Wabash Ave & Adams St,POINT (-87.625688606 41.879472352),5579.0,5511.0,68.0,True
570,LaSalle St & Adams St,POINT (-87.63198522100001 41.879344373),2336.0,2225.0,111.0,True
571,Avondale Ave & Irving Park Rd,POINT (-87.73200200000001 41.953393),849.0,874.0,-25.0,False
572,Kilbourn Ave & Milwaukee Ave,POINT (-87.74002 41.948818),426.0,466.0,-40.0,False
573,Kilbourn Ave & Irving Park Rd,POINT (-87.74056899999999 41.953733),388.0,433.0,-45.0,False
574,Knox Ave & Montrose Ave,POINT (-87.74535899999999 41.960631),367.0,381.0,-14.0,False
575,Pulaski Rd & Eddy St (Temp),POINT (-87.73102299999999 41.946264),562.0,556.0,6.0,True
576,Milwaukee Ave & Cuyler Ave,POINT (-87.74959399999999 41.954468),652.0,695.0,-43.0,False
577,Cottage Grove Ave & 47th St,POINT (-87.60675500000001 41.809855),1027.0,1044.0,-17.0,False
578,MLK Jr Dr & Pershing Rd,POINT (-87.61678000000001 41.8246),1579.0,1605.0,-26.0,False
579,Cottage Grove Ave & 43rd St,POINT (-87.60658199999999 41.816499),996.0,1018.0,-22.0,False
580,Indiana Ave & 40th St,POINT (-87.6216 41.82168),491.0,484.0,7.0,True
581,Cottage Grove Ave & Oakwood Blvd,POINT (-87.6071 41.822985),1969.0,2062.0,-93.0,False
582,Greenwood Ave & 47th St,POINT (-87.59938299999999 41.809835),1691.0,1689.0,2.0,True
583,MLK Jr Dr & 47th St,POINT (-87.61627900000001 41.809851),891.0,929.0,-38.0,False
584,Woodlawn Ave & Lake Park Ave,POINT (-87.59700514799999 41.81409271),1450.0,1472.0,-22.0,False
585,Prairie Ave & 43rd St,POINT (-87.61941246200001 41.816658893),818.0,830.0,-12.0,False
586,Jefferson St & Monroe St,POINT (-87.642746 41.880422),5000.0,4368.0,632.0,True
587,Canal St & Madison St,POINT (-87.639833 41.882091),3648.0,3542.0,106.0,True
588,Clinton St & Madison St,POINT (-87.64106600000001 41.882242),9155.0,8882.0,273.0,True
589,Canal St & Adams St,POINT (-87.639904 41.879255),5541.0,5364.0,177.0,True
590,Desplaines St & Jackson Blvd,POINT (-87.64390899999999 41.878287),7081.0,6899.0,182.0,True
591,Clinton St & Washington Blvd,POINT (-87.64116999999999 41.88338),5761.0,5611.0,150.0,True
592,Clinton St & Lake St,POINT (-87.641823 41.885637),7371.0,7471.0,-100.0,False
593,Desplaines St & Kinzie St,POINT (-87.64444785299999 41.888716036),14931.0,13822.0,1109.0,True
594,Clinton St & Jackson Blvd,POINT (-87.63983845700001 41.87811603),3302.0,3015.0,287.0,True
595,Desplaines St & Randolph St,POINT (-87.644570585 41.88461619),6191.0,5881.0,310.0,True
596,Austin Blvd & Chicago Ave,POINT (-87.774704 41.894887),225.0,251.0,-26.0,False
597,Central Ave & Chicago Ave,POINT (-87.76490200000001 41.894958),298.0,311.0,-13.0,False
598,Central Park Ave & North Ave,POINT (-87.71663195200001 41.909656876),867.0,968.0,-101.0,False
599,Spaulding Ave & Division St,POINT (-87.70921957100001 41.902706594),1525.0,1459.0,66.0,True
600,Yates Blvd & 75th St,POINT (-87.56644 41.758768),222.0,236.0,-14.0,False
601,Cornell Dr & Hayes Dr,POINT (-87.584846 41.780595),422.0,414.0,8.0,True
602,Phillips Ave & 79th St,POINT (-87.56521100000001 41.75182),233.0,238.0,-5.0,False
603,Bennett Ave & 79th St,POINT (-87.578496 41.751785),88.0,63.0,25.0,True
604,South Shore Dr & 67th St,POINT (-87.567514 41.773643),1477.0,1454.0,23.0,True
605,Stony Island Ave & 67th St,POINT (-87.58533973899999 41.773458499),478.0,455.0,23.0,True
606,Jeffery Blvd & 71st St,POINT (-87.576450114 41.766638237),557.0,584.0,-27.0,False
607,South Shore Dr & 71st St,POINT (-87.565687572 41.76640945699999),1783.0,1799.0,-16.0,False
608,Jeffery Blvd & 67th St,POINT (-87.577142826 41.773517551),730.0,703.0,27.0,True
609,Jeffery Blvd & 76th St,POINT (-87.575839359 41.757120068),211.0,232.0,-21.0,False
610,Rainbow Beach,POINT (-87.54938625 41.757871448),377.0,384.0,-7.0,False
611,South Shore Dr & 74th St,POINT (-87.55927465000001 41.76218896),667.0,663.0,4.0,True
612,Milwaukee Ave & Grand Ave,POINT (-87.64838399999999 41.891578),9441.0,9745.0,-304.0,False
613,Noble St & Milwaukee Ave,POINT (-87.6626 41.90068),5564.0,5461.0,103.0,True
614,Ashland Ave & Blackhawk St,POINT (-87.667252 41.907066),6450.0,6569.0,-119.0,False
615,Carpenter St & Huron St,POINT (-87.65344899999999 41.894556),5543.0,5137.0,406.0,True
616,Eckhart Park,POINT (-87.66098386 41.89637337),5967.0,6058.0,-91.0,False
617,Ashland Ave & Grand Ave,POINT (-87.666611 41.89107199999999),3054.0,3288.0,-234.0,False
618,Cherry Ave & Blackhawk St,POINT (-87.655618 41.907221),518.0,524.0,-6.0,False
619,Ogden Ave & Race Ave,POINT (-87.658751 41.891795),5523.0,5711.0,-188.0,False
620,Sheffield Ave & Kingsbury St,POINT (-87.65310600000001 41.910522),7492.0,7964.0,-472.0,False
621,Elston Ave & Wabansia Ave,POINT (-87.664169 41.912919),1864.0,2017.0,-153.0,False
622,Halsted St & North Branch St,POINT (-87.64847987500001 41.899368439),1030.0,987.0,43.0,True
623,Dayton St & North Ave,POINT (-87.649421929 41.910578035),5701.0,6046.0,-345.0,False
624,Ogden Ave & Chicago Ave,POINT (-87.654061273 41.896362458),5659.0,5668.0,-9.0,False
625,Stetson Ave & South Water St,POINT (-87.62232 41.886835),6268.0,5654.0,614.0,True
626,Wabash Ave & Wacker Pl,POINT (-87.62603 41.886875),9343.0,9680.0,-337.0,False
627,Michigan Ave & Lake St,POINT (-87.624117 41.886024),15069.0,14994.0,75.0,True
628,Columbus Dr & Randolph St,POINT (-87.61952099999999 41.884728),15968.0,11951.0,4017.0,True
629,Clark St & Randolph St,POINT (-87.63188991 41.884576228),6952.0,6938.0,14.0,True
630,Dusable Harbor,POINT (-87.612813 41.886976),9714.0,9306.0,408.0,True
631,Clark St & Lake St,POINT (-87.630876058 41.886020828),9118.0,8817.0,301.0,True
632,State St & Randolph St,POINT (-87.627733569 41.884730201),9888.0,9775.0,113.0,True
633,Field Blvd & South Water St,POINT (-87.61751654700001 41.886349063),6786.0,6897.0,-111.0,False
634,2112 W Peterson Ave,POINT (-87.683593 41.991178),613.0,703.0,-90.0,False
635,Western Ave & Granville Ave,POINT (-87.68943828200001 41.994161369),935.0,1014.0,-79.0,False
636,Maplewood Ave & Peterson Ave,POINT (-87.69336964 41.990236029),513.0,603.0,-90.0,False
637,Budlong Woods Library,POINT (-87.69642256100001 41.983664709),714.0,730.0,-16.0,False
638,Kildare Ave & Montrose Ave,POINT (-87.73569000000001 41.96108),512.0,511.0,1.0,True
639,Keystone Ave & Montrose Ave,POINT (-87.728970101 41.961108016),716.0,752.0,-36.0,False
640,Central Park Ave & 24th St,POINT (-87.715068 41.8481),157.0,172.0,-15.0,False
641,California Ave & 21st St,POINT (-87.695742399 41.853804066),635.0,640.0,-5.0,False
642,Central Park Ave & Ogden Ave,POINT (-87.715117335 41.854063504),346.0,365.0,-19.0,False
643,Kedzie Ave & 21st St,POINT (-87.705073032 41.853533632),248.0,250.0,-2.0,False
644,Kedzie Ave & 24th St,POINT (-87.705413746 41.848190945),214.0,205.0,9.0,True
645,Albany Ave & 26th St,POINT (-87.702013013 41.844475014),289.0,319.0,-30.0,False
646,Millard Ave & 26th St,POINT (-87.71607220200001 41.8445571),310.0,343.0,-33.0,False
647,California Ave & 26th St,POINT (-87.69529592299999 41.844040031),127.0,121.0,6.0,True
648,LaSalle St & Washington St,POINT (-87.63253 41.882664),5152.0,5561.0,-409.0,False
649,Daley Center Plaza,POINT (-87.629634 41.884241),9131.0,8746.0,385.0,True
650,Michigan Ave & Madison St,POINT (-87.625125 41.882134),5856.0,5876.0,-20.0,False
651,Michigan Ave & Washington St,POINT (-87.624683976 41.883984065),12856.0,12798.0,58.0,True
652,Keystone Ave & Fullerton Ave,POINT (-87.72785 41.92459),732.0,854.0,-122.0,False
653,Lake Shore Dr & Monroe St,POINT (-87.616743 41.880958),23847.0,23532.0,315.0,True
654,Millennium Park,POINT (-87.62408431999999 41.8810317),19412.0,20133.0,-721.0,False
655,Dearborn St & Monroe St,POINT (-87.629520919 41.881319815),8919.0,8713.0,206.0,True
