station_key,station_name,station_dock_in_service,station_geometry,Ridership_per_Dock,longitude,latitude
2,Dauphin Ave & 103rd St,15,POINT (-87.607662678 41.707250368),0.00612245,-87.607662678,41.707250368
3,Cottage Grove Ave & 111th Pl,15,POINT (-87.610001564 41.691709758),0.01020408,-87.610001564,41.691709758
4,Vernon Ave & 107th St,14,POINT (-87.61225998399999 41.700121379),0.01129738,-87.61225998399999,41.700121379
5,Halsted St & 96th St,15,POINT (-87.643019557 41.719712184),0.01088435,-87.643019557,41.719712184
6,Greenwood Ave & 97th St,15,POINT (-87.597035766 41.718703155),0.02142857,-87.597035766,41.718703155
8,Halsted St & 104th St,15,POINT (-87.64242410700001 41.705139789),0.00510204,-87.64242410700001,41.705139789
10,Indiana Ave & 103rd St,15,POINT (-87.61847198 41.707170271),0.02244898,-87.61847198,41.707170271
11,State St & 123rd St,15,POINT (-87.622586489 41.670643837),0.00408163,-87.622586489,41.670643837
12,Wentworth Ave & 104th St,15,POINT (-87.62921690899999 41.705307997),0.00204082,-87.62921690899999,41.705307997
13,Michigan Ave & 114th St,15,POINT (-87.621052265 41.687014795),0.00510204,-87.621052265,41.687014795
14,Eberhart Ave & 131st St,15,POINT (-87.610710897 41.658413151),0.0037415,-87.610710897,41.658413151
15,Stewart Ave & 83rd St,15,POINT (-87.63408800000001 41.743717),0.01632653,-87.63408800000001,41.743717
16,Prospect Sq & 91st St,15,POINT (-87.66752390000001 41.7282338),0.04319728,-87.66752390000001,41.7282338
17,Ashland Ave & 78th St,15,POINT (-87.663699389 41.752204849),0.03163265,-87.663699389,41.752204849
18,Halsted St & 78th St,15,POINT (-87.64390215700001 41.752487012),0.01394558,-87.64390215700001,41.752487012
19,Loomis Blvd & 84th St,15,POINT (-87.65841007200001 41.741486529),0.02857143,-87.65841007200001,41.741486529
20,Summit Ave & 86th St,15,POINT (-87.64489978600001 41.737848477),0.01360544,-87.64489978600001,41.737848477
21,Elizabeth St & 92nd St,15,POINT (-87.654290199 41.726798964),0.03537415,-87.654290199,41.726798964
22,Eggleston Ave & 92nd St,15,POINT (-87.634828091 41.727575659),0.01836735,-87.634828091,41.727575659
23,Vincennes Ave & 75th St,7,POINT (-87.63121 41.75797),0.04446064,-87.63121,41.75797
24,Shedd Aquarium,55,POINT (-87.61535539 41.867225957),1.00853432,-87.61535539,41.867225957
25,Michigan Ave & 14th St,19,POINT (-87.623727 41.864059),2.20542427,-87.623727,41.864059
26,Indiana Ave & Roosevelt Rd,39,POINT (-87.623041 41.867888),2.4884877,-87.623041,41.867888
27,Wabash Ave & 16th St,39,POINT (-87.62581299999999 41.860384),0.75784929,-87.62581299999999,41.860384
28,Delano Ct & Roosevelt Rd,19,POINT (-87.63219000000001 41.86749099999999),1.00886144,-87.63219000000001,41.86749099999999
29,Adler Planetarium,39,POINT (-87.60726700000001 41.866095),1.36276818,-87.60726700000001,41.866095
30,Wabash Ave & Roosevelt Rd,23,POINT (-87.625961 41.867227),3.43212067,-87.625961,41.867227
31,Wabash Ave & 9th St,19,POINT (-87.62573399999999 41.870769),2.95676692,-87.62573399999999,41.870769
32,Field Museum,55,POINT (-87.617867 41.865312),0.22884972,-87.617867,41.865312
33,State St & Harrison St,23,POINT (-87.62771600000001 41.874053),1.06477374,-87.62771600000001,41.874053
34,Michigan Ave & 8th St,43,POINT (-87.623981 41.872773),1.27159468,-87.623981,41.872773
35,Clark St & 9th St (AMLI),15,POINT (-87.63124599999999 41.870816),1.24761905,-87.63124599999999,41.870816
36,Michigan Ave & Ida B Wells Dr,15,POINT (-87.624426 41.876243),1.2914966,-87.624426,41.876243
37,Wells St & Polk St,19,POINT (-87.63350200000001 41.872596),1.77201933,-87.63350200000001,41.872596
38,Dearborn St & Van Buren St,15,POINT (-87.62915500000001 41.876268),1.08095238,-87.62915500000001,41.876268
39,Buckingham Fountain,39,POINT (-87.62054800999999 41.876511229),1.37166405,-87.62054800999999,41.876511229
40,Federal St & Polk St,19,POINT (-87.62954377299999 41.872077633),2.65682062,-87.62954377299999,41.872077633
41,Clark St & Ida B Wells Dr,35,POINT (-87.630584536 41.875932666),0.38556851,-87.630584536,41.875932666
42,Financial Pl & Ida B Wells Dr,31,POINT (-87.63309404299999 41.875023628),0.56270573,-87.63309404299999,41.875023628
43,Clark St & Elmdale Ave,15,POINT (-87.66983360100001 41.990517556),0.74217687,-87.66983360100001,41.990517556
44,Broadway & Ridge Ave,15,POINT (-87.66027382899999 41.984044611),1.62619048,-87.66027382899999,41.984044611
45,Clark St & Bryn Mawr Ave,15,POINT (-87.66915400000001 41.983593),1.37789116,-87.66915400000001,41.983593
46,Broadway & Thorndale Ave,19,POINT (-87.66014062100001 41.989742511),1.12271751,-87.66014062100001,41.989742511
47,Lakefront Trail & Bryn Mawr Ave,19,POINT (-87.652310469 41.984036696),3.64366273,-87.652310469,41.984036696
48,Broadway & Granville Ave,23,POINT (-87.660284535 41.994779688),1.35093168,-87.660284535,41.994779688
49,Damen Ave & Walnut (Lake) St,15,POINT (-87.677009 41.885951),0.29387755,-87.677009,41.885951
50,Kedzie Ave & Chicago Ave,11,POINT (-87.706127884 41.895465303),0.36502783,-87.706127884,41.895465303
51,Smith Park,15,POINT (-87.689397 41.892048),0.29829932,-87.689397,41.892048
52,Western Ave & Fillmore St,11,POINT (-87.686234 41.868563),0.91512059,-87.686234,41.868563
53,Damen Ave & Chicago Ave,19,POINT (-87.67721999999999 41.895769),1.65494092,-87.67721999999999,41.895769
54,Damen Ave & Madison St,15,POINT (-87.67493 41.88137),0.41394558,-87.67493,41.88137
55,Ashland Ave & Lake St,19,POINT (-87.66717 41.88592),0.54001074,-87.66717,41.88592
56,Wood St & Taylor St (Temp),23,POINT (-87.67373085 41.869265218),0.81832298,-87.67373085,41.869265218
57,Leavitt St & Chicago Ave,15,POINT (-87.682017 41.895501),0.98707483,-87.682017,41.895501
58,Fairfield Ave & Roosevelt Rd,11,POINT (-87.69452099999999 41.866624),0.15955473,-87.69452099999999,41.866624
59,Hermitage Ave & Polk St,15,POINT (-87.66988600000001 41.871514),0.96292517,-87.66988600000001,41.871514
60,Wolcott Ave & Polk St,22,POINT (-87.673688 41.871262),1.20454545,-87.673688,41.871262
61,Paulina St & Flournoy St,31,POINT (-87.66913000000001 41.87295),0.7564187,-87.66913000000001,41.87295
62,Ogden Ave & Congress Pkwy,15,POINT (-87.67328000000001 41.87501),0.37380952,-87.67328000000001,41.87501
63,Malcolm X College,19,POINT (-87.673895 41.877618),0.1670247,-87.673895,41.877618
64,California Ave & Lake St,11,POINT (-87.69629813700001 41.884453957),0.22541744,-87.69629813700001,41.884453957
65,Sacramento Blvd & Franklin Blvd,11,POINT (-87.70260751200001 41.890468792),0.15538033,-87.70260751200001,41.890468792
66,Western Ave & Monroe St,15,POINT (-87.68611280799999 41.879787709),0.51020408,-87.68611280799999,41.879787709
67,Artesian Ave & Hubbard St,35,POINT (-87.68821936499999 41.88949182),0.22230321,-87.68821936499999,41.88949182
68,Western Ave & Congress Pkwy,19,POINT (-87.686445276 41.874748851),0.50993555,-87.686445276,41.874748851
69,Kedzie Ave & Harrison St,11,POINT (-87.70487074899999 41.873599675),0.07606679,-87.70487074899999,41.873599675
70,Ashland Ave & 74th St,15,POINT (-87.663474083 41.759236024),0.00782313,-87.663474083,41.759236024
71,Ashland Ave & 66th St,7,POINT (-87.663815 41.774074),0.03790087,-87.663815,41.774074
72,Damen Ave & 59th St,11,POINT (-87.67416700000001 41.78602),0.05519481,-87.67416700000001,41.78602
73,Ashland Ave & Garfield Blvd,11,POINT (-87.664429 41.79282199999999),0.05473098,-87.664429,41.79282199999999
74,Marshfield Ave & 59th St,11,POINT (-87.66621500000001 41.786833),0.01530612,-87.66621500000001,41.786833
75,Ashland Ave & 63rd St,11,POINT (-87.664843 41.779374),0.03617811,-87.664843,41.779374
76,Elizabeth St & 59th St,7,POINT (-87.65585899999999 41.786691),0.01676385,-87.65585899999999,41.786691
77,Stewart Ave & 63rd St,11,POINT (-87.63477399999999 41.779835),0.02922078,-87.63477399999999,41.779835
78,Carpenter St & 63rd St,7,POINT (-87.65091899999999 41.77987),0.01530612,-87.65091899999999,41.77987
79,Eggleston Ave & 69th St,11,POINT (-87.635876 41.768898),0.04128015,-87.635876,41.768898
80,Halsted St & 73rd St,15,POINT (-87.64416097700001 41.761605438),0.01054422,-87.64416097700001,41.761605438
81,May St & 69th St,11,POINT (-87.652934 41.768938),0.02087199,-87.652934,41.768938
82,Racine Ave & 65th St,11,POINT (-87.654308 41.775393),0.02782931,-87.654308,41.775393
83,Halsted St & 59th St,11,POINT (-87.644874 41.787539),0.03339518,-87.644874,41.787539
84,Racine Ave & 61st St,11,POINT (-87.654372 41.783189),0.01298701,-87.654372,41.783189
85,Halsted St & 56th St,11,POINT (-87.644990057 41.792929646),0.02922078,-87.644990057,41.792929646
86,Halsted St & 63rd St,11,POINT (-87.644620815 41.779381142),0.09972171,-87.644620815,41.779381142
87,Wentworth Ave & 63rd St,11,POINT (-87.629746305 41.780079633),0.05797774,-87.629746305,41.780079633
88,Halsted St & 69th St,11,POINT (-87.64461357799999 41.76906172),0.033859,-87.64461357799999,41.76906172
89,Perry Ave & 69th St,11,POINT (-87.628195929 41.76929309),0.06076067,-87.628195929,41.76929309
90,Oglesby Ave & 100th St,15,POINT (-87.565841675 41.713397484),0.01292517,-87.565841675,41.713397484
92,East End Ave & 87th St,15,POINT (-87.58280128200001 41.736815214),0.01394558,-87.58280128200001,41.736815214
93,Baltimore Ave & 87th St,15,POINT (-87.54851460499999 41.7373356),0.02380952,-87.54851460499999,41.7373356
94,Ewing Ave & Burnham Greenway,11,POINT (-87.53481388100001 41.712748761),0.0041744,-87.53481388100001,41.712748761
95,Houston Ave & 92nd St,15,POINT (-87.549700141 41.728204215),0.01870748,-87.549700141,41.728204215
96,Big Marsh Park,15,POINT (-87.573823929 41.685877056),0.01122449,-87.573823929,41.685877056
97,Marquette Ave & 89th St,15,POINT (-87.55834221799999 41.733668791),0.00918367,-87.55834221799999,41.733668791
98,Bradley Park,11,POINT (-87.564591765 41.717878302),0.00185529,-87.564591765,41.717878302
99,Torrence Ave & 106th St,15,POINT (-87.559726238 41.70280085),0.0047619,-87.559726238,41.70280085
100,Clyde Ave & 87th St,15,POINT (-87.57274031600001 41.737151464),0.00340136,-87.57274031600001,41.737151464
101,Constance Ave & 95th St,15,POINT (-87.578968406 41.722290741),0.00714286,-87.578968406,41.722290741
102,Avenue O & 118th St,15,POINT (-87.53793122299999 41.681001459),0.00204082,-87.53793122299999,41.681001459
103,Burnham Greenway & 105th St,11,POINT (-87.52823174 41.70457508699999),0.00927644,-87.52823174,41.70457508699999
104,Phillips Ave & 83rd St,11,POINT (-87.56506 41.744531),0.08441558,-87.56506,41.744531
105,Exchange Ave & 79th St,11,POINT (-87.552812 41.751731),0.07142857,-87.552812,41.751731
106,Stony Island Ave & South Chicago Ave,11,POINT (-87.585337 41.751173),0.06122449,-87.585337,41.751173
107,South Chicago Ave & 83rd St,11,POINT (-87.575225 41.743921),0.03061224,-87.575225,41.743921
108,South Chicago Ave & Elliot Ave,7,POINT (-87.580046 41.747363),0.0196793,-87.580046,41.747363
109,Commercial Ave & 83rd St,11,POINT (-87.551208 41.744615),0.09230056,-87.551208,41.744615
110,State St & 54th St,11,POINT (-87.625923 41.796642),0.07189239,-87.625923,41.796642
111,Union Ave & Root St,11,POINT (-87.64327800000001 41.819102),0.21660482,-87.64327800000001,41.819102
112,Racine Ave & Garfield Blvd,11,POINT (-87.655073 41.794228),0.1038961,-87.655073,41.794228
113,Western Blvd & 48th Pl,11,POINT (-87.683392 41.805661),0.11038961,-87.683392,41.805661
114,Elizabeth St & 47th St,11,POINT (-87.656526 41.80839),0.03988868,-87.656526,41.80839
115,Archer (Damen) Ave & 37th St,11,POINT (-87.683144 41.826712),0.24025974,-87.683144,41.826712
116,Damen Ave & 51st St,7,POINT (-87.674684 41.800908),0.04810496,-87.674684,41.800908
117,Throop St & 52nd St,7,POINT (-87.657195 41.79965900000001),0.05685131,-87.657195,41.79965900000001
118,Princeton Ave & Garfield Blvd,11,POINT (-87.633124 41.794982),0.07606679,-87.633124,41.794982
119,Halsted St & 37th St,11,POINT (-87.64572 41.82705900000001),0.23701299,-87.64572,41.82705900000001
120,Wentworth Ave & 35th St,15,POINT (-87.632504 41.830777),0.13979592,-87.632504,41.830777
121,Marshfield Ave & 44th St,11,POINT (-87.666589 41.813996),0.05565863,-87.666589,41.813996
122,Halsted St & 35th St,15,POINT (-87.647172 41.830661),0.33401361,-87.647172,41.830661
123,Damen Ave & Pershing Rd,11,POINT (-87.676597 41.823192),0.24165121,-87.676597,41.823192
124,Seeley Ave & Garfield Blvd,11,POINT (-87.675478 41.794087),0.04359926,-87.675478,41.794087
125,Morgan St & Pershing Rd,7,POINT (-87.650931 41.823613),0.07725948,-87.650931,41.823613
126,Hoyne Ave & 47th St,11,POINT (-87.67718000000001 41.808227),0.08487941,-87.67718000000001,41.808227
127,Wallace St & 35th St,15,POINT (-87.64129 41.83062899999999),0.34353741,-87.64129,41.83062899999999
128,Ashland Ave & McDowell Ave,11,POINT (-87.66454 41.80887),0.07560297,-87.66454,41.80887
129,Ashland Ave & 50th St,11,POINT (-87.664699 41.803023),0.04406308,-87.664699,41.803023
130,Ashland Ave & Pershing Rd,11,POINT (-87.665577 41.823465),0.0974026,-87.665577,41.823465
131,Wood St & 35th St,11,POINT (-87.670298309 41.830104654),0.25649351,-87.670298309,41.830104654
132,Halsted St & 51st St,11,POINT (-87.645213904 41.80183164),0.03896104,-87.645213904,41.80183164
133,State St & Pershing Rd,11,POINT (-87.62656801799999 41.823015238),0.15027829,-87.62656801799999,41.823015238
134,Shields Ave & 43rd St,11,POINT (-87.63481935 41.816207679),0.0148423,-87.63481935,41.816207679
135,Halsted St & 47th Pl,11,POINT (-87.645616554 41.808133915),0.19526902,-87.645616554,41.808133915
136,Princeton Ave & 47th St,11,POINT (-87.63344928799999 41.809317709),0.12847866,-87.63344928799999,41.809317709
137,Leavitt St & Archer Ave,15,POINT (-87.68060445899999 41.82879202),0.16428571,-87.68060445899999,41.82879202
138,Eberhart Ave & 91st St,15,POINT (-87.611829489 41.729267142),0.02857143,-87.611829489,41.729267142
139,Michigan Ave & 71st St,7,POINT (-87.621748 41.765286),0.05247813,-87.621748,41.765286
140,State St & 95th St,15,POINT (-87.62285440000001 41.7218499),0.02278912,-87.62285440000001,41.7218499
141,Dauphin Ave & 87th St,15,POINT (-87.60125756299999 41.73655902300001),0.00952381,-87.60125756299999,41.73655902300001
142,Greenwood Ave & 91st St,15,POINT (-87.59729862200001 41.728264268),0.00646259,-87.59729862200001,41.728264268
143,Stony Island Ave & 90th St,15,POINT (-87.585743666 41.73139494300001),0.00782313,-87.585743666,41.73139494300001
144,Wabash Ave & 83rd St,11,POINT (-87.622849 41.743316),0.05148423,-87.622849,41.743316
145,Ellis Ave & 83rd St,11,POINT (-87.599034 41.74412299999999),0.05426716,-87.599034,41.74412299999999
146,Wabash Ave & 87th St,11,POINT (-87.62263399999999 41.736646),0.08348794,-87.62263399999999,41.736646
147,Vernon Ave & 79th St,11,POINT (-87.61379000000001 41.75094),0.04359926,-87.61379000000001,41.75094
148,MLK Jr Dr & 83rd St,11,POINT (-87.6148 41.743116),0.04406308,-87.6148,41.743116
149,Cottage Grove Ave & 78th St,11,POINT (-87.605026 41.753174),0.09508349,-87.605026,41.753174
150,Greenwood Ave & 79th St,11,POINT (-87.59755200000001 41.751294),0.07235622,-87.59755200000001,41.751294
151,Vernon Ave & 75th St,11,POINT (-87.614138 41.758361),0.06168831,-87.614138,41.758361
152,Stony Island Ave & 82nd St,11,POINT (-87.586005 41.746559),0.07374768,-87.586005,41.746559
153,Evans Ave & 75th St,7,POINT (-87.60641 41.75849),0.07653061,-87.60641,41.75849
154,Cottage Grove Ave & 83rd St,11,POINT (-87.60483599999999 41.743441),0.09044527,-87.60483599999999,41.743441
155,Cottage Grove Ave & 71st St,11,POINT (-87.60495971299999 41.765719037),0.02875696,-87.60495971299999,41.765719037
156,Woodlawn Ave & 75th St,11,POINT (-87.59575100000001 41.75915999999999),0.02736549,-87.59575100000001,41.75915999999999
157,State St & 79th St,11,POINT (-87.624424 41.750794),0.08209647,-87.624424,41.750794
158,State St & 76th St,11,POINT (-87.62462099999999 41.756971),0.02179963,-87.62462099999999,41.756971
159,Stony Island Ave & 75th St,11,POINT (-87.586882871 41.75866967),0.10482375,-87.586882871,41.75866967
160,Calumet Ave & 71st St,11,POINT (-87.616917925 41.765508006),0.06261596,-87.616917925,41.765508006
161,Ellis Ave & 53rd St,11,POINT (-87.600958115 41.799336263),1.31215213,-87.600958115,41.799336263
162,Lake Park Ave & 53rd St,15,POINT (-87.586449896 41.799494294),1.23945578,-87.586449896,41.799494294
163,Kimbark Ave & 53rd St,19,POINT (-87.594747 41.799568),1.46267454,-87.594747,41.799568
164,Prairie Ave & Garfield Blvd,11,POINT (-87.618691 41.794853),0.18135436,-87.618691,41.794853
165,Cottage Grove Ave & 51st St,15,POINT (-87.60661500000001 41.803038),0.44421769,-87.60661500000001,41.803038
166,Lake Park Ave & 47th St,15,POINT (-87.591875 41.809443),0.68061224,-87.591875,41.809443
167,Cornell Ave & Hyde Park Blvd,19,POINT (-87.586924 41.802406),1.45461869,-87.586924,41.802406
168,Woodlawn Ave & 55th St,19,POINT (-87.59647099999999 41.795264),0.66756176,-87.59647099999999,41.795264
169,Blackstone Ave & Hyde Park Blvd,19,POINT (-87.59036800000001 41.802562),0.93743287,-87.59036800000001,41.802562
170,Dorchester Ave & 49th St,15,POINT (-87.59246400000001 41.805772),0.2914966,-87.59246400000001,41.805772
171,Calumet Ave & 51st St,11,POINT (-87.61805357999999 41.802294651),0.31493506,-87.61805357999999,41.802294651
172,Hoyne Ave & Balmoral Ave,15,POINT (-87.68193199999999 41.979851),0.25986395,-87.68193199999999,41.979851
173,Damen Ave & Sunnyside Ave,19,POINT (-87.67925799999999 41.96325),0.55692803,-87.67925799999999,41.96325
174,Lincoln Ave & Sunnyside Ave,15,POINT (-87.684781 41.963004),1.14931973,-87.684781,41.963004
175,Washtenaw Ave & Lawrence Ave,15,POINT (-87.696027 41.968987),0.69183673,-87.696027,41.968987
176,Kedzie Ave & Foster Ave,11,POINT (-87.709261 41.975672),0.43274583,-87.709261,41.975672
177,Manor Ave & Leland Ave,11,POINT (-87.70082499999999 41.965875),0.61595547,-87.70082499999999,41.965875
178,Leavitt St & Lawrence Ave,19,POINT (-87.68400099999999 41.968885),0.45247046,-87.68400099999999,41.968885
179,Western Ave & Leland Ave,19,POINT (-87.688418627 41.966494532),0.95649839,-87.688418627,41.966494532
180,Francisco Ave & Foster Ave,15,POINT (-87.70141943899999 41.975632725),0.55986395,-87.70141943899999,41.975632725
181,Damen Ave & Foster Ave,15,POINT (-87.67945903899999 41.975614805),0.95306122,-87.67945903899999,41.975614805
182,St. Louis Ave & Balmoral Ave,15,POINT (-87.716114961 41.980394235),0.24557823,-87.716114961,41.980394235
183,Lincoln Ave & Winona St,15,POINT (-87.69250255899999 41.974911297),0.54013605,-87.69250255899999,41.974911297
184,Christiana Ave & Lawrence Ave,15,POINT (-87.711830667 41.968354494),0.34795918,-87.711830667,41.968354494
185,Kedzie Ave & Leland Ave,15,POINT (-87.708051981 41.966686362),0.34897959,-87.708051981,41.966686362
186,Rockwell St & Eastwood Ave,15,POINT (-87.693638494 41.96590014),0.56258503,-87.693638494,41.96590014
187,Campbell Ave & Montrose Ave,15,POINT (-87.691165041 41.961525933),0.62176871,-87.691165041,41.961525933
188,Kedzie Ave & Bryn Mawr Ave,15,POINT (-87.70892252 41.982397085),0.27380952,-87.70892252,41.982397085
189,Drake Ave & Montrose Ave,15,POINT (-87.71656907299999 41.961154076),0.25578231,-87.71656907299999,41.961154076
190,Central Park Ave & Bloomingdale Ave,11,POINT (-87.71675500000001 41.91416599999999),0.7393321,-87.71675500000001,41.91416599999999
191,California Ave & Altgeld St,15,POINT (-87.69766800000001 41.92669),0.88503401,-87.69766800000001,41.92669
192,California Ave & Milwaukee Ave,15,POINT (-87.697153 41.922695),2.03843537,-87.697153,41.922695
193,Kedzie Ave & Milwaukee Ave,35,POINT (-87.70785699999999 41.929567),1.03177843,-87.70785699999999,41.929567
194,Leavitt St & North Ave,15,POINT (-87.68238902100001 41.910509367),1.19217687,-87.68238902100001,41.910509367
195,Damen Ave & Charleston St,11,POINT (-87.67785500000001 41.920082),1.47077922,-87.67785500000001,41.920082
196,Western Ave & Winnebago Ave,15,POINT (-87.687022 41.91552),1.6952381,-87.687022,41.91552
197,Stave St & Armitage Ave,11,POINT (-87.69139200000001 41.917741),1.19016698,-87.69139200000001,41.917741
198,Milwaukee Ave & Rockwell St,19,POINT (-87.69265919899999 41.920195562),0.74382385,-87.69265919899999,41.920195562
199,Kedzie Ave & Palmer Ct,15,POINT (-87.70732199999999 41.921525),1.06088435,-87.70732199999999,41.921525
200,California Ave & North Ave,11,POINT (-87.6972 41.91044),1.35111317,-87.6972,41.91044
201,Leavitt St & Armitage Ave,11,POINT (-87.68243699999999 41.917805),1.52597403,-87.68243699999999,41.917805
202,Campbell Ave & North Ave,15,POINT (-87.68955600000001 41.910535),1.14217687,-87.68955600000001,41.910535
203,Logan Blvd & Elston Ave,27,POINT (-87.684158 41.929465),0.65173847,-87.684158,41.929465
204,Milwaukee Ave & Wabansia Ave,15,POINT (-87.681391 41.912616),2.5452381,-87.681391,41.912616
205,California Ave & Francis Pl (Temp),15,POINT (-87.69742280200001 41.918491154),0.8670068,-87.69742280200001,41.918491154
206,Kosciuszko Park,15,POINT (-87.723777364 41.930585371),0.54047619,-87.723777364,41.930585371
207,Campbell Ave & Fullerton Ave,15,POINT (-87.68930700600001 41.924632472),0.87482993,-87.68930700600001,41.924632472
208,Spaulding Ave & Armitage Ave,15,POINT (-87.710220963 41.917108035),0.64591837,-87.710220963,41.917108035
209,Humboldt Blvd & Armitage Ave,19,POINT (-87.701808955 41.917513394),0.94924812,-87.701808955,41.917513394
210,St. Louis Ave & Fullerton Ave,15,POINT (-87.71449506299999 41.924815597),0.78435374,-87.71449506299999,41.924815597
211,Richmond St & Diversey Ave,15,POINT (-87.70119513 41.931901969),0.48707483,-87.70119513,41.931901969
212,Albany Ave & Bloomingdale Ave,15,POINT (-87.70512646200001 41.914026713),0.69897959,-87.70512646200001,41.914026713
213,Dorchester Ave & 63rd St,11,POINT (-87.591415989 41.780405646),0.34972171,-87.591415989,41.780405646
214,Lake Park Ave & 56th St,19,POINT (-87.58778199999999 41.793242),0.97878625,-87.58778199999999,41.793242
215,Shore Dr & 55th St,19,POINT (-87.580715 41.795212),2.40977444,-87.580715,41.795212
216,Rhodes Ave & 71st St,11,POINT (-87.611726 41.76600000000001),0.01808905,-87.611726,41.76600000000001
217,University Ave & 57th St,31,POINT (-87.599861 41.79147800000001),0.65651745,-87.599861,41.79147800000001
218,Cottage Grove Ave & 67th St,11,POINT (-87.60563486 41.773720952),0.10435993,-87.60563486,41.773720952
219,Ellis Ave & 58th St,19,POINT (-87.60133399999999 41.788746),0.67373792,-87.60133399999999,41.788746
220,Stony Island Ave & 64th St,11,POINT (-87.586647 41.778881),0.16790353,-87.586647,41.778881
221,63rd St Beach,15,POINT (-87.57611976 41.781016372),0.7122449,-87.57611976,41.781016372
222,Stony Island Ave & 71st St,11,POINT (-87.586460878 41.766492937),0.15769944,-87.586460878,41.766492937
223,Ellis Ave & 55th St,19,POINT (-87.601449773 41.794300621),0.6745435,-87.601449773,41.794300621
224,Cottage Grove Ave & 63rd St,15,POINT (-87.60583609299999 41.780600945),0.13639456,-87.60583609299999,41.780600945
225,DuSable Museum,11,POINT (-87.60785217700001 41.791568011),0.26994434,-87.60785217700001,41.791568011
226,Eberhart Ave & 61st St,11,POINT (-87.61330783 41.784141693),0.18599258,-87.61330783,41.784141693
227,Harper Ave & 59th St,15,POINT (-87.58831517 41.787942813),0.49319728,-87.58831517,41.787942813
228,Ellis Ave & 60th St,19,POINT (-87.601072761 41.785097146),0.849087,-87.601072761,41.785097146
229,MLK Jr Dr & 56th St,11,POINT (-87.615853262 41.79342945699999),0.15816327,-87.615853262,41.79342945699999
230,MLK Jr Dr & 63rd St,11,POINT (-87.61594285700001 41.780080637),0.11085343,-87.61594285700001,41.780080637
231,Museum of Science and Industry,27,POINT (-87.58394500899999 41.79172821),0.52305367,-87.58394500899999,41.79172821
233,Damen Ave & Clybourn Ave,15,POINT (-87.67785600000001 41.931931),0.95136054,-87.67785600000001,41.931931
234,Clark St & Armitage Ave,31,POINT (-87.63628199999999 41.918306),3.02172482,-87.63628199999999,41.918306
235,Clark St & Drummond Pl,23,POINT (-87.644336 41.931248),2.95297249,-87.644336,41.931248
236,Clark St & North Ave,15,POINT (-87.63194200000001 41.911974),3.11462585,-87.63194200000001,41.911974
237,Larrabee St & Webster Ave,19,POINT (-87.64414000000001 41.921822),4.27443609,-87.64414000000001,41.921822
238,Halsted St & Dickens Ave,23,POINT (-87.64883 41.919936),2.13243123,-87.64883,41.919936
239,Sedgwick St & Webster Ave,15,POINT (-87.63888799999999 41.922167),2.69727891,-87.63888799999999,41.922167
240,Sheffield Ave & Wrightwood Ave,31,POINT (-87.65383299999999 41.928712),1.57620145,-87.65383299999999,41.928712
241,Racine Ave & Wrightwood Ave,15,POINT (-87.65897099999999 41.928887),1.39183673,-87.65897099999999,41.928887
242,Wells St & Concord Ln,19,POINT (-87.63465600000001 41.912133),5.11976369,-87.63465600000001,41.912133
243,Lake Shore Dr & North Blvd,39,POINT (-87.62680400000001 41.911722),2.94256934,-87.62680400000001,41.911722
244,Lincoln Ave & Fullerton Ave,15,POINT (-87.64926 41.925905),4.28027211,-87.64926,41.925905
245,Clifton Ave & Armitage Ave,15,POINT (-87.656936 41.91821599999999),2.01428571,-87.656936,41.91821599999999
246,Halsted St & Wrightwood Ave,15,POINT (-87.64907700000001 41.929143),3.16836735,-87.64907700000001,41.929143
247,Lincoln Ave & Diversey Pkwy,15,POINT (-87.65861700000001 41.932225),2.55136054,-87.65861700000001,41.932225
248,Sedgwick St & North Ave,19,POINT (-87.638677 41.911386),2.19683136,-87.638677,41.911386
249,Southport Ave & Wrightwood Ave,15,POINT (-87.66391299999999 41.928773),1.86156463,-87.66391299999999,41.928773
250,Lakeview Ave & Fullerton Pkwy,19,POINT (-87.63897299999999 41.92585800000001),4.13023631,-87.63897299999999,41.92585800000001
251,Lake Shore Dr & Diversey Pkwy,23,POINT (-87.636427 41.932588),3.34649512,-87.636427,41.932588
252,Theater on the Lake,31,POINT (-87.63083399999999 41.926277),4.12820935,-87.63083399999999,41.926277
253,Bissell St & Armitage Ave,15,POINT (-87.65222 41.91844),3.91734694,-87.65222,41.91844
254,Ashland Ave & Wrightwood Ave,15,POINT (-87.66850699999999 41.92883),1.28129252,-87.66850699999999,41.92883
255,Halsted St & Willow St,19,POINT (-87.64875500000001 41.913865),1.69548872,-87.64875500000001,41.913865
256,Sheffield Ave & Willow St,15,POINT (-87.652855 41.913688),2.56156463,-87.652855,41.913688
257,Larrabee St & Menomonee St,15,POINT (-87.64331999999999 41.91468),1.10782313,-87.64331999999999,41.91468
258,Sheffield Ave & Webster Ave,19,POINT (-87.653818 41.92154),2.55880773,-87.653818,41.92154
259,Clark St & Wrightwood Ave,15,POINT (-87.643118 41.929546),4.44795918,-87.643118,41.929546
260,Stockton Dr & Wrightwood Ave,15,POINT (-87.63874200000001 41.93132),4.45578231,-87.63874200000001,41.93132
261,Clark St & Lincoln Ave,23,POINT (-87.63460000000001 41.915689),3.96827862,-87.63460000000001,41.915689
262,Larrabee St & Armitage Ave,15,POINT (-87.643749 41.918084),2.10068027,-87.643749,41.918084
263,Greenview Ave & Fullerton Ave,15,POINT (-87.6658 41.92533),2.0462585,-87.6658,41.92533
264,Southport Ave & Clybourn Ave,15,POINT (-87.663712 41.920771),1.25612245,-87.663712,41.920771
265,Wilton Ave & Diversey Pkwy,35,POINT (-87.65270500000001 41.932418),1.32521866,-87.65270500000001,41.932418
266,Racine Ave & Fullerton Ave,19,POINT (-87.65840426 41.92556258),1.65601504,-87.65840426,41.92556258
267,Cannon Dr & Fullerton Ave,15,POINT (-87.634428785 41.926755988),2.13741497,-87.634428785,41.926755988
268,Winchester Ave & Elston Ave,15,POINT (-87.67646007499999 41.92409085),0.71428571,-87.67646007499999,41.92409085
269,Sheffield Ave & Fullerton Ave,27,POINT (-87.65370804200001 41.925601882),1.27040816,-87.65370804200001,41.925601882
270,Lincoln Park Conservatory,31,POINT (-87.635824531 41.923931311),1.5355497,-87.635824531,41.923931311
272,Clark St & Newport St,15,POINT (-87.654678 41.94454),2.9452381,-87.654678,41.94454
273,Southport Ave & Belmont Ave,15,POINT (-87.663747668 41.93947775),1.93333333,-87.663747668,41.93947775
274,Broadway & Barry Ave,19,POINT (-87.644097805 41.937582316),4.90735768,-87.644097805,41.937582316
275,Lake Shore Dr & Belmont Ave,19,POINT (-87.63919200000001 41.940775),4.09103115,-87.63919200000001,41.940775
276,Broadway & Belmont Ave,19,POINT (-87.64545099999999 41.940106),2.74087003,-87.64545099999999,41.940106
277,Broadway & Cornelia Ave,23,POINT (-87.646439 41.945529),3.09649512,-87.646439,41.945529
278,Wilton Ave & Belmont Ave,27,POINT (-87.65304 41.94018),2.60922147,-87.65304,41.94018
279,Sheffield Ave & Wellington Ave,23,POINT (-87.65266200000001 41.936266),2.38686779,-87.65266200000001,41.936266
280,Halsted St & Roscoe St,15,POINT (-87.64895 41.94367),4.27993197,-87.64895,41.94367
281,Lincoln Ave & Addison St,19,POINT (-87.67330799999999 41.946176),0.53705693,-87.67330799999999,41.946176
282,Lincoln Ave & Roscoe St,19,POINT (-87.67097 41.94334),1.68716434,-87.67097,41.94334
283,Ashland Ave & Wellington Ave,19,POINT (-87.66980699999999 41.936083),0.95032223,-87.66980699999999,41.936083
284,Lincoln Ave & Belmont Ave,15,POINT (-87.668385 41.939365),1.97891156,-87.668385,41.939365
285,Southport Ave & Roscoe St,19,POINT (-87.66401999999999 41.943739),2.86895811,-87.66401999999999,41.943739
286,Burling St & Diversey Pkwy,19,POINT (-87.64775999999999 41.93314),2.2132116,-87.64775999999999,41.93314
287,Southport Ave & Wellington Ave,19,POINT (-87.66357600000001 41.935733),1.80102041,-87.66357600000001,41.935733
288,Racine Ave & Belmont Ave,15,POINT (-87.65886500000001 41.939743),2.48333333,-87.65886500000001,41.939743
289,Clark St & Wellington Ave,15,POINT (-87.64753865799999 41.936496822),4.09727891,-87.64753865799999,41.936496822
290,Greenview Ave & Diversey Pkwy,15,POINT (-87.665936351 41.932589634),1.12346939,-87.665936351,41.932589634
291,Lake Shore Dr & Wellington Ave,15,POINT (-87.63682901899999 41.936688449),6.03911565,-87.63682901899999,41.936688449
292,Bernard St & Elston Ave,11,POINT (-87.713949 41.949923),0.20500928,-87.713949,41.949923
293,Leavitt St & Belmont Ave,15,POINT (-87.68328199999999 41.93935399999999),0.53809524,-87.68328199999999,41.93935399999999
294,Albany Ave & Montrose Ave,11,POINT (-87.705866 41.96104099999999),0.62847866,-87.705866,41.96104099999999
295,Drake Ave & Addison St,15,POINT (-87.71758199999999 41.947326),0.12380952,-87.71758199999999,41.947326
296,California Ave & Montrose Ave,15,POINT (-87.69543900000001 41.961068),0.96598639,-87.69543900000001,41.961068
297,Western Ave & Roscoe St,11,POINT (-87.687288 41.943034),0.83580705,-87.687288,41.943034
298,Kimball Ave & Belmont Ave,15,POINT (-87.711561 41.939398),0.45238095,-87.711561,41.939398
299,Avers Ave & Belmont Ave,11,POINT (-87.723574 41.939408),0.55426716,-87.723574,41.939408
300,Lincoln Ave & Belle Plaine Ave,15,POINT (-87.680161446 41.956003551),1.21088435,-87.680161446,41.956003551
301,Damen Ave & Wellington Ave,15,POINT (-87.67841999999999 41.93588),1.00816327,-87.67841999999999,41.93588
302,Seeley Ave & Roscoe St,11,POINT (-87.679618 41.943403),1.46150278,-87.679618,41.943403
303,Leavitt St & Addison St,15,POINT (-87.683359 41.946655),0.4585034,-87.683359,41.946655
304,Damen Ave & Melrose Ave,15,POINT (-87.6785 41.9406),0.69047619,-87.6785,41.9406
305,Monticello Ave & Irving Park Rd,15,POINT (-87.71912818 41.954004839),0.29183673,-87.71912818,41.954004839
306,Sawyer Ave & Irving Park Rd,15,POINT (-87.7093108 41.953586179),0.32244898,-87.7093108,41.953586179
307,Oakley Ave & Irving Park Rd,15,POINT (-87.686079624 41.954340852),0.50544218,-87.686079624,41.954340852
308,California Ave & Byron St,19,POINT (-87.69805111299999 41.952162193),0.4519334,-87.69805111299999,41.952162193
309,Troy St & Elston Ave,15,POINT (-87.70664990100001 41.945243568),0.47619048,-87.70664990100001,41.945243568
310,Talman Ave & Addison St,15,POINT (-87.69461475799999 41.946635831),0.52380952,-87.69461475799999,41.946635831
311,California Ave & Fletcher St,19,POINT (-87.69800775600001 41.938428791),0.49328679,-87.69800775600001,41.938428791
312,Central Park Ave & Elbridge Ave,15,POINT (-87.716889294 41.935337283),0.41428571,-87.716889294,41.935337283
313,Wood St & Chicago Ave,15,POINT (-87.67206899999999 41.895634),0.83945578,-87.67206899999999,41.895634
314,Leavitt St & Division St,15,POINT (-87.683825 41.902997),0.5170068,-87.683825,41.902997
315,Paulina Ave & North Ave,15,POINT (-87.67007199999999 41.910337),1.8414966,-87.67007199999999,41.910337
316,Damen Ave & Division St,19,POINT (-87.67843499999999 41.903266),1.41084855,-87.67843499999999,41.903266
317,Ashland Ave & Chicago Ave,15,POINT (-87.66774699999999 41.89596599999999),1.64557823,-87.66774699999999,41.89596599999999
318,Wood St & Milwaukee Ave,19,POINT (-87.672552 41.907655),2.28061224,-87.672552,41.907655
319,California Ave & Division St,15,POINT (-87.697474 41.903029),1.06598639,-87.697474,41.903029
320,Wood St & Augusta Blvd,15,POINT (-87.6722 41.899181),1.22108844,-87.6722,41.899181
321,Damen Ave & Grand Ave,23,POINT (-87.67684221299999 41.891264346),0.55479148,-87.67684221299999,41.891264346
322,Damen Ave & Cortland St,19,POINT (-87.677335 41.915983),1.73737916,-87.677335,41.915983
323,Western Ave & Division St,23,POINT (-87.687275 41.902893),0.67879326,-87.687275,41.902893
324,Claremont Ave & Hirsch St,11,POINT (-87.68585400000001 41.907781),0.6038961,-87.68585400000001,41.907781
325,Walsh Park,23,POINT (-87.667968 41.91461),0.6608252,-87.667968,41.91461
326,Marshfield Ave & Cortland St,23,POINT (-87.668879 41.916017),1.0215173,-87.668879,41.916017
327,Damen Ave & Thomas St (Augusta Blvd),19,POINT (-87.677409 41.901315),1.32116004,-87.677409,41.901315
328,Wood St & Hubbard St,19,POINT (-87.67147299999999 41.889899),0.52524168,-87.67147299999999,41.889899
329,Ashland Ave & Augusta Blvd,15,POINT (-87.6677 41.899643),1.31904762,-87.6677,41.899643
330,Honore St & Division St,27,POINT (-87.673935 41.903119),1.27135299,-87.673935,41.903119
331,California Ave & Cortez St,15,POINT (-87.696704 41.900363),0.99897959,-87.696704,41.900363
332,Ashland Ave & Division St,27,POINT (-87.66774699999999 41.90345),2.30706727,-87.66774699999999,41.90345
333,Western Ave & Walton St,23,POINT (-87.68659601600001 41.898417689),0.94099379,-87.68659601600001,41.898417689
334,Damen Ave & Pierce Ave,23,POINT (-87.67769192899999 41.909396007),2.46273292,-87.67769192899999,41.909396007
335,Troy St & North Ave,15,POINT (-87.70528048700001 41.909769302),0.8537415,-87.70528048700001,41.909769302
337,Orleans St & Elm St,15,POINT (-87.637715 41.902924),0.94251701,-87.637715,41.902924
338,Wells St & Elm St,23,POINT (-87.63432399999999 41.903222),3.78726708,-87.63432399999999,41.903222
339,Dearborn Pkwy & Delaware Pl,19,POINT (-87.629912 41.898969),3.90655209,-87.629912,41.898969
340,Clark St & Schiller St,19,POINT (-87.631501 41.907993),3.70864662,-87.631501,41.907993
341,State St & Pearson St,27,POINT (-87.628722 41.897448),1.27305367,-87.628722,41.897448
342,Halsted St & Clybourn Ave,27,POINT (-87.648128 41.909668),1.69897959,-87.648128,41.909668
343,Clybourn Ave & Division St,15,POINT (-87.640552 41.904613),1.35816327,-87.640552,41.904613
344,Orleans St & Chestnut St (NEXT Apts),15,POINT (-87.637536 41.898203),1.96360544,-87.637536,41.898203
345,Clark St & Elm St,39,POINT (-87.63128 41.902973),3.13984825,-87.63128,41.902973
346,Ritchie Ct & Banks St,15,POINT (-87.62621700000001 41.906866),2.89693878,-87.62621700000001,41.906866
347,Larrabee St & Kingsbury St,43,POINT (-87.642884 41.897764),0.80185097,-87.642884,41.897764
348,Larrabee St & North Ave,19,POINT (-87.6435 41.91021),1.02148228,-87.6435,41.91021
349,Wells St & Walton St,19,POINT (-87.63443006999999 41.89993001),1.50886144,-87.63443006999999,41.89993001
350,Wells St & Evergreen Ave,19,POINT (-87.63483000000001 41.906724),4.04887218,-87.63483000000001,41.906724
351,Clark St & Chicago Ave,19,POINT (-87.63089000000001 41.89675),2.36707841,-87.63089000000001,41.89675
352,Sedgwick St & Schiller St,15,POINT (-87.638566 41.907626),0.95306122,-87.638566,41.907626
353,Franklin St & Chicago Ave,23,POINT (-87.63566762200001 41.896746973),1.60470275,-87.63566762200001,41.896746973
354,Larrabee St & Division St,23,POINT (-87.643353494 41.90348607),1.44498669,-87.643353494,41.90348607
355,Larrabee St & Oak St,19,POINT (-87.64298546799999 41.900219493),1.01852846,-87.64298546799999,41.900219493
357,Ada St & 113th St,15,POINT (-87.655475736 41.687561623),0.00272109,-87.655475736,41.687561623
358,Vincennes Ave & 104th St,15,POINT (-87.65686811 41.704925565),0.00272109,-87.65686811,41.704925565
359,Hale Ave & 107th St,11,POINT (-87.66891896700001 41.699206168),0.00649351,-87.66891896700001,41.699206168
360,Walden Pkwy & 100th St,15,POINT (-87.667733431 41.712164104),0.00612245,-87.667733431,41.712164104
361,Halsted St & 111th St,15,POINT (-87.64261186100001 41.692262556),0.00578231,-87.64261186100001,41.692262556
362,Major Taylor Trail & 115th St,15,POINT (-87.645288706 41.684931595),0.00646259,-87.645288706,41.684931595
363,Racine Ave & Washington Blvd,11,POINT (-87.656952 41.883073),0.75371058,-87.656952,41.883073
364,Canal St & Taylor St,15,POINT (-87.63947399999999 41.870257),0.94421769,-87.63947399999999,41.870257
365,May St & Taylor St,15,POINT (-87.6554864 41.8694821),1.73945578,-87.6554864,41.8694821
366,Racine Ave & Randolph St,19,POINT (-87.656853 41.884069),0.61063373,-87.656853,41.884069
367,Canal St & Harrison St,15,POINT (-87.639573 41.874255),0.43809524,-87.639573,41.874255
368,Halsted St & Roosevelt Rd,23,POINT (-87.648625 41.867324),0.43722272,-87.648625,41.867324
369,Green St & Madison St,27,POINT (-87.64878900000001 41.881892),2.16250945,-87.64878900000001,41.881892
370,900 W Harrison St,19,POINT (-87.649807 41.874754),0.7424812,-87.649807,41.874754
371,Aberdeen St & Monroe St,19,POINT (-87.655519 41.880419),1.16595059,-87.655519,41.880419
372,Aberdeen St & Jackson Blvd,23,POINT (-87.65478743 41.87772613),1.3271961,-87.65478743,41.87772613
373,Loomis St & Lexington St,19,POINT (-87.661501 41.872187),2.10902256,-87.661501,41.872187
374,Loomis St & Jackson Blvd,19,POINT (-87.66200699999999 41.877945),0.86761547,-87.66200699999999,41.877945
375,Sangamon St & Washington Blvd,15,POINT (-87.6511 41.88316500000001),1.51190476,-87.6511,41.88316500000001
376,Ada St & Washington Blvd,15,POINT (-87.66120600000001 41.88283),1.57789116,-87.66120600000001,41.88283
377,Halsted St & Polk St,19,POINT (-87.64664 41.87184),0.8310956,-87.64664,41.87184
378,Aberdeen St & Randolph St,15,POINT (-87.654264 41.884114),1.4207483,-87.654264,41.884114
379,Morgan St & Polk St,19,POINT (-87.65103000000001 41.871737),1.19548872,-87.65103000000001,41.871737
380,Clinton St & Tilden St,23,POINT (-87.640795 41.875885),0.37466726,-87.640795,41.875885
381,Racine Ave & Congress Pkwy,19,POINT (-87.65703000000001 41.87464),0.50886144,-87.65703000000001,41.87464
382,Throop St & Taylor St,15,POINT (-87.65914100000001 41.868968),1.24727891,-87.65914100000001,41.868968
383,Green St & Randolph St,15,POINT (-87.64867 41.883668),2.88027211,-87.64867,41.883668
384,Peoria St & Jackson Blvd,19,POINT (-87.649617791 41.877641596),1.98361976,-87.649617791,41.877641596
385,Clinton St & Polk St,15,POINT (-87.64094913299999 41.87146651800001),0.18027211,-87.64094913299999,41.87146651800001
386,Elizabeth (May) St & Fulton St,15,POINT (-87.658039927 41.886616486),0.91836735,-87.658039927,41.886616486
387,Clinton St & Roosevelt Rd,15,POINT (-87.64108795899999 41.867117783),1.4537415,-87.64108795899999,41.867117783
388,Morgan St & Lake St,23,POINT (-87.652304856 41.885483308),1.86867791,-87.652304856,41.885483308
389,Avenue O & 134th St,15,POINT (-87.539671361 41.651867802),0.01258503,-87.539671361,41.651867802
390,Commercial Ave & 130th St,15,POINT (-87.550762296 41.659150428),0.00408163,-87.550762296,41.659150428
391,Torrence Ave & 126th Pl,15,POINT (-87.55721569100001 41.666312008),0.00102041,-87.55721569100001,41.666312008
394,Lawndale Ave & 111th St,15,POINT (-87.71288573700001 41.69131919199999),0.00102041,-87.71288573700001,41.69131919199999
395,Ravenswood Ave & Berteau Ave,15,POINT (-87.67356700000001 41.957921),0.62176871,-87.67356700000001,41.957921
396,Clarendon Ave & Gordon Ter,15,POINT (-87.64962851999999 41.958472876),2.58809524,-87.64962851999999,41.958472876
397,Southport Ave & Waveland Ave,23,POINT (-87.66394 41.94815),2.17923691,-87.66394,41.94815
398,Ravenswood Ave & Irving Park Rd,19,POINT (-87.67393 41.95469),0.86385607,-87.67393,41.95469
399,Wolcott (Ravenswood) Ave & Montrose Ave,15,POINT (-87.67616899999999 41.961406),1.10204082,-87.67616899999999,41.961406
400,Clark St & Grace St,23,POINT (-87.659172 41.95078),1.80567879,-87.659172,41.95078
401,Lincoln Ave & Waveland Ave,15,POINT (-87.67527800000001 41.948797),1.13095238,-87.67527800000001,41.948797
402,Southport Ave & Clark St,11,POINT (-87.664199 41.957081),0.9809833,-87.664199,41.957081
403,Ashland Ave & Belle Plaine Ave,11,POINT (-87.668835 41.956057),0.95593692,-87.668835,41.956057
404,Paulina St & Montrose Ave,15,POINT (-87.671387 41.961507),0.70408163,-87.671387,41.961507
405,Broadway & Waveland Ave,15,POINT (-87.648636 41.949074),3.97585034,-87.648636,41.949074
406,Southport Ave & Irving Park Rd,15,POINT (-87.66435799999999 41.954177),1.33163265,-87.66435799999999,41.954177
407,Ashland Ave & Grace St,15,POINT (-87.6687 41.950687),1.1170068,-87.6687,41.950687
408,Sheridan Rd & Irving Park Rd,27,POINT (-87.65440600000001 41.954245),1.4138322,-87.65440600000001,41.954245
409,Sheridan Rd & Montrose Ave,23,POINT (-87.65464 41.96167),1.95829636,-87.65464,41.96167
410,Sheridan Rd & Buena Ave,19,POINT (-87.654966 41.958494),1.48603652,-87.654966,41.958494
411,Clark St & Montrose Ave,19,POINT (-87.66603600000001 41.961588),0.95059076,-87.66603600000001,41.961588
412,Pine Grove Ave & Waveland Ave,23,POINT (-87.64645278499999 41.949472741),3.01796806,-87.64645278499999,41.949472741
413,Pine Grove Ave & Irving Park Rd,15,POINT (-87.648043 41.954383),3.52210884,-87.648043,41.954383
414,Clarendon Ave & Junior Ter,23,POINT (-87.649603 41.961004),1.76375333,-87.649603,41.961004
415,Broadway & Sheridan Rd,15,POINT (-87.64999300000001 41.952833),2.49829932,-87.64999300000001,41.952833
416,Sheffield Ave & Waveland Ave,27,POINT (-87.65452900000001 41.949399),1.99659864,-87.65452900000001,41.949399
417,Montrose Harbor,31,POINT (-87.638181 41.963982),2.06665569,-87.638181,41.963982
418,Winchester (Ravenswood) Ave & Balmoral Ave,15,POINT (-87.67753 41.979762),0.30272109,-87.67753,41.979762
419,Winthrop Ave & Lawrence Ave,15,POINT (-87.657659 41.968812),1.12482993,-87.657659,41.968812
420,Broadway & Argyle St,19,POINT (-87.65966 41.973815),1.38560687,-87.65966,41.973815
421,Broadway & Wilson Ave,23,POINT (-87.65813900000001 41.965221),1.27595386,-87.65813900000001,41.965221
422,Clarendon Ave & Leland Ave,15,POINT (-87.650001 41.967968),1.62857143,-87.650001,41.967968
423,Damen Ave & Leland Ave,15,POINT (-87.679028 41.967094),1.10952381,-87.679028,41.967094
424,Lakefront Trail & Wilson Ave,15,POINT (-87.64536099999999 41.965845),2.20272109,-87.64536099999999,41.965845
425,Marine Dr & Ainslie St,23,POINT (-87.650154 41.9716),1.64463177,-87.650154,41.9716
426,Ravenswood Ave & Lawrence Ave,47,POINT (-87.67423700000001 41.96909),0.63905775,-87.67423700000001,41.96909
427,Clark St & Leland Ave,19,POINT (-87.667429 41.96709600000001),1.48684211,-87.667429,41.96709600000001
428,Clark St & Winnemac Ave,19,POINT (-87.66785547100001 41.97334764),1.44038668,-87.66785547100001,41.97334764
429,Broadway & Berwyn Ave,15,POINT (-87.65975300000001 41.97835300000001),1.87619048,-87.65975300000001,41.97835300000001
430,Sheridan Rd & Lawrence Ave,19,POINT (-87.654691 41.969517),1.04645542,-87.654691,41.969517
431,Clark St & Berwyn Ave,19,POINT (-87.668047105 41.977996654),1.71589689,-87.668047105,41.977996654
432,Fairbanks St & Superior St,11,POINT (-87.620104 41.895748),2.12894249,-87.620104,41.895748
433,St. Clair St & Erie St,19,POINT (-87.622663 41.894448),4.12406015,-87.622663,41.894448
434,Streeter Dr & Grand Ave,47,POINT (-87.612043 41.892278),3.27898393,-87.612043,41.892278
435,State St & Kinzie St,31,POINT (-87.62775400000001 41.889187),1.77073733,-87.62775400000001,41.889187
436,Cityfront Plaza Dr & Pioneer Ct,31,POINT (-87.622072 41.890573),1.3357472,-87.622072,41.890573
437,Mies van der Rohe Way & Chicago Ave,15,POINT (-87.62174300000001 41.89691),3.40510204,-87.62174300000001,41.89691
438,Rush St & Hubbard St,23,POINT (-87.62618499999999 41.890173),1.114685,-87.62618499999999,41.890173
439,Wabash Ave & Grand Ave,31,POINT (-87.626761 41.89146599999999),2.63923634,-87.626761,41.89146599999999
440,Michigan Ave & Oak St,23,POINT (-87.62377664 41.90096039),3.86246673,-87.62377664,41.90096039
441,Michigan Ave & Pearson St,23,POINT (-87.62351 41.89765999999999),1.82386868,-87.62351,41.89765999999999
442,New St & Illinois St,31,POINT (-87.618616819 41.890847041),2.18104016,-87.618616819,41.890847041
443,Mies van der Rohe Way & Chestnut St,19,POINT (-87.621915226 41.898586651),3.04350161,-87.621915226,41.898586651
444,McClurg Ct & Erie St,31,POINT (-87.61785400000001 41.894503),1.81138907,-87.61785400000001,41.894503
445,Lake Shore Dr & Ohio St,19,POINT (-87.614492 41.89257),2.86143931,-87.614492,41.89257
446,Rush St & Cedar St,11,POINT (-87.62769052799999 41.902308701),5.40584416,-87.62769052799999,41.902308701
447,Fairbanks Ct & Grand Ave,15,POINT (-87.62058019600001 41.891847372),4.99727891,-87.62058019600001,41.891847372
448,Rush St & Superior St,23,POINT (-87.62590803299999 41.895764746),2.22626442,-87.62590803299999,41.895764746
449,Latrobe Ave & Chicago Ave,7,POINT (-87.756895 41.894745),0.08017493,-87.756895,41.894745
450,Kenton Ave & Madison St,11,POINT (-87.74101800000001 41.880708),0.03756957,-87.74101800000001,41.880708
451,Laramie Ave & Kinzie St,11,POINT (-87.755527 41.887832),0.0296846,-87.755527,41.887832
452,Central Ave & Harrison St,11,POINT (-87.764499 41.872993),0.08116883,-87.764499,41.872993
453,Cicero Ave & Flournoy St,11,POINT (-87.746619 41.872131),0.02504638,-87.746619,41.872131
454,Austin Blvd & Madison St,11,POINT (-87.77445300000001 41.880281),0.14888683,-87.77445300000001,41.880281
455,Cicero Ave & Quincy St,11,POINT (-87.74540500000001 41.877613),0.07606679,-87.74540500000001,41.877613
456,Laramie Ave & Madison St,11,POINT (-87.755337 41.880207),0.09647495,-87.755337,41.880207
457,Central Ave & Lake St,11,POINT (-87.765469 41.887664),0.07606679,-87.765469,41.887664
458,Cicero Ave & Lake St,11,POINT (-87.745261 41.886841),0.04220779,-87.745261,41.886841
459,Central Ave & Madison St,11,POINT (-87.763238 41.880121),0.10899814,-87.763238,41.880121
460,Austin Blvd & Lake St,11,POINT (-87.774446 41.887919),0.18460111,-87.774446,41.887919
461,Laramie Ave & Gladys Ave,11,POINT (-87.755285 41.875806),0.03246753,-87.755285,41.875806
462,Canal St & Jackson Blvd,47,POINT (-87.63936600000001 41.877245),0.1897525,-87.63936600000001,41.877245
463,Wacker Dr & Washington St,19,POINT (-87.637321 41.883132),0.95649839,-87.637321,41.883132
464,Canal St & Monroe St,27,POINT (-87.63953000000001 41.88169),0.41402116,-87.63953000000001,41.88169
465,Franklin St & Lake St,27,POINT (-87.63549999999999 41.885837),1.37452759,-87.63549999999999,41.885837
466,Franklin St & Monroe St,31,POINT (-87.63518499999999 41.880317),1.09101382,-87.63518499999999,41.880317
467,Franklin St & Adams St (Temp),15,POINT (-87.63550400700001 41.879434091),1.07517007,-87.63550400700001,41.879434091
468,Franklin St & Jackson Blvd,39,POINT (-87.63532114100001 41.877707956),0.98233909,-87.63532114100001,41.877707956
469,Central Park Blvd & 5th Ave,11,POINT (-87.71547 41.875679),0.09183673,-87.71547,41.875679
470,Conservatory Dr & Lake St,11,POINT (-87.71686600000001 41.885502),0.2648423,-87.71686600000001,41.885502
471,Karlov Ave & Madison St,11,POINT (-87.727907 41.88085),0.05612245,-87.727907,41.88085
472,Pulaski Rd & Lake St,11,POINT (-87.72649100000001 41.885409),0.06539889,-87.72649100000001,41.885409
473,Pulaski Rd & Congress Pkwy,11,POINT (-87.72570400000001 41.874325),0.05009276,-87.72570400000001,41.874325
474,Kostner Ave & Lake St,11,POINT (-87.73541 41.885928),0.0190167,-87.73541,41.885928
475,Kostner Ave & Adams St,11,POINT (-87.735737 41.877917),0.08024119,-87.735737,41.877917
476,Kedzie Ave & Lake St,15,POINT (-87.706303744 41.884603285),0.17993197,-87.706303744,41.884603285
477,Kedzie Ave & Roosevelt Rd,11,POINT (-87.706496176 41.86649278199999),0.10575139,-87.706496176,41.86649278199999
478,Clinton St & 18th St,15,POINT (-87.640826 41.85795),0.57517007,-87.640826,41.85795
479,State St & 29th St,11,POINT (-87.626938 41.841707),0.26252319,-87.626938,41.841707
480,Emerald Ave & 28th St,15,POINT (-87.645368 41.84358),0.50986395,-87.645368,41.84358
481,Burnham Harbor,23,POINT (-87.613348 41.856268),2.40749778,-87.613348,41.856268
482,Indiana Ave & 26th St,15,POINT (-87.62248100000001 41.845687),0.95102041,-87.62248100000001,41.845687
483,Shields Ave & 31st St,15,POINT (-87.635406 41.838464),0.49285714,-87.635406,41.838464
484,Calumet Ave & 18th St,15,POINT (-87.619407 41.857611),1.85884354,-87.619407,41.857611
485,Emerald Ave & 31st St,11,POINT (-87.645143 41.838198),1.12430427,-87.645143,41.838198
486,Wells St & 19th St,11,POINT (-87.63387900000001 41.856802),0.68923933,-87.63387900000001,41.856802
487,State St & 19th St,15,POINT (-87.62754200000001 41.856594),0.7207483,-87.62754200000001,41.856594
488,Halsted St & 18th St,15,POINT (-87.646277 41.857499),0.61360544,-87.646277,41.857499
489,Normal Ave & Archer Ave,11,POINT (-87.640591 41.849527),0.37847866,-87.640591,41.849527
490,Shields Ave & 28th Pl,11,POINT (-87.635491 41.842733),0.3474026,-87.635491,41.842733
491,Indiana Ave & 31st St,11,POINT (-87.62185699999999 41.838842),0.99721707,-87.62185699999999,41.838842
492,MLK Jr Dr & 29th St,19,POINT (-87.617 41.842052),1.36627282,-87.617,41.842052
493,Rhodes Ave & 32nd St,11,POINT (-87.61353299999999 41.836208),1.20408163,-87.61353299999999,41.836208
494,Wentworth Ave & Cermak Rd,19,POINT (-87.63193130499999 41.853084557),1.01933405,-87.63193130499999,41.853084557
495,State St & 35th St,19,POINT (-87.626797557 41.831036314),0.44575725,-87.626797557,41.831036314
496,State St & 33rd St,15,POINT (-87.62581299999999 41.834734),1.1952381,-87.62581299999999,41.834734
497,Fort Dearborn Dr & 31st St,27,POINT (-87.60821800000001 41.838556),1.60846561,-87.60821800000001,41.838556
498,Calumet Ave & 35th St,15,POINT (-87.61803399999999 41.831379),0.39659864,-87.61803399999999,41.831379
499,Wabash Ave & Cermak Rd,11,POINT (-87.62648799999999 41.852619),0.7903525,-87.62648799999999,41.852619
500,Michigan Ave & 18th St,23,POINT (-87.62455 41.857813),1.50887311,-87.62455,41.857813
501,Calumet Ave & 33rd St,11,POINT (-87.61793 41.8349),1.17764378,-87.61793,41.8349
502,Wentworth Ave & 24th St (Temp),15,POINT (-87.63214051700001 41.850083693),0.35170068,-87.63214051700001,41.850083693
503,Calumet Ave & 21st St,15,POINT (-87.61915374100001 41.854184249),0.65748299,-87.61915374100001,41.854184249
504,Wentworth Ave & 33rd St,15,POINT (-87.631822981 41.834529886),0.21938776,-87.631822981,41.834529886
505,Lake Park Ave & 35th St,19,POINT (-87.608799195 41.831274235),0.88533835,-87.608799195,41.831274235
506,McCormick Place,27,POINT (-87.61883464899999 41.851375173),0.26209373,-87.61883464899999,41.851375173
507,Wells St & Huron St,27,POINT (-87.634362 41.89472199999999),3.09693878,-87.634362,41.89472199999999
508,Orleans St & Hubbard St,11,POINT (-87.636618 41.890028),1.86317254,-87.636618,41.890028
509,Orleans St & Merchandise Mart Plaza,35,POINT (-87.63639000000001 41.888243),0.96049563,-87.63639000000001,41.888243
510,LaSalle Dr & Huron St,19,POINT (-87.63232600000001 41.894877),1.97932331,-87.63232600000001,41.894877
511,Sedgwick St & Huron St,27,POINT (-87.638437 41.894666),1.28533636,-87.638437,41.894666
512,Dearborn St & Erie St,27,POINT (-87.62931800000001 41.893992),3.27059713,-87.62931800000001,41.893992
513,LaSalle St & Illinois St,31,POINT (-87.631697 41.890762),1.80546412,-87.631697,41.890762
514,Wells St & Hubbard St,31,POINT (-87.634266 41.889906),1.9315339,-87.634266,41.889906
515,Kingsbury St & Kinzie St,31,POINT (-87.638505772 41.889176833),2.34990125,-87.638505772,41.889176833
516,Franklin St & Illinois St,11,POINT (-87.635479867 41.89102331),3.73747681,-87.635479867,41.89102331
517,Kingsbury St & Erie St,23,POINT (-87.641697228 41.893808056),2.54037267,-87.641697228,41.893808056
518,Warren Park West,11,POINT (-87.688829 42.001785),0.46428571,-87.688829,42.001785
519,Western Ave & Howard St,15,POINT (-87.690048 42.018901),0.16122449,-87.690048,42.018901
520,Ridge Blvd & Howard St,11,POINT (-87.68451999999999 42.019276),0.18506494,-87.68451999999999,42.019276
521,Oakley Ave & Touhy Ave,11,POINT (-87.688243 42.012342),0.21753247,-87.688243,42.012342
522,Warren Park East,11,POINT (-87.680666145 42.004549622),0.40120594,-87.680666145,42.004549622
523,Western Ave & Lunt Ave,15,POINT (-87.69049223899999 42.008594397),0.44965986,-87.69049223899999,42.008594397
524,Ridge Blvd & Touhy Ave,11,POINT (-87.682912644 42.012132277),0.17764378,-87.682912644,42.012132277
525,Glenwood Ave & Touhy Ave,15,POINT (-87.66605799999999 42.012701),0.35170068,-87.66605799999999,42.012701
526,Greenview Ave & Jarvis Ave,19,POINT (-87.66856999999999 42.015962),0.43555317,-87.66856999999999,42.015962
527,Clark St & Jarvis Ave,11,POINT (-87.675005 42.015963),0.35204082,-87.675005,42.015963
528,Clark St & Lunt Ave,19,POINT (-87.67419 42.009074),0.28732546,-87.67419,42.009074
529,Sheridan Rd & Columbia Ave,15,POINT (-87.661406 42.004583),0.87312925,-87.661406,42.004583
530,Wolcott Ave & Fargo Ave,11,POINT (-87.677725 42.016977),0.13311688,-87.677725,42.016977
531,Bosworth Ave & Howard St,11,POINT (-87.669563 42.019537),0.18784787,-87.669563,42.019537
532,Paulina St & Howard St,19,POINT (-87.673573 42.019159),0.27765843,-87.673573,42.019159
533,Clark St & Touhy Ave,15,POINT (-87.674367115 42.012560115),0.1962585,-87.674367115,42.012560115
534,Sheridan Rd & Greenleaf Ave,15,POINT (-87.66241209499999 42.010586563),0.78265306,-87.66241209499999,42.010586563
535,Glenwood Ave & Morse Ave,15,POINT (-87.665502394 42.007971923),0.95714286,-87.665502394,42.007971923
536,Clark St & Columbia Ave,15,POINT (-87.672402405 42.004450629),0.34693878,-87.672402405,42.004450629
537,Sheridan Rd & Loyola Ave,23,POINT (-87.66119824299999 42.00104378),0.8216504,-87.66119824299999,42.00104378
538,Clark St & Schreiber Ave,15,POINT (-87.671377339 41.999251822),0.59965986,-87.671377339,41.999251822
539,Eastlake Ter & Rogers Ave,15,POINT (-87.66505792700001 42.020887281),0.69693878,-87.66505792700001,42.020887281
540,Paulina St & 18th St,15,POINT (-87.668745 41.857901),0.95170068,-87.668745,41.857901
541,Racine Ave & 18th St,15,POINT (-87.65649499999999 41.858166),1.02517007,-87.65649499999999,41.858166
542,Morgan Ave & 14th Pl,15,POINT (-87.651062 41.862378),0.77278912,-87.651062,41.862378
543,Western Ave & 21st St,15,POINT (-87.685838 41.854109),0.34353741,-87.685838,41.854109
544,Morgan St & 18th St,15,POINT (-87.651073 41.858086),0.79319728,-87.651073,41.858086
545,Racine Ave & 15th St,15,POINT (-87.65662500000001 41.861267),0.38945578,-87.65662500000001,41.861267
546,Damen Ave & Coulter St,7,POINT (-87.67564 41.8492),0.43877551,-87.67564,41.8492
547,Racine Ave & 13th St,15,POINT (-87.656959 41.865054),0.25136054,-87.656959,41.865054
548,Western Ave & 24th St,7,POINT (-87.685109 41.84847),0.42274052,-87.685109,41.84847
549,Damen Ave & Cullerton St,15,POINT (-87.67603486799999 41.854902589),0.6744898,-87.67603486799999,41.854902589
550,Ashland Ave & 13th St,15,POINT (-87.666507 41.865234),0.53741497,-87.666507,41.865234
551,May St & Cullerton St,11,POINT (-87.654127 41.855136),0.63961039,-87.654127,41.855136
552,Blue Island Ave & 18th St,15,POINT (-87.661535 41.857556),1.01020408,-87.661535,41.857556
553,Washtenaw Ave & Ogden Ave,15,POINT (-87.693450451 41.861930493),0.21666667,-87.693450451,41.861930493
554,Halsted St & Maxwell St,15,POINT (-87.647071 41.864883),1.15408163,-87.647071,41.864883
555,Halsted St & Archer Ave,15,POINT (-87.646795 41.847203),0.29285714,-87.646795,41.847203
556,Halsted St & 21st St,11,POINT (-87.64664999999999 41.85378),0.33673469,-87.64664999999999,41.85378
557,Morgan St & 31st St,11,POINT (-87.65114 41.8378),0.67439703,-87.65114,41.8378
558,Laflin St & Cullerton St,15,POINT (-87.66355991399999 41.854914576),0.51054422,-87.66355991399999,41.854914576
559,Loomis St & Archer Ave,11,POINT (-87.65743495299999 41.84163254),0.39471243,-87.65743495299999,41.84163254
560,Racine Ave & 35th St,15,POINT (-87.655975912 41.830696113),0.2255102,-87.655975912,41.830696113
561,Ashland Ave & Archer Ave,15,POINT (-87.665609859 41.839208684),0.17108844,-87.665609859,41.839208684
562,California Ave & 23rd Pl,11,POINT (-87.695139807 41.849109692),0.32931354,-87.695139807,41.849109692
563,Ogden Ave & Roosevelt Rd,19,POINT (-87.68469707 41.866501483),0.40171858,-87.68469707,41.866501483
564,Western Ave & 28th St,11,POINT (-87.68513144100001 41.841517708),0.1187384,-87.68513144100001,41.841517708
565,LaSalle St & Jackson Blvd,35,POINT (-87.631929 41.878166),0.7483965,-87.631929,41.878166
566,State St & Van Buren St,27,POINT (-87.627844 41.877181),0.77248677,-87.627844,41.877181
567,Michigan Ave & Jackson Blvd,23,POINT (-87.62408000000001 41.87785),1.304126,-87.62408000000001,41.87785
568,Dearborn St & Adams St,19,POINT (-87.629791036 41.879356359),1.05128894,-87.629791036,41.879356359
569,Wabash Ave & Adams St,23,POINT (-87.625688606 41.879472352),1.23757764,-87.625688606,41.879472352
570,LaSalle St & Adams St,15,POINT (-87.63198522100001 41.879344373),0.79455782,-87.63198522100001,41.879344373
571,Avondale Ave & Irving Park Rd,19,POINT (-87.73200200000001 41.953393),0.22824919,-87.73200200000001,41.953393
572,Kilbourn Ave & Milwaukee Ave,15,POINT (-87.74002 41.948818),0.14489796,-87.74002,41.948818
573,Kilbourn Ave & Irving Park Rd,11,POINT (-87.74056899999999 41.953733),0.17996289,-87.74056899999999,41.953733
574,Knox Ave & Montrose Ave,11,POINT (-87.74535899999999 41.960631),0.17207792,-87.74535899999999,41.960631
575,Pulaski Rd & Eddy St (Temp),11,POINT (-87.73102299999999 41.946264),0.2606679,-87.73102299999999,41.946264
576,Milwaukee Ave & Cuyler Ave,11,POINT (-87.74959399999999 41.954468),0.30333952,-87.74959399999999,41.954468
577,Cottage Grove Ave & 47th St,15,POINT (-87.60675500000001 41.809855),0.34965986,-87.60675500000001,41.809855
578,MLK Jr Dr & Pershing Rd,15,POINT (-87.61678000000001 41.8246),0.53707483,-87.61678000000001,41.8246
579,Cottage Grove Ave & 43rd St,11,POINT (-87.60658199999999 41.816499),0.4619666,-87.60658199999999,41.816499
580,Indiana Ave & 40th St,11,POINT (-87.6216 41.82168),0.22820037,-87.6216,41.82168
581,Cottage Grove Ave & Oakwood Blvd,15,POINT (-87.6071 41.822985),0.66972789,-87.6071,41.822985
582,Greenwood Ave & 47th St,15,POINT (-87.59938299999999 41.809835),0.5755102,-87.59938299999999,41.809835
583,MLK Jr Dr & 47th St,11,POINT (-87.61627900000001 41.809851),0.41651206,-87.61627900000001,41.809851
584,Woodlawn Ave & Lake Park Ave,15,POINT (-87.59700514799999 41.81409271),0.49353741,-87.59700514799999,41.81409271
585,Prairie Ave & 43rd St,15,POINT (-87.61941246200001 41.816658893),0.27823129,-87.61941246200001,41.816658893
586,Jefferson St & Monroe St,18,POINT (-87.642746 41.880422),1.4180839,-87.642746,41.880422
587,Canal St & Madison St,35,POINT (-87.639833 41.882091),0.53177843,-87.639833,41.882091
588,Clinton St & Madison St,31,POINT (-87.64106600000001 41.882242),1.50674786,-87.64106600000001,41.882242
589,Canal St & Adams St,47,POINT (-87.639904 41.879255),0.6016066,-87.639904,41.879255
590,Desplaines St & Jackson Blvd,27,POINT (-87.64390899999999 41.878287),1.33805745,-87.64390899999999,41.878287
591,Clinton St & Washington Blvd,31,POINT (-87.64116999999999 41.88338),0.94848585,-87.64116999999999,41.88338
592,Clinton St & Lake St,23,POINT (-87.641823 41.885637),1.63509317,-87.641823,41.885637
593,Desplaines St & Kinzie St,27,POINT (-87.64444785299999 41.888716036),2.82218443,-87.64444785299999,41.888716036
594,Clinton St & Jackson Blvd,23,POINT (-87.63983845700001 41.87811603),0.7324756,-87.63983845700001,41.87811603
595,Desplaines St & Randolph St,23,POINT (-87.644570585 41.88461619),1.37333629,-87.644570585,41.88461619
596,Austin Blvd & Chicago Ave,7,POINT (-87.774704 41.894887),0.16399417,-87.774704,41.894887
597,Central Ave & Chicago Ave,11,POINT (-87.76490200000001 41.894958),0.13821892,-87.76490200000001,41.894958
598,Central Park Ave & North Ave,15,POINT (-87.71663195200001 41.909656876),0.29489796,-87.71663195200001,41.909656876
599,Spaulding Ave & Division St,11,POINT (-87.70921957100001 41.902706594),0.70732839,-87.70921957100001,41.902706594
600,Yates Blvd & 75th St,11,POINT (-87.56644 41.758768),0.10296846,-87.56644,41.758768
601,Cornell Dr & Hayes Dr,11,POINT (-87.584846 41.780595),0.19619666,-87.584846,41.780595
602,Phillips Ave & 79th St,11,POINT (-87.56521100000001 41.75182),0.1080705,-87.56521100000001,41.75182
603,Bennett Ave & 79th St,11,POINT (-87.578496 41.751785),0.04081633,-87.578496,41.751785
604,South Shore Dr & 67th St,15,POINT (-87.567514 41.773643),0.50272109,-87.567514,41.773643
605,Stony Island Ave & 67th St,11,POINT (-87.58533973899999 41.773458499),0.22170686,-87.58533973899999,41.773458499
606,Jeffery Blvd & 71st St,11,POINT (-87.576450114 41.766638237),0.25834879,-87.576450114,41.766638237
607,South Shore Dr & 71st St,15,POINT (-87.565687572 41.76640945699999),0.60680272,-87.565687572,41.76640945699999
608,Jeffery Blvd & 67th St,11,POINT (-87.577142826 41.773517551),0.33858998,-87.577142826,41.773517551
609,Jeffery Blvd & 76th St,11,POINT (-87.575839359 41.757120068),0.09786642,-87.575839359,41.757120068
610,Rainbow Beach,15,POINT (-87.54938625 41.757871448),0.12823129,-87.54938625,41.757871448
611,South Shore Dr & 74th St,11,POINT (-87.55927465000001 41.76218896),0.3093692,-87.55927465000001,41.76218896
612,Milwaukee Ave & Grand Ave,19,POINT (-87.64838399999999 41.891578),2.53598281,-87.64838399999999,41.891578
613,Noble St & Milwaukee Ave,15,POINT (-87.6626 41.90068),1.89387755,-87.6626,41.90068
614,Ashland Ave & Blackhawk St,15,POINT (-87.667252 41.907066),2.19421769,-87.667252,41.907066
615,Carpenter St & Huron St,19,POINT (-87.65344899999999 41.894556),1.48845328,-87.65344899999999,41.894556
616,Eckhart Park,19,POINT (-87.66098386 41.89637337),1.60257787,-87.66098386,41.89637337
617,Ashland Ave & Grand Ave,15,POINT (-87.666611 41.89107199999999),1.03945578,-87.666611,41.89107199999999
618,Cherry Ave & Blackhawk St,15,POINT (-87.655618 41.907221),0.17619048,-87.655618,41.907221
619,Ogden Ave & Race Ave,15,POINT (-87.658751 41.891795),1.87857143,-87.658751,41.891795
620,Sheffield Ave & Kingsbury St,15,POINT (-87.65310600000001 41.910522),2.54931973,-87.65310600000001,41.910522
621,Elston Ave & Wabansia Ave,23,POINT (-87.664169 41.912919),0.41348713,-87.664169,41.912919
622,Halsted St & North Branch St,15,POINT (-87.64847987500001 41.899368439),0.35034014,-87.64847987500001,41.899368439
623,Dayton St & North Ave,19,POINT (-87.649421929 41.910578035),1.5311493,-87.649421929,41.910578035
624,Ogden Ave & Chicago Ave,19,POINT (-87.654061273 41.896362458),1.51960258,-87.654061273,41.896362458
625,Stetson Ave & South Water St,19,POINT (-87.62232 41.886835),1.68340494,-87.62232,41.886835
626,Wabash Ave & Wacker Pl,19,POINT (-87.62603 41.886875),2.50993555,-87.62603,41.886875
627,Michigan Ave & Lake St,35,POINT (-87.624117 41.886024),2.19708455,-87.624117,41.886024
628,Columbus Dr & Randolph St,55,POINT (-87.61952099999999 41.884728),1.48293135,-87.61952099999999,41.884728
629,Clark St & Randolph St,39,POINT (-87.63188991 41.884576228),0.90973312,-87.63188991,41.884576228
630,Dusable Harbor,39,POINT (-87.612813 41.886976),1.27119309,-87.612813,41.886976
631,Clark St & Lake St,27,POINT (-87.630876058 41.886020828),1.72562358,-87.630876058,41.886020828
632,State St & Randolph St,27,POINT (-87.627733569 41.884730201),1.86923658,-87.627733569,41.884730201
633,Field Blvd & South Water St,19,POINT (-87.61751654700001 41.886349063),1.82411386,-87.61751654700001,41.886349063
634,2112 W Peterson Ave,11,POINT (-87.683593 41.991178),0.28571429,-87.683593,41.991178
635,Western Ave & Granville Ave,11,POINT (-87.68943828200001 41.994161369),0.44341373,-87.68943828200001,41.994161369
636,Maplewood Ave & Peterson Ave,11,POINT (-87.69336964 41.990236029),0.24211503,-87.69336964,41.990236029
637,Budlong Woods Library,11,POINT (-87.69642256100001 41.983664709),0.33627087,-87.69642256100001,41.983664709
638,Kildare Ave & Montrose Ave,15,POINT (-87.73569000000001 41.96108),0.17414966,-87.73569000000001,41.96108
639,Keystone Ave & Montrose Ave,11,POINT (-87.728970101 41.961108016),0.33209647,-87.728970101,41.961108016
640,Central Park Ave & 24th St,11,POINT (-87.715068 41.8481),0.07282004,-87.715068,41.8481
641,California Ave & 21st St,15,POINT (-87.695742399 41.853804066),0.21632653,-87.695742399,41.853804066
642,Central Park Ave & Ogden Ave,15,POINT (-87.715117335 41.854063504),0.11836735,-87.715117335,41.854063504
643,Kedzie Ave & 21st St,11,POINT (-87.705073032 41.853533632),0.11502783,-87.705073032,41.853533632
644,Kedzie Ave & 24th St,11,POINT (-87.705413746 41.848190945),0.09925788,-87.705413746,41.848190945
645,Albany Ave & 26th St,11,POINT (-87.702013013 41.844475014),0.13404453,-87.702013013,41.844475014
646,Millard Ave & 26th St,7,POINT (-87.71607220200001 41.8445571),0.22740525,-87.71607220200001,41.8445571
647,California Ave & 26th St,11,POINT (-87.69529592299999 41.844040031),0.05890538,-87.69529592299999,41.844040031
648,LaSalle St & Washington St,15,POINT (-87.63253 41.882664),1.75238095,-87.63253,41.882664
649,Daley Center Plaza,39,POINT (-87.629634 41.884241),1.1947933,-87.629634,41.884241
650,Michigan Ave & Madison St,19,POINT (-87.625125 41.882134),1.5735768,-87.625125,41.882134
651,Michigan Ave & Washington St,43,POINT (-87.624683976 41.883984065),1.52657807,-87.624683976,41.883984065
652,Keystone Ave & Fullerton Ave,11,POINT (-87.72785 41.92459),0.33998145,-87.72785,41.92459
653,Lake Shore Dr & Monroe St,39,POINT (-87.616743 41.880958),3.12035583,-87.616743,41.880958
654,Millennium Park,47,POINT (-87.62408431999999 41.8810317),2.10811984,-87.62408431999999,41.8810317
655,Dearborn St & Monroe St,39,POINT (-87.629520919 41.881319815),1.16692831,-87.629520919,41.881319815
