ID,Station Name,Total Docks,Docks in Service,Status,geometry,zip
715,Major Taylor Trail & 124th St,15,15,In Service,POINT (-87.63711333299999 41.668696353),60628
695,Dauphin Ave & 103rd St,15,15,In Service,POINT (-87.607662678 41.707250368),60628
698,Cottage Grove Ave & 111th Pl,15,15,In Service,POINT (-87.610001564 41.691709758),60628
699,Vernon Ave & 107th St,15,14,In Service,POINT (-87.61225998399999 41.700121379),60628
700,Halsted St & 96th St,15,15,In Service,POINT (-87.643019557 41.719712184),60628
703,Greenwood Ave & 97th St,15,15,In Service,POINT (-87.597035766 41.718703155),60628
1448642162257565286,S Wentworth Ave & W 111th St,5,5,In Service,POINT (-87.62805179999999 41.69261760000001),60628
725,Halsted St & 104th St,15,15,In Service,POINT (-87.64242410700001 41.705139789),60628
1448642175142467180,S Michigan Ave & E 118th St,6,6,In Service,POINT (-87.62084300000001 41.679804),60628
696,Indiana Ave & 103rd St,15,15,In Service,POINT (-87.61847198 41.707170271),60628
714,State St & 123rd St,15,15,In Service,POINT (-87.622586489 41.670643837),60628
712,Wentworth Ave & 104th St,15,15,In Service,POINT (-87.62921690899999 41.705307997),60628
709,Michigan Ave & 114th St,15,15,In Service,POINT (-87.621052265 41.687014795),60628
716,Eberhart Ave & 131st St,15,15,In Service,POINT (-87.610710897 41.658413151),60827
677,Stewart Ave & 83rd St,15,15,In Service,POINT (-87.63408800000001 41.743717),60620
684,Prospect Sq & 91st St,15,15,In Service,POINT (-87.66752390000001 41.7282338),60620
683,Ashland Ave & 78th St,15,15,In Service,POINT (-87.663699389 41.752204849),60620
681,Halsted St & 78th St,15,15,In Service,POINT (-87.64390215700001 41.752487012),60620
687,Loomis Blvd & 84th St,15,15,In Service,POINT (-87.65841007200001 41.741486529),60620
685,Summit Ave & 86th St,15,15,In Service,POINT (-87.64489978600001 41.737848477),60620
689,Elizabeth St & 92nd St,15,15,In Service,POINT (-87.654290199 41.726798964),60620
691,Eggleston Ave & 92nd St,15,15,In Service,POINT (-87.634828091 41.727575659),60620
568,Vincennes Ave & 75th St,7,7,In Service,POINT (-87.63121 41.75797),60620
3,Shedd Aquarium,55,55,In Service,POINT (-87.61535539 41.867225957),60605
168,Michigan Ave & 14th St,19,19,In Service,POINT (-87.623727 41.864059),60605
255,Indiana Ave & Roosevelt Rd,39,39,In Service,POINT (-87.623041 41.867888),60605
72,Wabash Ave & 16th St,39,39,In Service,POINT (-87.62581299999999 41.860384),60605
626,Delano Ct & Roosevelt Rd,19,19,In Service,POINT (-87.63219000000001 41.86749099999999),60605
341,Adler Planetarium,39,39,In Service,POINT (-87.60726700000001 41.866095),60605
59,Wabash Ave & Roosevelt Rd,23,23,In Service,POINT (-87.625961 41.867227),60605
321,Wabash Ave & 9th St,19,19,In Service,POINT (-87.62573399999999 41.870769),60605
97,Field Museum,55,55,In Service,POINT (-87.617867 41.865312),60605
5,State St & Harrison St,23,23,In Service,POINT (-87.62771600000001 41.874053),60605
623,Michigan Ave & 8th St,43,43,In Service,POINT (-87.623981 41.872773),60605
394,Clark St & 9th St (AMLI),15,15,In Service,POINT (-87.63124599999999 41.870816),60605
45,Michigan Ave & Ida B Wells Dr,15,15,In Service,POINT (-87.624426 41.876243),60605
175,Wells St & Polk St,19,19,In Service,POINT (-87.63350200000001 41.872596),60605
624,Dearborn St & Van Buren St,15,15,In Service,POINT (-87.62915500000001 41.876268),60605
2,Buckingham Fountain,39,39,In Service,POINT (-87.62054800999999 41.876511229),60605
41,Federal St & Polk St,19,19,In Service,POINT (-87.62954377299999 41.872077633),60605
50,Clark St & Ida B Wells Dr,35,35,In Service,POINT (-87.630584536 41.875932666),60605
89,Financial Pl & Ida B Wells Dr,31,31,In Service,POINT (-87.63309404299999 41.875023628),60605
457,Clark St & Elmdale Ave,15,15,In Service,POINT (-87.66983360100001 41.990517556),60660
461,Broadway & Ridge Ave,15,15,In Service,POINT (-87.66027382899999 41.984044611),60660
460,Clark St & Bryn Mawr Ave,15,15,In Service,POINT (-87.66915400000001 41.983593),60660
458,Broadway & Thorndale Ave,19,19,In Service,POINT (-87.66014062100001 41.989742511),60660
459,Lakefront Trail & Bryn Mawr Ave,19,19,In Service,POINT (-87.652310469 41.984036696),60660
454,Broadway & Granville Ave,23,23,In Service,POINT (-87.660284535 41.994779688),60660
656,Damen Ave & Walnut (Lake) St,15,15,In Service,POINT (-87.677009 41.885951),60612
373,Kedzie Ave & Chicago Ave,11,11,In Service,POINT (-87.706127884 41.895465303),60612
643,Smith Park,15,15,In Service,POINT (-87.689397 41.892048),60612
644,Western Ave & Fillmore St,11,11,In Service,POINT (-87.686234 41.868563),60612
128,Damen Ave & Chicago Ave,19,19,In Service,POINT (-87.67721999999999 41.895769),60612
215,Damen Ave & Madison St,15,15,In Service,POINT (-87.67493 41.88137),60612
119,Ashland Ave & Lake St,19,19,In Service,POINT (-87.66717 41.88592),60612
317,Wood St & Taylor St (Temp),23,23,In Service,POINT (-87.67373085 41.869265218),60612
659,Leavitt St & Chicago Ave,15,15,In Service,POINT (-87.682017 41.895501),60612
436,Fairfield Ave & Roosevelt Rd,11,11,In Service,POINT (-87.69452099999999 41.866624),60612
261,Hermitage Ave & Polk St,15,15,In Service,POINT (-87.66988600000001 41.871514),60612
342,Wolcott Ave & Polk St,23,22,In Service,POINT (-87.673688 41.871262),60612
383,Paulina St & Flournoy St,31,31,In Service,POINT (-87.66913000000001 41.87295),60612
122,Ogden Ave & Congress Pkwy,15,15,In Service,POINT (-87.67328000000001 41.87501),60612
631,Malcolm X College,19,19,In Service,POINT (-87.673895 41.877618),60612
378,California Ave & Lake St,11,11,In Service,POINT (-87.69629813700001 41.884453957),60612
375,Sacramento Blvd & Franklin Blvd,11,11,In Service,POINT (-87.70260751200001 41.890468792),60612
381,Western Ave & Monroe St,15,15,In Service,POINT (-87.68611280799999 41.879787709),60612
376,Artesian Ave & Hubbard St,35,35,In Service,POINT (-87.68821936499999 41.88949182),60612
382,Western Ave & Congress Pkwy,19,19,In Service,POINT (-87.686445276 41.874748851),60612
433,Kedzie Ave & Harrison St,11,11,In Service,POINT (-87.70487074899999 41.873599675),60612
679,Ashland Ave & 74th St,15,15,In Service,POINT (-87.663474083 41.759236024),60636
565,Ashland Ave & 66th St,7,7,In Service,POINT (-87.663815 41.774074),60636
561,Damen Ave & 59th St,11,11,In Service,POINT (-87.67416700000001 41.78602),60636
558,Ashland Ave & Garfield Blvd,11,11,In Service,POINT (-87.664429 41.79282199999999),60636
560,Marshfield Ave & 59th St,11,11,In Service,POINT (-87.66621500000001 41.786833),60636
563,Ashland Ave & 63rd St,11,11,In Service,POINT (-87.664843 41.779374),60636
647,Elizabeth St & 59th St,7,7,In Service,POINT (-87.65585899999999 41.786691),60636
649,Stewart Ave & 63rd St,11,11,In Service,POINT (-87.63477399999999 41.779835),60621
648,Carpenter St & 63rd St,7,7,In Service,POINT (-87.65091899999999 41.77987),60621
650,Eggleston Ave & 69th St,11,11,In Service,POINT (-87.635876 41.768898),60621
678,Halsted St & 73rd St,15,15,In Service,POINT (-87.64416097700001 41.761605438),60621
567,May St & 69th St,11,11,In Service,POINT (-87.652934 41.768938),60621
564,Racine Ave & 65th St,11,11,In Service,POINT (-87.654308 41.775393),60621
593,Halsted St & 59th St,11,11,In Service,POINT (-87.644874 41.787539),60621
562,Racine Ave & 61st St,11,11,In Service,POINT (-87.654372 41.783189),60621
386,Halsted St & 56th St,11,11,In Service,POINT (-87.644990057 41.792929646),60621
388,Halsted St & 63rd St,11,11,In Service,POINT (-87.644620815 41.779381142),60621
390,Wentworth Ave & 63rd St,11,11,In Service,POINT (-87.629746305 41.780079633),60621
391,Halsted St & 69th St,11,11,In Service,POINT (-87.64461357799999 41.76906172),60621
392,Perry Ave & 69th St,11,11,In Service,POINT (-87.628195929 41.76929309),60621
697,Oglesby Ave & 100th St,15,15,In Service,POINT (-87.565841675 41.713397484),60617
734,Commercial Ave & 100th St,15,15,In Service,POINT (-87.551097572 41.713317395),60617
686,East End Ave & 87th St,15,15,In Service,POINT (-87.58280128200001 41.736815214),60617
693,Baltimore Ave & 87th St,15,15,In Service,POINT (-87.54851460499999 41.7373356),60617
718,Ewing Ave & Burnham Greenway,11,11,In Service,POINT (-87.53481388100001 41.712748761),60617
694,Houston Ave & 92nd St,15,15,In Service,POINT (-87.549700141 41.728204215),60617
717,Big Marsh Park,15,15,In Service,POINT (-87.573823929 41.685877056),60617
692,Marquette Ave & 89th St,15,15,In Service,POINT (-87.55834221799999 41.733668791),60617
731,Bradley Park,11,11,In Service,POINT (-87.564591765 41.717878302),60617
707,Torrence Ave & 106th St,15,15,In Service,POINT (-87.559726238 41.70280085),60617
708,Clyde Ave & 87th St,15,15,In Service,POINT (-87.57274031600001 41.737151464),60617
701,Constance Ave & 95th St,15,15,In Service,POINT (-87.578968406 41.722290741),60617
719,Avenue O & 118th St,15,15,In Service,POINT (-87.53793122299999 41.681001459),60617
710,Burnham Greenway & 105th St,11,11,In Service,POINT (-87.52823174 41.70457508699999),60617
582,Phillips Ave & 83rd St,11,11,In Service,POINT (-87.56506 41.744531),60617
580,Exchange Ave & 79th St,11,11,In Service,POINT (-87.552812 41.751731),60617
577,Stony Island Ave & South Chicago Ave,11,11,In Service,POINT (-87.585337 41.751173),60617
588,South Chicago Ave & 83rd St,11,11,In Service,POINT (-87.575225 41.743921),60617
665,South Chicago Ave & Elliot Ave,7,7,In Service,POINT (-87.580046 41.747363),60617
581,Commercial Ave & 83rd St,11,11,In Service,POINT (-87.551208 41.744615),60617
646,State St & 54th St,11,11,In Service,POINT (-87.625923 41.796642),60609
408,Union Ave & Root St,11,11,In Service,POINT (-87.64327800000001 41.819102),60609
559,Racine Ave & Garfield Blvd,11,11,In Service,POINT (-87.655073 41.794228),60609
594,Western Blvd & 48th Pl,11,11,In Service,POINT (-87.683392 41.805661),60609
553,Elizabeth St & 47th St,11,11,In Service,POINT (-87.656526 41.80839),60609
645,Archer (Damen) Ave & 37th St,11,11,In Service,POINT (-87.683144 41.826712),60609
554,Damen Ave & 51st St,7,7,In Service,POINT (-87.674684 41.800908),60609
556,Throop St & 52nd St,7,7,In Service,POINT (-87.657195 41.79965900000001),60609
385,Princeton Ave & Garfield Blvd,11,11,In Service,POINT (-87.633124 41.794982),60609
262,Halsted St & 37th St,11,11,In Service,POINT (-87.64572 41.82705900000001),60609
405,Wentworth Ave & 35th St,15,15,In Service,POINT (-87.632504 41.830777),60609
549,Marshfield Ave & 44th St,11,11,In Service,POINT (-87.666589 41.813996),60609
279,Halsted St & 35th St,15,15,In Service,POINT (-87.647172 41.830661),60609
546,Damen Ave & Pershing Rd,11,11,In Service,POINT (-87.676597 41.823192),60609
557,Seeley Ave & Garfield Blvd,11,11,In Service,POINT (-87.675478 41.794087),60609
548,Morgan St & Pershing Rd,7,7,In Service,POINT (-87.650931 41.823613),60609
551,Hoyne Ave & 47th St,11,11,In Service,POINT (-87.67718000000001 41.808227),60609
278,Wallace St & 35th St,15,15,In Service,POINT (-87.64129 41.83062899999999),60609
552,Ashland Ave & McDowell Ave,11,11,In Service,POINT (-87.66454 41.80887),60609
555,Ashland Ave & 50th St,11,11,In Service,POINT (-87.664699 41.803023),60609
547,Ashland Ave & Pershing Rd,11,11,In Service,POINT (-87.665577 41.823465),60609
369,Wood St & 35th St,11,11,In Service,POINT (-87.670298309 41.830104654),60609
384,Halsted St & 51st St,11,11,In Service,POINT (-87.645213904 41.80183164),60609
407,State St & Pershing Rd,11,11,In Service,POINT (-87.62656801799999 41.823015238),60609
409,Shields Ave & 43rd St,11,11,In Service,POINT (-87.63481935 41.816207679),60609
411,Halsted St & 47th Pl,11,11,In Service,POINT (-87.645616554 41.808133915),60609
412,Princeton Ave & 47th St,11,11,In Service,POINT (-87.63344928799999 41.809317709),60609
9,Leavitt St & Archer Ave,15,15,In Service,POINT (-87.68060445899999 41.82879202),60609
682,Eberhart Ave & 91st St,15,15,In Service,POINT (-87.611829489 41.729267142),60619
674,Michigan Ave & 71st St,7,7,In Service,POINT (-87.621748 41.765286),60619
690,State St & 95th St,15,15,In Service,POINT (-87.62285440000001 41.7218499),60619
706,Dauphin Ave & 87th St,15,15,In Service,POINT (-87.60125756299999 41.73655902300001),60619
702,Greenwood Ave & 91st St,15,15,In Service,POINT (-87.59729862200001 41.728264268),60619
705,Stony Island Ave & 90th St,15,15,In Service,POINT (-87.585743666 41.73139494300001),60619
587,Wabash Ave & 83rd St,11,11,In Service,POINT (-87.622849 41.743316),60619
584,Ellis Ave & 83rd St,11,11,In Service,POINT (-87.599034 41.74412299999999),60619
595,Wabash Ave & 87th St,11,11,In Service,POINT (-87.62263399999999 41.736646),60619
574,Vernon Ave & 79th St,11,11,In Service,POINT (-87.61379000000001 41.75094),60619
586,MLK Jr Dr & 83rd St,11,11,In Service,POINT (-87.6148 41.743116),60619
575,Cottage Grove Ave & 78th St,11,11,In Service,POINT (-87.605026 41.753174),60619
576,Greenwood Ave & 79th St,11,11,In Service,POINT (-87.59755200000001 41.751294),60619
571,Vernon Ave & 75th St,11,11,In Service,POINT (-87.614138 41.758361),60619
583,Stony Island Ave & 82nd St,11,11,In Service,POINT (-87.586005 41.746559),60619
570,Evans Ave & 75th St,7,7,In Service,POINT (-87.60641 41.75849),60619
585,Cottage Grove Ave & 83rd St,11,11,In Service,POINT (-87.60483599999999 41.743441),60619
400,Cottage Grove Ave & 71st St,11,11,In Service,POINT (-87.60495971299999 41.765719037),60619
569,Woodlawn Ave & 75th St,11,11,In Service,POINT (-87.59575100000001 41.75915999999999),60619
573,State St & 79th St,11,11,In Service,POINT (-87.624424 41.750794),60619
572,State St & 76th St,11,11,In Service,POINT (-87.62462099999999 41.756971),60619
270,Stony Island Ave & 75th St,11,11,In Service,POINT (-87.586882871 41.75866967),60619
393,Calumet Ave & 71st St,11,11,In Service,POINT (-87.616917925 41.765508006),60619
418,Ellis Ave & 53rd St,11,11,In Service,POINT (-87.600958115 41.799336263),60615
419,Lake Park Ave & 53rd St,15,15,In Service,POINT (-87.586449896 41.799494294),60615
322,Kimbark Ave & 53rd St,19,19,In Service,POINT (-87.594747 41.799568),60615
204,Prairie Ave & Garfield Blvd,11,11,In Service,POINT (-87.618691 41.794853),60615
351,Cottage Grove Ave & 51st St,15,15,In Service,POINT (-87.60661500000001 41.803038),60615
267,Lake Park Ave & 47th St,15,15,In Service,POINT (-87.591875 41.809443),60615
417,Cornell Ave & Hyde Park Blvd,19,19,In Service,POINT (-87.586924 41.802406),60615
248,Woodlawn Ave & 55th St,19,19,In Service,POINT (-87.59647099999999 41.795264),60615
121,Blackstone Ave & Hyde Park Blvd,19,19,In Service,POINT (-87.59036800000001 41.802562),60615
416,Dorchester Ave & 49th St,15,15,In Service,POINT (-87.59246400000001 41.805772),60615
415,Calumet Ave & 51st St,11,11,In Service,POINT (-87.61805357999999 41.802294651),60615
655,Hoyne Ave & Balmoral Ave,15,15,In Service,POINT (-87.68193199999999 41.979851),60625
316,Damen Ave & Sunnyside Ave,19,19,In Service,POINT (-87.67925799999999 41.96325),60625
243,Lincoln Ave & Sunnyside Ave,15,15,In Service,POINT (-87.684781 41.963004),60625
475,Washtenaw Ave & Lawrence Ave,15,15,In Service,POINT (-87.696027 41.968987),60625
470,Kedzie Ave & Foster Ave,11,11,In Service,POINT (-87.709261 41.975672),60625
477,Manor Ave & Leland Ave,11,11,In Service,POINT (-87.70082499999999 41.965875),60625
311,Leavitt St & Lawrence Ave,19,19,In Service,POINT (-87.68400099999999 41.968885),60625
239,Western Ave & Leland Ave,19,19,Not In Service,POINT (-87.688418627 41.966494532),60625
471,Francisco Ave & Foster Ave,15,15,In Service,POINT (-87.70141943899999 41.975632725),60625
464,Damen Ave & Foster Ave,15,15,In Service,POINT (-87.67945903899999 41.975614805),60625
469,St. Louis Ave & Balmoral Ave,15,15,In Service,POINT (-87.716114961 41.980394235),60625
472,Lincoln Ave & Winona St,15,15,In Service,POINT (-87.69250255899999 41.974911297),60625
474,Christiana Ave & Lawrence Ave,15,15,In Service,POINT (-87.711830667 41.968354494),60625
476,Kedzie Ave & Leland Ave,15,15,In Service,POINT (-87.708051981 41.966686362),60625
478,Rockwell St & Eastwood Ave,15,15,In Service,POINT (-87.693638494 41.96590014),60625
482,Campbell Ave & Montrose Ave,15,15,In Service,POINT (-87.691165041 41.961525933),60625
494,Kedzie Ave & Bryn Mawr Ave,15,15,In Service,POINT (-87.70892252 41.982397085),60625
479,Drake Ave & Montrose Ave,15,15,In Service,POINT (-87.71656907299999 41.961154076),60625
641,Central Park Ave & Bloomingdale Ave,11,11,In Service,POINT (-87.71675500000001 41.91416599999999),60647
502,California Ave & Altgeld St,15,15,In Service,POINT (-87.69766800000001 41.92669),60647
123,California Ave & Milwaukee Ave,15,15,In Service,POINT (-87.697153 41.922695),60647
260,Kedzie Ave & Milwaukee Ave,35,35,In Service,POINT (-87.70785699999999 41.929567),60647
213,Leavitt St & North Ave,15,15,In Service,POINT (-87.68238902100001 41.910509367),60647
310,Damen Ave & Charleston St,11,11,In Service,POINT (-87.67785500000001 41.920082),60647
116,Western Ave & Winnebago Ave,15,15,In Service,POINT (-87.687022 41.91552),60647
185,Stave St & Armitage Ave,11,11,In Service,POINT (-87.69139200000001 41.917741),60647
222,Milwaukee Ave & Rockwell St,19,19,In Service,POINT (-87.69265919899999 41.920195562),60647
290,Kedzie Ave & Palmer Ct,15,15,In Service,POINT (-87.70732199999999 41.921525),60647
276,California Ave & North Ave,11,11,In Service,POINT (-87.6972 41.91044),60647
309,Leavitt St & Armitage Ave,11,11,In Service,POINT (-87.68243699999999 41.917805),60647
160,Campbell Ave & North Ave,15,15,In Service,POINT (-87.68955600000001 41.910535),60647
258,Logan Blvd & Elston Ave,27,27,In Service,POINT (-87.684158 41.929465),60647
158,Milwaukee Ave & Wabansia Ave,15,15,In Service,POINT (-87.681391 41.912616),60647
259,California Ave & Francis Pl (Temp),15,15,In Service,POINT (-87.69742280200001 41.918491154),60647
499,Kosciuszko Park,15,15,In Service,POINT (-87.723777364 41.930585371),60647
504,Campbell Ave & Fullerton Ave,15,15,In Service,POINT (-87.68930700600001 41.924632472),60647
506,Spaulding Ave & Armitage Ave,15,15,In Service,POINT (-87.710220963 41.917108035),60647
507,Humboldt Blvd & Armitage Ave,19,19,In Service,POINT (-87.701808955 41.917513394),60647
503,St. Louis Ave & Fullerton Ave,15,15,In Service,POINT (-87.71449506299999 41.924815597),60647
501,Richmond St & Diversey Ave,15,15,In Service,POINT (-87.70119513 41.931901969),60647
511,Albany Ave & Bloomingdale Ave,15,15,In Service,POINT (-87.70512646200001 41.914026713),60647
428,Dorchester Ave & 63rd St,11,11,In Service,POINT (-87.591415989 41.780405646),60637
345,Lake Park Ave & 56th St,19,19,In Service,POINT (-87.58778199999999 41.793242),60637
247,Shore Dr & 55th St,19,19,In Service,POINT (-87.580715 41.795212),60637
652,Rhodes Ave & 71st St,11,11,In Service,POINT (-87.611726 41.76600000000001),60637
423,University Ave & 57th St,31,31,In Service,POINT (-87.599861 41.79147800000001),60637
429,Cottage Grove Ave & 67th St,11,11,In Service,POINT (-87.60563486 41.773720952),60637
328,Ellis Ave & 58th St,19,19,In Service,POINT (-87.60133399999999 41.788746),60637
95,Stony Island Ave & 64th St,11,11,In Service,POINT (-87.586647 41.778881),60637
101,63rd St Beach,15,15,In Service,POINT (-87.57611976 41.781016372),60637
356,Stony Island Ave & 71st St,11,11,In Service,POINT (-87.586460878 41.766492937),60637
420,Ellis Ave & 55th St,19,19,In Service,POINT (-87.601449773 41.794300621),60637
427,Cottage Grove Ave & 63rd St,15,15,In Service,POINT (-87.60583609299999 41.780600945),60637
422,DuSable Museum,11,11,In Service,POINT (-87.60785217700001 41.791568011),60637
431,Eberhart Ave & 61st St,11,11,In Service,POINT (-87.61330783 41.784141693),60637
425,Harper Ave & 59th St,15,15,In Service,POINT (-87.58831517 41.787942813),60637
426,Ellis Ave & 60th St,19,19,In Service,POINT (-87.601072761 41.785097146),60637
421,MLK Jr Dr & 56th St,11,11,In Service,POINT (-87.615853262 41.79342945699999),60637
430,MLK Jr Dr & 63rd St,11,11,In Service,POINT (-87.61594285700001 41.780080637),60637
424,Museum of Science and Industry,27,27,In Service,POINT (-87.58394500899999 41.79172821),60637
1436495105198659242,W Armitage Ave & N Sheffield Ave,8,8,In Service,POINT (-87.65344899999999 41.917805),60614
163,Damen Ave & Clybourn Ave,15,15,In Service,POINT (-87.67785600000001 41.931931),60614
94,Clark St & Armitage Ave,31,31,In Service,POINT (-87.63628199999999 41.918306),60614
220,Clark St & Drummond Pl,23,23,In Service,POINT (-87.644336 41.931248),60614
126,Clark St & North Ave,15,15,In Service,POINT (-87.63194200000001 41.911974),60614
144,Larrabee St & Webster Ave,19,19,In Service,POINT (-87.64414000000001 41.921822),60614
225,Halsted St & Dickens Ave,23,23,In Service,POINT (-87.64883 41.919936),60614
143,Sedgwick St & Webster Ave,15,15,In Service,POINT (-87.63888799999999 41.922167),60614
302,Sheffield Ave & Wrightwood Ave,31,31,In Service,POINT (-87.65383299999999 41.928712),60614
343,Racine Ave & Wrightwood Ave,15,15,In Service,POINT (-87.65897099999999 41.928887),60614
289,Wells St & Concord Ln,19,19,In Service,POINT (-87.63465600000001 41.912133),60614
268,Lake Shore Dr & North Blvd,39,39,In Service,POINT (-87.62680400000001 41.911722),60614
127,Lincoln Ave & Fullerton Ave,15,15,In Service,POINT (-87.64926 41.925905),60614
223,Clifton Ave & Armitage Ave,15,15,In Service,POINT (-87.656936 41.91821599999999),60614
349,Halsted St & Wrightwood Ave,15,15,In Service,POINT (-87.64907700000001 41.929143),60614
152,Lincoln Ave & Diversey Pkwy,15,15,In Service,POINT (-87.65861700000001 41.932225),60614
118,Sedgwick St & North Ave,19,19,In Service,POINT (-87.638677 41.911386),60614
190,Southport Ave & Wrightwood Ave,15,15,In Service,POINT (-87.66391299999999 41.928773),60614
313,Lakeview Ave & Fullerton Pkwy,19,19,In Service,POINT (-87.63897299999999 41.92585800000001),60614
329,Lake Shore Dr & Diversey Pkwy,23,23,In Service,POINT (-87.636427 41.932588),60614
177,Theater on the Lake,31,31,In Service,POINT (-87.63083399999999 41.926277),60614
113,Bissell St & Armitage Ave,15,15,In Service,POINT (-87.65222 41.91844),60614
166,Ashland Ave & Wrightwood Ave,15,15,In Service,POINT (-87.66850699999999 41.92883),60614
224,Halsted St & Willow St,19,19,In Service,POINT (-87.64875500000001 41.913865),60614
93,Sheffield Ave & Willow St,15,15,In Service,POINT (-87.652855 41.913688),60614
28,Larrabee St & Menomonee St,15,15,In Service,POINT (-87.64331999999999 41.91468),60614
327,Sheffield Ave & Webster Ave,19,19,In Service,POINT (-87.653818 41.92154),60614
340,Clark St & Wrightwood Ave,15,15,In Service,POINT (-87.643118 41.929546),60614
324,Stockton Dr & Wrightwood Ave,15,15,In Service,POINT (-87.63874200000001 41.93132),60614
141,Clark St & Lincoln Ave,23,23,In Service,POINT (-87.63460000000001 41.915689),60614
288,Larrabee St & Armitage Ave,15,15,In Service,POINT (-87.643749 41.918084),60614
188,Greenview Ave & Fullerton Ave,15,15,In Service,POINT (-87.6658 41.92533),60614
307,Southport Ave & Clybourn Ave,15,15,In Service,POINT (-87.663712 41.920771),60614
13,Wilton Ave & Diversey Pkwy,35,35,In Service,POINT (-87.65270500000001 41.932418),60614
87,Racine Ave & Fullerton Ave,19,19,In Service,POINT (-87.65840426 41.92556258),60614
34,Cannon Dr & Fullerton Ave,15,15,In Service,POINT (-87.634428785 41.926755988),60614
505,Winchester Ave & Elston Ave,15,15,In Service,POINT (-87.67646007499999 41.92409085),60614
67,Sheffield Ave & Fullerton Ave,27,27,In Service,POINT (-87.65370804200001 41.925601882),60614
673,Lincoln Park Conservatory,31,31,In Service,POINT (-87.635824531 41.923931311),60614
1436495100903691938,W Oakdale Ave & N Broadway,6,6,In Service,POINT (-87.644042 41.935581),60657
632,Clark St & Newport St,15,15,In Service,POINT (-87.654678 41.94454),60657
154,Southport Ave & Belmont Ave,15,15,In Service,POINT (-87.663747668 41.93947775),60657
300,Broadway & Barry Ave,19,19,In Service,POINT (-87.644097805 41.937582316),60657
334,Lake Shore Dr & Belmont Ave,19,19,In Service,POINT (-87.63919200000001 41.940775),60657
296,Broadway & Belmont Ave,19,19,In Service,POINT (-87.64545099999999 41.940106),60657
303,Broadway & Cornelia Ave,23,23,In Service,POINT (-87.646439 41.945529),60657
117,Wilton Ave & Belmont Ave,27,27,In Service,POINT (-87.65304 41.94018),60657
115,Sheffield Ave & Wellington Ave,23,23,In Service,POINT (-87.65266200000001 41.936266),60657
299,Halsted St & Roscoe St,15,15,In Service,POINT (-87.64895 41.94367),60657
330,Lincoln Ave & Addison St,19,19,In Service,POINT (-87.67330799999999 41.946176),60657
230,Lincoln Ave & Roscoe St,19,19,In Service,POINT (-87.67097 41.94334),60657
250,Ashland Ave & Wellington Ave,19,19,In Service,POINT (-87.66980699999999 41.936083),60657
131,Lincoln Ave & Belmont Ave,15,15,In Service,POINT (-87.668385 41.939365),60657
229,Southport Ave & Roscoe St,19,19,In Service,POINT (-87.66401999999999 41.943739),60657
332,Burling St & Diversey Pkwy,19,19,In Service,POINT (-87.64775999999999 41.93314),60657
153,Southport Ave & Wellington Ave,19,19,In Service,POINT (-87.66357600000001 41.935733),60657
226,Racine Ave & Belmont Ave,15,15,In Service,POINT (-87.65886500000001 41.939743),60657
156,Clark St & Wellington Ave,15,15,In Service,POINT (-87.64753865799999 41.936496822),60657
319,Greenview Ave & Diversey Pkwy,15,15,In Service,POINT (-87.665936351 41.932589634),60657
157,Lake Shore Dr & Wellington Ave,15,15,In Service,POINT (-87.63682901899999 41.936688449),60657
640,Bernard St & Elston Ave,11,11,In Service,POINT (-87.713949 41.949923),60618
664,Leavitt St & Belmont Ave,15,15,In Service,POINT (-87.68328199999999 41.93935399999999),60618
480,Albany Ave & Montrose Ave,11,11,In Service,POINT (-87.705866 41.96104099999999),60618
489,Drake Ave & Addison St,15,15,In Service,POINT (-87.71758199999999 41.947326),60618
481,California Ave & Montrose Ave,15,15,In Service,POINT (-87.69543900000001 41.961068),60618
493,Western Ave & Roscoe St,11,11,In Service,POINT (-87.687288 41.943034),60618
497,Kimball Ave & Belmont Ave,15,15,In Service,POINT (-87.711561 41.939398),60618
496,Avers Ave & Belmont Ave,11,11,In Service,POINT (-87.723574 41.939408),60618
298,Lincoln Ave & Belle Plaine Ave,15,15,In Service,POINT (-87.680161446 41.956003551),60618
162,Damen Ave & Wellington Ave,15,15,In Service,POINT (-87.67841999999999 41.93588),60618
308,Seeley Ave & Roscoe St,11,11,In Service,POINT (-87.679618 41.943403),60618
492,Leavitt St & Addison St,15,15,In Service,POINT (-87.683359 41.946655),60618
228,Damen Ave & Melrose Ave,15,15,In Service,POINT (-87.6785 41.9406),60618
484,Monticello Ave & Irving Park Rd,15,15,In Service,POINT (-87.71912818 41.954004839),60618
485,Sawyer Ave & Irving Park Rd,15,15,In Service,POINT (-87.7093108 41.953586179),60618
486,Oakley Ave & Irving Park Rd,15,15,In Service,POINT (-87.686079624 41.954340852),60618
487,California Ave & Byron St,19,19,In Service,POINT (-87.69805111299999 41.952162193),60618
490,Troy St & Elston Ave,15,15,In Service,POINT (-87.70664990100001 41.945243568),60618
491,Talman Ave & Addison St,15,15,In Service,POINT (-87.69461475799999 41.946635831),60618
498,California Ave & Fletcher St,19,19,In Service,POINT (-87.69800775600001 41.938428791),60618
500,Central Park Ave & Elbridge Ave,15,15,In Service,POINT (-87.716889294 41.935337283),60618
637,Wood St & Chicago Ave,15,15,In Service,POINT (-87.67206899999999 41.895634),60622
658,Leavitt St & Division St,15,15,In Service,POINT (-87.683825 41.902997),60622
16,Paulina Ave & North Ave,15,15,In Service,POINT (-87.67007199999999 41.910337),60622
130,Damen Ave & Division St,19,19,In Service,POINT (-87.67843499999999 41.903266),60622
350,Ashland Ave & Chicago Ave,15,15,In Service,POINT (-87.66774699999999 41.89596599999999),60622
61,Wood St & Milwaukee Ave,19,19,In Service,POINT (-87.672552 41.907655),60622
216,California Ave & Division St,15,15,In Service,POINT (-87.697474 41.903029),60622
657,Wood St & Augusta Blvd,15,15,In Service,POINT (-87.6722 41.899181),60622
214,Damen Ave & Grand Ave,23,23,In Service,POINT (-87.67684221299999 41.891264346),60622
219,Damen Ave & Cortland St,19,19,In Service,POINT (-87.677335 41.915983),60622
305,Western Ave & Division St,23,23,In Service,POINT (-87.687275 41.902893),60622
159,Claremont Ave & Hirsch St,11,11,In Service,POINT (-87.68585400000001 41.907781),60622
628,Walsh Park,23,23,In Service,POINT (-87.667968 41.91461),60622
58,Marshfield Ave & Cortland St,23,23,In Service,POINT (-87.668879 41.916017),60622
183,Damen Ave & Thomas St (Augusta Blvd),19,19,In Service,POINT (-87.677409 41.901315),60622
285,Wood St & Hubbard St,19,19,In Service,POINT (-87.67147299999999 41.889899),60622
30,Ashland Ave & Augusta Blvd,15,15,In Service,POINT (-87.6677 41.899643),60622
17,Honore St & Division St,27,27,In Service,POINT (-87.673935 41.903119),60622
622,California Ave & Cortez St,15,15,In Service,POINT (-87.696704 41.900363),60622
210,Ashland Ave & Division St,27,27,In Service,POINT (-87.66774699999999 41.90345),60622
374,Western Ave & Walton St,23,23,In Service,POINT (-87.68659601600001 41.898417689),60622
69,Damen Ave & Pierce Ave,23,23,In Service,POINT (-87.67769192899999 41.909396007),60622
509,Troy St & North Ave,15,15,In Service,POINT (-87.70528048700001 41.909769302),60622
1436495096608724634,N Clark St & W Elm St,4,4,In Service,POINT (-87.631282 41.902901),60610
23,Orleans St & Elm St,15,15,In Service,POINT (-87.637715 41.902924),60610
182,Wells St & Elm St,23,23,In Service,POINT (-87.63432399999999 41.903222),60610
140,Dearborn Pkwy & Delaware Pl,19,19,In Service,POINT (-87.629912 41.898969),60610
301,Clark St & Schiller St,19,19,In Service,POINT (-87.631501 41.907993),60610
106,State St & Pearson St,27,27,In Service,POINT (-87.628722 41.897448),60610
331,Halsted St & Clybourn Ave,27,27,In Service,POINT (-87.648128 41.909668),60610
138,Clybourn Ave & Division St,15,15,In Service,POINT (-87.640552 41.904613),60610
620,Orleans St & Chestnut St (NEXT Apts),15,15,In Service,POINT (-87.637536 41.898203),60610
176,Clark St & Elm St,39,39,In Service,POINT (-87.63128 41.902973),60610
180,Ritchie Ct & Banks St,15,15,In Service,POINT (-87.62621700000001 41.906866),60610
48,Larrabee St & Kingsbury St,43,43,In Service,POINT (-87.642884 41.897764),60610
27,Larrabee St & North Ave,19,19,In Service,POINT (-87.6435 41.91021),60610
46,Wells St & Walton St,19,19,In Service,POINT (-87.63443006999999 41.89993001),60610
291,Wells St & Evergreen Ave,19,19,In Service,POINT (-87.63483000000001 41.906724),60610
337,Clark St & Chicago Ave,19,19,In Service,POINT (-87.63089000000001 41.89675),60610
236,Sedgwick St & Schiller St,15,15,In Service,POINT (-87.638566 41.907626),60610
31,Franklin St & Chicago Ave,23,23,In Service,POINT (-87.63566762200001 41.896746973),60610
359,Larrabee St & Division St,23,23,In Service,POINT (-87.643353494 41.90348607),60610
364,Larrabee St & Oak St,19,19,In Service,POINT (-87.64298546799999 41.900219493),60610
724,Homewood Ave & 115th St,15,15,In Service,POINT (-87.67070800100001 41.684595072),60643
727,Ada St & 113th St,15,15,In Service,POINT (-87.655475736 41.687561623),60643
726,Vincennes Ave & 104th St,15,15,In Service,POINT (-87.65686811 41.704925565),60643
723,Hale Ave & 107th St,11,11,In Service,POINT (-87.66891896700001 41.699206168),60643
721,Walden Pkwy & 100th St,15,15,In Service,POINT (-87.667733431 41.712164104),60643
711,Halsted St & 111th St,15,15,In Service,POINT (-87.64261186100001 41.692262556),60643
713,Major Taylor Trail & 115th St,15,15,In Service,POINT (-87.645288706 41.684931595),60643
654,Racine Ave & Washington Blvd,11,11,In Service,POINT (-87.656952 41.883073),60607
414,Canal St & Taylor St,15,15,In Service,POINT (-87.63947399999999 41.870257),60607
22,May St & Taylor St,15,15,In Service,POINT (-87.6554864 41.8694821),60607
88,Racine Ave & Randolph St,19,19,In Service,POINT (-87.656853 41.884069),60607
169,Canal St & Harrison St,15,15,In Service,POINT (-87.639573 41.874255),60607
55,Halsted St & Roosevelt Rd,23,23,In Service,POINT (-87.648625 41.867324),60607
198,Green St & Madison St,27,27,In Service,POINT (-87.64878900000001 41.881892),60607
109,900 W Harrison St,19,19,In Service,POINT (-87.649807 41.874754),60607
80,Aberdeen St & Monroe St,19,19,In Service,POINT (-87.655519 41.880419),60607
21,Aberdeen St & Jackson Blvd,23,23,In Service,POINT (-87.65478743 41.87772613),60607
320,Loomis St & Lexington St,19,19,In Service,POINT (-87.661501 41.872187),60607
146,Loomis St & Jackson Blvd,19,19,In Service,POINT (-87.66200699999999 41.877945),60607
233,Sangamon St & Washington Blvd,15,15,In Service,POINT (-87.6511 41.88316500000001),60607
346,Ada St & Washington Blvd,15,15,In Service,POINT (-87.66120600000001 41.88283),60607
108,Halsted St & Polk St,19,19,In Service,POINT (-87.64664 41.87184),60607
621,Aberdeen St & Randolph St,15,15,In Service,POINT (-87.654264 41.884114),60607
241,Morgan St & Polk St,19,19,In Service,POINT (-87.65103000000001 41.871737),60607
68,Clinton St & Tilden St,23,23,In Service,POINT (-87.640795 41.875885),60607
32,Racine Ave & Congress Pkwy,19,19,In Service,POINT (-87.65703000000001 41.87464),60607
19,Throop St & Taylor St,15,15,In Service,POINT (-87.65914100000001 41.868968),60607
112,Green St & Randolph St,15,15,In Service,POINT (-87.64867 41.883668),60607
134,Peoria St & Jackson Blvd,19,19,In Service,POINT (-87.649617791 41.877641596),60607
103,Clinton St & Polk St,15,15,In Service,POINT (-87.64094913299999 41.87146651800001),60607
217,Elizabeth (May) St & Fulton St,15,15,In Service,POINT (-87.658039927 41.886616486),60607
57,Clinton St & Roosevelt Rd,15,15,In Service,POINT (-87.64108795899999 41.867117783),60607
71,Morgan St & Lake St,23,23,In Service,POINT (-87.652304856 41.885483308),60607
704,Avenue O & 134th St,15,15,In Service,POINT (-87.539671361 41.651867802),60633
722,Commercial Ave & 130th St,15,15,In Service,POINT (-87.550762296 41.659150428),60633
720,Torrence Ave & 126th Pl,15,15,In Service,POINT (-87.55721569100001 41.666312008),60633
732,Hegewisch Metra Station,15,15,In Service,POINT (-87.546089888 41.648500763),60633
728,Western Ave & 111th St,23,23,In Service,POINT (-87.68129736200001 41.691211035),60655
730,Lawndale Ave & 111th St,15,15,In Service,POINT (-87.71288573700001 41.69131919199999),60655
314,Ravenswood Ave & Berteau Ave,15,15,In Service,POINT (-87.67356700000001 41.957921),60613
312,Clarendon Ave & Gordon Ter,15,15,In Service,POINT (-87.64962851999999 41.958472876),60613
227,Southport Ave & Waveland Ave,23,23,In Service,POINT (-87.66394 41.94815),60613
244,Ravenswood Ave & Irving Park Rd,19,19,In Service,POINT (-87.67393 41.95469),60613
238,Wolcott (Ravenswood) Ave & Montrose Ave,15,15,In Service,POINT (-87.67616899999999 41.961406),60613
165,Clark St & Grace St,23,23,In Service,POINT (-87.659172 41.95078),60613
257,Lincoln Ave & Waveland Ave,15,15,In Service,POINT (-87.67527800000001 41.948797),60613
292,Southport Ave & Clark St,11,11,In Service,POINT (-87.664199 41.957081),60613
246,Ashland Ave & Belle Plaine Ave,11,11,In Service,POINT (-87.668835 41.956057),60613
297,Paulina St & Montrose Ave,15,15,In Service,POINT (-87.671387 41.961507),60613
304,Broadway & Waveland Ave,15,15,In Service,POINT (-87.648636 41.949074),60613
318,Southport Ave & Irving Park Rd,15,15,In Service,POINT (-87.66435799999999 41.954177),60613
347,Ashland Ave & Grace St,15,15,In Service,POINT (-87.6687 41.950687),60613
240,Sheridan Rd & Irving Park Rd,27,27,In Service,POINT (-87.65440600000001 41.954245),60613
231,Sheridan Rd & Montrose Ave,23,23,In Service,POINT (-87.65464 41.96167),60613
306,Sheridan Rd & Buena Ave,19,19,In Service,POINT (-87.654966 41.958494),60613
234,Clark St & Montrose Ave,19,19,In Service,POINT (-87.66603600000001 41.961588),60613
232,Pine Grove Ave & Waveland Ave,23,23,In Service,POINT (-87.64645278499999 41.949472741),60613
254,Pine Grove Ave & Irving Park Rd,15,15,In Service,POINT (-87.648043 41.954383),60613
245,Clarendon Ave & Junior Ter,23,23,In Service,POINT (-87.649603 41.961004),60613
256,Broadway & Sheridan Rd,15,15,In Service,POINT (-87.64999300000001 41.952833),60613
114,Sheffield Ave & Waveland Ave,27,27,In Service,POINT (-87.65452900000001 41.949399),60613
249,Montrose Harbor,31,31,In Service,POINT (-87.638181 41.963982),60640
462,Winchester (Ravenswood) Ave & Balmoral Ave,15,15,In Service,POINT (-87.67753 41.979762),60640
253,Winthrop Ave & Lawrence Ave,15,15,In Service,POINT (-87.657659 41.968812),60640
295,Broadway & Argyle St,19,19,In Service,POINT (-87.65966 41.973815),60640
293,Broadway & Wilson Ave,23,23,In Service,POINT (-87.65813900000001 41.965221),60640
251,Clarendon Ave & Leland Ave,15,15,In Service,POINT (-87.650001 41.967968),60640
242,Damen Ave & Leland Ave,15,15,In Service,POINT (-87.679028 41.967094),60640
639,Lakefront Trail & Wilson Ave,15,15,In Service,POINT (-87.64536099999999 41.965845),60640
465,Marine Dr & Ainslie St,23,23,In Service,POINT (-87.650154 41.9716),60640
344,Ravenswood Ave & Lawrence Ave,47,47,In Service,POINT (-87.67423700000001 41.96909),60640
326,Clark St & Leland Ave,19,19,In Service,POINT (-87.667429 41.96709600000001),60640
325,Clark St & Winnemac Ave,19,19,In Service,POINT (-87.66785547100001 41.97334764),60640
294,Broadway & Berwyn Ave,15,15,In Service,POINT (-87.65975300000001 41.97835300000001),60640
323,Sheridan Rd & Lawrence Ave,19,19,In Service,POINT (-87.654691 41.969517),60640
463,Clark St & Berwyn Ave,19,19,In Service,POINT (-87.668047105 41.977996654),60640
635,Fairbanks St & Superior St,11,11,In Service,POINT (-87.620104 41.895748),60611
211,St. Clair St & Erie St,19,19,In Service,POINT (-87.622663 41.894448),60611
35,Streeter Dr & Grand Ave,47,47,In Service,POINT (-87.612043 41.892278),60611
47,State St & Kinzie St,31,31,In Service,POINT (-87.62775400000001 41.889187),60611
196,Cityfront Plaza Dr & Pioneer Ct,31,31,In Service,POINT (-87.622072 41.890573),60611
173,Mies van der Rohe Way & Chicago Ave,15,15,In Service,POINT (-87.62174300000001 41.89691),60611
125,Rush St & Hubbard St,23,23,In Service,POINT (-87.62618499999999 41.890173),60611
199,Wabash Ave & Grand Ave,31,31,In Service,POINT (-87.626761 41.89146599999999),60611
85,Michigan Ave & Oak St,23,23,In Service,POINT (-87.62377664 41.90096039),60611
25,Michigan Ave & Pearson St,23,23,In Service,POINT (-87.62351 41.89765999999999),60611
26,New St & Illinois St,31,31,In Service,POINT (-87.618616819 41.890847041),60611
145,Mies van der Rohe Way & Chestnut St,19,19,In Service,POINT (-87.621915226 41.898586651),60611
142,McClurg Ct & Erie St,31,31,In Service,POINT (-87.61785400000001 41.894503),60611
99,Lake Shore Dr & Ohio St,19,19,In Service,POINT (-87.614492 41.89257),60611
172,Rush St & Cedar St,11,11,In Service,POINT (-87.62769052799999 41.902308701),60611
24,Fairbanks Ct & Grand Ave,15,15,In Service,POINT (-87.62058019600001 41.891847372),60611
161,Rush St & Superior St,23,23,In Service,POINT (-87.62590803299999 41.895764746),60611
642,Latrobe Ave & Chicago Ave,7,7,In Service,POINT (-87.756895 41.894745),60644
537,Kenton Ave & Madison St,11,11,In Service,POINT (-87.74101800000001 41.880708),60644
530,Laramie Ave & Kinzie St,11,11,In Service,POINT (-87.755527 41.887832),60644
541,Central Ave & Harrison St,11,11,In Service,POINT (-87.764499 41.872993),60644
538,Cicero Ave & Flournoy St,11,11,In Service,POINT (-87.746619 41.872131),60644
544,Austin Blvd & Madison St,11,11,In Service,POINT (-87.77445300000001 41.880281),60644
539,Cicero Ave & Quincy St,11,11,In Service,POINT (-87.74540500000001 41.877613),60644
540,Laramie Ave & Madison St,11,11,In Service,POINT (-87.755337 41.880207),60644
531,Central Ave & Lake St,11,11,In Service,POINT (-87.765469 41.887664),60644
529,Cicero Ave & Lake St,11,11,In Service,POINT (-87.745261 41.886841),60644
542,Central Ave & Madison St,11,11,In Service,POINT (-87.763238 41.880121),60644
532,Austin Blvd & Lake St,11,11,In Service,POINT (-87.774446 41.887919),60644
543,Laramie Ave & Gladys Ave,11,11,In Service,POINT (-87.755285 41.875806),60644
75,Canal St & Jackson Blvd,47,47,In Service,POINT (-87.63936600000001 41.877245),60606
18,Wacker Dr & Washington St,19,19,In Service,POINT (-87.637321 41.883132),60606
191,Canal St & Monroe St,27,27,In Service,POINT (-87.63953000000001 41.88169),60606
164,Franklin St & Lake St,27,27,In Service,POINT (-87.63549999999999 41.885837),60606
287,Franklin St & Monroe St,31,31,In Service,POINT (-87.63518499999999 41.880317),60606
286,Franklin St & Adams St (Temp),15,15,In Service,POINT (-87.63550400700001 41.879434091),60606
36,Franklin St & Jackson Blvd,39,39,In Service,POINT (-87.63532114100001 41.877707956),60606
533,Central Park Blvd & 5th Ave,11,11,In Service,POINT (-87.71547 41.875679),60624
518,Conservatory Dr & Lake St,11,11,In Service,POINT (-87.71686600000001 41.885502),60624
534,Karlov Ave & Madison St,11,11,In Service,POINT (-87.727907 41.88085),60624
528,Pulaski Rd & Lake St,11,11,In Service,POINT (-87.72649100000001 41.885409),60624
535,Pulaski Rd & Congress Pkwy,11,11,In Service,POINT (-87.72570400000001 41.874325),60624
536,Kostner Ave & Lake St,11,11,In Service,POINT (-87.73541 41.885928),60624
545,Kostner Ave & Adams St,11,11,In Service,POINT (-87.735737 41.877917),60624
377,Kedzie Ave & Lake St,15,15,In Service,POINT (-87.706303744 41.884603285),60624
435,Kedzie Ave & Roosevelt Rd,11,11,In Service,POINT (-87.706496176 41.86649278199999),60624
170,Clinton St & 18th St,15,15,In Service,POINT (-87.640826 41.85795),60616
193,State St & 29th St,11,11,In Service,POINT (-87.626938 41.841707),60616
207,Emerald Ave & 28th St,15,15,In Service,POINT (-87.645368 41.84358),60616
4,Burnham Harbor,23,23,In Service,POINT (-87.613348 41.856268),60616
147,Indiana Ave & 26th St,15,15,In Service,POINT (-87.62248100000001 41.845687),60616
402,Shields Ave & 31st St,15,15,In Service,POINT (-87.635406 41.838464),60616
338,Calumet Ave & 18th St,15,15,In Service,POINT (-87.619407 41.857611),60616
339,Emerald Ave & 31st St,11,11,In Service,POINT (-87.645143 41.838198),60616
218,Wells St & 19th St,11,11,In Service,POINT (-87.63387900000001 41.856802),60616
178,State St & 19th St,15,15,In Service,POINT (-87.62754200000001 41.856594),60616
202,Halsted St & 18th St,15,15,In Service,POINT (-87.646277 41.857499),60616
209,Normal Ave & Archer Ave,11,11,In Service,POINT (-87.640591 41.849527),60616
401,Shields Ave & 28th Pl,11,11,In Service,POINT (-87.635491 41.842733),60616
272,Indiana Ave & 31st St,11,11,In Service,POINT (-87.62185699999999 41.838842),60616
237,MLK Jr Dr & 29th St,19,19,In Service,POINT (-87.617 41.842052),60616
263,Rhodes Ave & 32nd St,11,11,In Service,POINT (-87.61353299999999 41.836208),60616
120,Wentworth Ave & Cermak Rd,19,19,In Service,POINT (-87.63193130499999 41.853084557),60616
184,State St & 35th St,19,19,In Service,POINT (-87.626797557 41.831036314),60616
148,State St & 33rd St,15,15,In Service,POINT (-87.62581299999999 41.834734),60616
150,Fort Dearborn Dr & 31st St,27,27,In Service,POINT (-87.60821800000001 41.838556),60616
335,Calumet Ave & 35th St,15,15,In Service,POINT (-87.61803399999999 41.831379),60616
42,Wabash Ave & Cermak Rd,11,11,In Service,POINT (-87.62648799999999 41.852619),60616
273,Michigan Ave & 18th St,23,23,In Service,POINT (-87.62455 41.857813),60616
149,Calumet Ave & 33rd St,11,11,In Service,POINT (-87.61793 41.8349),60616
132,Wentworth Ave & 24th St (Temp),15,15,In Service,POINT (-87.63214051700001 41.850083693),60616
370,Calumet Ave & 21st St,15,15,In Service,POINT (-87.61915374100001 41.854184249),60616
403,Wentworth Ave & 33rd St,15,15,In Service,POINT (-87.631822981 41.834529886),60616
406,Lake Park Ave & 35th St,19,19,In Service,POINT (-87.608799195 41.831274235),60616
62,McCormick Place,27,27,In Service,POINT (-87.61883464899999 41.851375173),60616
53,Wells St & Huron St,27,27,In Service,POINT (-87.634362 41.89472199999999),60654
636,Orleans St & Hubbard St,11,11,In Service,POINT (-87.636618 41.890028),60654
100,Orleans St & Merchandise Mart Plaza,35,35,In Service,POINT (-87.63639000000001 41.888243),60654
627,LaSalle Dr & Huron St,19,19,In Service,POINT (-87.63232600000001 41.894877),60654
111,Sedgwick St & Huron St,27,27,In Service,POINT (-87.638437 41.894666),60654
110,Dearborn St & Erie St,27,27,In Service,POINT (-87.62931800000001 41.893992),60654
181,LaSalle St & Illinois St,31,31,In Service,POINT (-87.631697 41.890762),60654
212,Wells St & Hubbard St,31,31,In Service,POINT (-87.634266 41.889906),60654
133,Kingsbury St & Kinzie St,31,31,In Service,POINT (-87.638505772 41.889176833),60654
672,Franklin St & Illinois St,11,11,In Service,POINT (-87.635479867 41.89102331),60654
74,Kingsbury St & Erie St,23,23,In Service,POINT (-87.641697228 41.893808056),60654
450,Warren Park West,11,11,In Service,POINT (-87.688829 42.001785),60645
527,Western Ave & Howard St,15,15,In Service,POINT (-87.690048 42.018901),60645
514,Ridge Blvd & Howard St,11,11,In Service,POINT (-87.68451999999999 42.019276),60645
526,Oakley Ave & Touhy Ave,11,11,In Service,POINT (-87.688243 42.012342),60645
448,Warren Park East,11,11,In Service,POINT (-87.680666145 42.004549622),60645
467,Western Ave & Lunt Ave,15,15,In Service,POINT (-87.69049223899999 42.008594397),60645
466,Ridge Blvd & Touhy Ave,11,11,In Service,POINT (-87.682912644 42.012132277),60645
525,Glenwood Ave & Touhy Ave,15,15,In Service,POINT (-87.66605799999999 42.012701),60626
520,Greenview Ave & Jarvis Ave,19,19,In Service,POINT (-87.66856999999999 42.015962),60626
517,Clark St & Jarvis Ave,11,11,In Service,POINT (-87.675005 42.015963),60626
432,Clark St & Lunt Ave,19,19,In Service,POINT (-87.67419 42.009074),60626
660,Sheridan Rd & Columbia Ave,15,15,In Service,POINT (-87.661406 42.004583),60626
519,Wolcott Ave & Fargo Ave,11,11,In Service,POINT (-87.677725 42.016977),60626
522,Bosworth Ave & Howard St,11,11,In Service,POINT (-87.669563 42.019537),60626
515,Paulina St & Howard St,19,19,In Service,POINT (-87.673573 42.019159),60626
353,Clark St & Touhy Ave,15,15,In Service,POINT (-87.674367115 42.012560115),60626
354,Sheridan Rd & Greenleaf Ave,15,15,In Service,POINT (-87.66241209499999 42.010586563),60626
447,Glenwood Ave & Morse Ave,15,15,In Service,POINT (-87.665502394 42.007971923),60626
449,Clark St & Columbia Ave,15,15,In Service,POINT (-87.672402405 42.004450629),60626
451,Sheridan Rd & Loyola Ave,23,23,In Service,POINT (-87.66119824299999 42.00104378),60626
453,Clark St & Schreiber Ave,15,15,In Service,POINT (-87.671377339 41.999251822),60626
523,Eastlake Ter & Rogers Ave,15,15,In Service,POINT (-87.66505792700001 42.020887281),60626
205,Paulina St & 18th St,15,15,In Service,POINT (-87.668745 41.857901),60608
15,Racine Ave & 18th St,15,15,In Service,POINT (-87.65649499999999 41.858166),60608
137,Morgan Ave & 14th Pl,15,15,In Service,POINT (-87.651062 41.862378),60608
203,Western Ave & 21st St,15,15,In Service,POINT (-87.685838 41.854109),60608
14,Morgan St & 18th St,15,15,In Service,POINT (-87.651073 41.858086),60608
274,Racine Ave & 15th St,15,15,In Service,POINT (-87.65662500000001 41.861267),60608
167,Damen Ave & Coulter St,7,7,In Service,POINT (-87.67564 41.8492),60608
136,Racine Ave & 13th St,15,15,In Service,POINT (-87.656959 41.865054),60608
281,Western Ave & 24th St,7,7,In Service,POINT (-87.685109 41.84847),60608
124,Damen Ave & Cullerton St,15,15,In Service,POINT (-87.67603486799999 41.854902589),60608
275,Ashland Ave & 13th St,15,15,In Service,POINT (-87.666507 41.865234),60608
171,May St & Cullerton St,11,11,In Service,POINT (-87.654127 41.855136),60608
129,Blue Island Ave & 18th St,15,15,In Service,POINT (-87.661535 41.857556),60608
437,Washtenaw Ave & Ogden Ave,15,15,In Service,POINT (-87.693450451 41.861930493),60608
282,Halsted St & Maxwell St,15,15,In Service,POINT (-87.647071 41.864883),60608
206,Halsted St & Archer Ave,15,15,In Service,POINT (-87.646795 41.847203),60608
135,Halsted St & 21st St,11,11,In Service,POINT (-87.64664999999999 41.85378),60608
280,Morgan St & 31st St,11,11,In Service,POINT (-87.65114 41.8378),60608
208,Laflin St & Cullerton St,15,15,In Service,POINT (-87.66355991399999 41.854914576),60608
366,Loomis St & Archer Ave,11,11,In Service,POINT (-87.65743495299999 41.84163254),60608
367,Racine Ave & 35th St,15,15,In Service,POINT (-87.655975912 41.830696113),60608
368,Ashland Ave & Archer Ave,15,15,In Service,POINT (-87.665609859 41.839208684),60608
442,California Ave & 23rd Pl,11,11,In Service,POINT (-87.695139807 41.849109692),60608
434,Ogden Ave & Roosevelt Rd,19,19,In Service,POINT (-87.68469707 41.866501483),60608
446,Western Ave & 28th St,11,11,In Service,POINT (-87.68513144100001 41.841517708),60608
283,LaSalle St & Jackson Blvd,35,35,In Service,POINT (-87.631929 41.878166),60604
33,State St & Van Buren St,27,27,In Service,POINT (-87.627844 41.877181),60604
284,Michigan Ave & Jackson Blvd,23,23,In Service,POINT (-87.62408000000001 41.87785),60604
37,Dearborn St & Adams St,19,19,In Service,POINT (-87.629791036 41.879356359),60604
39,Wabash Ave & Adams St,23,23,In Service,POINT (-87.625688606 41.879472352),60604
40,LaSalle St & Adams St,15,15,In Service,POINT (-87.63198522100001 41.879344373),60604
483,Avondale Ave & Irving Park Rd,19,19,In Service,POINT (-87.73200200000001 41.953393),60641
591,Kilbourn Ave & Milwaukee Ave,15,15,In Service,POINT (-87.74002 41.948818),60641
590,Kilbourn Ave & Irving Park Rd,11,11,In Service,POINT (-87.74056899999999 41.953733),60641
592,Knox Ave & Montrose Ave,11,11,In Service,POINT (-87.74535899999999 41.960631),60641
488,Pulaski Rd & Eddy St (Temp),11,11,In Service,POINT (-87.73102299999999 41.946264),60641
589,Milwaukee Ave & Cuyler Ave,11,11,In Service,POINT (-87.74959399999999 41.954468),60641
336,Cottage Grove Ave & 47th St,15,15,In Service,POINT (-87.60675500000001 41.809855),60653
179,MLK Jr Dr & Pershing Rd,15,15,In Service,POINT (-87.61678000000001 41.8246),60653
271,Cottage Grove Ave & 43rd St,11,11,In Service,POINT (-87.60658199999999 41.816499),60653
201,Indiana Ave & 40th St,11,11,In Service,POINT (-87.6216 41.82168),60653
265,Cottage Grove Ave & Oakwood Blvd,15,15,In Service,POINT (-87.6071 41.822985),60653
252,Greenwood Ave & 47th St,15,15,In Service,POINT (-87.59938299999999 41.809835),60653
200,MLK Jr Dr & 47th St,11,11,In Service,POINT (-87.61627900000001 41.809851),60653
413,Woodlawn Ave & Lake Park Ave,15,15,In Service,POINT (-87.59700514799999 41.81409271),60653
410,Prairie Ave & 43rd St,15,15,In Service,POINT (-87.61941246200001 41.816658893),60653
73,Jefferson St & Monroe St,19,18,In Service,POINT (-87.642746 41.880422),60661
174,Canal St & Madison St,35,35,In Service,POINT (-87.639833 41.882091),60661
77,Clinton St & Madison St,31,31,In Service,POINT (-87.64106600000001 41.882242),60661
192,Canal St & Adams St,47,47,In Service,POINT (-87.639904 41.879255),60661
107,Desplaines St & Jackson Blvd,27,27,In Service,POINT (-87.64390899999999 41.878287),60661
91,Clinton St & Washington Blvd,31,31,In Service,POINT (-87.64116999999999 41.88338),60661
66,Clinton St & Lake St,23,23,In Service,POINT (-87.641823 41.885637),60661
56,Desplaines St & Kinzie St,27,27,In Service,POINT (-87.64444785299999 41.888716036),60661
638,Clinton St & Jackson Blvd,23,23,In Service,POINT (-87.63983845700001 41.87811603),60661
96,Desplaines St & Randolph St,23,23,In Service,POINT (-87.644570585 41.88461619),60661
524,Austin Blvd & Chicago Ave,7,7,In Service,POINT (-87.774704 41.894887),60651
550,Central Ave & Chicago Ave,11,11,In Service,POINT (-87.76490200000001 41.894958),60651
508,Central Park Ave & North Ave,15,15,In Service,POINT (-87.71663195200001 41.909656876),60651
510,Spaulding Ave & Division St,11,11,In Service,POINT (-87.70921957100001 41.902706594),60651
396,Yates Blvd & 75th St,11,11,In Service,POINT (-87.56644 41.758768),60649
653,Cornell Dr & Hayes Dr,11,11,In Service,POINT (-87.584846 41.780595),60649
579,Phillips Ave & 79th St,11,11,In Service,POINT (-87.56521100000001 41.75182),60649
578,Bennett Ave & 79th St,11,11,In Service,POINT (-87.578496 41.751785),60649
355,South Shore Dr & 67th St,15,15,In Service,POINT (-87.567514 41.773643),60649
102,Stony Island Ave & 67th St,11,11,In Service,POINT (-87.58533973899999 41.773458499),60649
11,Jeffery Blvd & 71st St,11,11,In Service,POINT (-87.576450114 41.766638237),60649
12,South Shore Dr & 71st St,15,15,In Service,POINT (-87.565687572 41.76640945699999),60649
352,Jeffery Blvd & 67th St,11,11,In Service,POINT (-87.577142826 41.773517551),60649
395,Jeffery Blvd & 76th St,11,11,In Service,POINT (-87.575839359 41.757120068),60649
398,Rainbow Beach,15,15,In Service,POINT (-87.54938625 41.757871448),60649
399,South Shore Dr & 74th St,11,11,In Service,POINT (-87.55927465000001 41.76218896),60649
84,Milwaukee Ave & Grand Ave,19,19,In Service,POINT (-87.64838399999999 41.891578),60642
29,Noble St & Milwaukee Ave,15,15,In Service,POINT (-87.6626 41.90068),60642
333,Ashland Ave & Blackhawk St,15,15,In Service,POINT (-87.667252 41.907066),60642
92,Carpenter St & Huron St,19,19,In Service,POINT (-87.65344899999999 41.894556),60642
86,Eckhart Park,19,19,In Service,POINT (-87.66098386 41.89637337),60642
277,Ashland Ave & Grand Ave,15,15,In Service,POINT (-87.666611 41.89107199999999),60642
666,Cherry Ave & Blackhawk St,15,15,In Service,POINT (-87.655618 41.907221),60642
186,Ogden Ave & Race Ave,15,15,In Service,POINT (-87.658751 41.891795),60642
20,Sheffield Ave & Kingsbury St,15,15,In Service,POINT (-87.65310600000001 41.910522),60642
315,Elston Ave & Wabansia Ave,23,23,In Service,POINT (-87.664169 41.912919),60642
365,Halsted St & North Branch St,15,15,In Service,POINT (-87.64847987500001 41.899368439),60642
60,Dayton St & North Ave,19,19,In Service,POINT (-87.649421929 41.910578035),60642
54,Ogden Ave & Chicago Ave,19,19,In Service,POINT (-87.654061273 41.896362458),60642
264,Stetson Ave & South Water St,19,19,In Service,POINT (-87.62232 41.886835),60601
194,Wabash Ave & Wacker Pl,19,19,In Service,POINT (-87.62603 41.886875),60601
52,Michigan Ave & Lake St,35,35,In Service,POINT (-87.624117 41.886024),60601
195,Columbus Dr & Randolph St,55,55,In Service,POINT (-87.61952099999999 41.884728),60601
51,Clark St & Randolph St,39,39,In Service,POINT (-87.63188991 41.884576228),60601
6,Dusable Harbor,39,39,In Service,POINT (-87.612813 41.886976),60601
38,Clark St & Lake St,27,27,In Service,POINT (-87.630876058 41.886020828),60601
44,State St & Randolph St,27,27,In Service,POINT (-87.627733569 41.884730201),60601
7,Field Blvd & South Water St,19,19,In Service,POINT (-87.61751654700001 41.886349063),60601
456,2112 W Peterson Ave,11,11,In Service,POINT (-87.683593 41.991178),60659
452,Western Ave & Granville Ave,11,11,In Service,POINT (-87.68943828200001 41.994161369),60659
455,Maplewood Ave & Peterson Ave,11,11,In Service,POINT (-87.69336964 41.990236029),60659
468,Budlong Woods Library,11,11,In Service,POINT (-87.69642256100001 41.983664709),60659
630,Kildare Ave & Montrose Ave,15,15,In Service,POINT (-87.73569000000001 41.96108),60630
495,Keystone Ave & Montrose Ave,11,11,In Service,POINT (-87.728970101 41.961108016),60630
440,Central Park Ave & 24th St,11,11,In Service,POINT (-87.715068 41.8481),60623
348,California Ave & 21st St,15,15,In Service,POINT (-87.695742399 41.853804066),60623
438,Central Park Ave & Ogden Ave,15,15,In Service,POINT (-87.715117335 41.854063504),60623
439,Kedzie Ave & 21st St,11,11,In Service,POINT (-87.705073032 41.853533632),60623
441,Kedzie Ave & 24th St,11,11,In Service,POINT (-87.705413746 41.848190945),60623
444,Albany Ave & 26th St,11,11,In Service,POINT (-87.702013013 41.844475014),60623
443,Millard Ave & 26th St,7,7,In Service,POINT (-87.71607220200001 41.8445571),60623
445,California Ave & 26th St,11,11,In Service,POINT (-87.69529592299999 41.844040031),60623
98,LaSalle St & Washington St,15,15,In Service,POINT (-87.63253 41.882664),60602
81,Daley Center Plaza,39,39,In Service,POINT (-87.629634 41.884241),60602
197,Michigan Ave & Madison St,19,19,In Service,POINT (-87.625125 41.882134),60602
43,Michigan Ave & Washington St,43,43,In Service,POINT (-87.624683976 41.883984065),60602
619,Keystone Ave & Fullerton Ave,11,11,In Service,POINT (-87.72785 41.92459),60639
76,Lake Shore Dr & Monroe St,39,39,In Service,POINT (-87.616743 41.880958),60603
90,Millennium Park,47,47,In Service,POINT (-87.62408431999999 41.8810317),60603
49,Dearborn St & Monroe St,39,39,In Service,POINT (-87.629520919 41.881319815),60603
