ID,Station Name,Total Docks,Docks in Service,Status,geometry,REGION_ID,REGION
715,Major Taylor Trail & 124th St,15,15,In Service,POINT (-87.63711333299999 41.668696353),28,Riverdale-Hegewisch
716,Eberhart Ave & 131st St,15,15,In Service,POINT (-87.610710897 41.658413151),28,Riverdale-Hegewisch
704,Avenue O & 134th St,15,15,In Service,POINT (-87.539671361 41.651867802),28,Riverdale-Hegewisch
722,Commercial Ave & 130th St,15,15,In Service,POINT (-87.550762296 41.659150428),28,Riverdale-Hegewisch
720,Torrence Ave & 126th Pl,15,15,In Service,POINT (-87.55721569100001 41.666312008),28,Riverdale-Hegewisch
732,Hegewisch Metra Station,15,15,In Service,POINT (-87.546089888 41.648500763),28,Riverdale-Hegewisch
714,State St & 123rd St,15,15,In Service,POINT (-87.622586489 41.670643837),28,Riverdale-Hegewisch
677,Stewart Ave & 83rd St,15,15,In Service,POINT (-87.63408800000001 41.743717),23,Auburn Gresham-Chatham
679,Ashland Ave & 74th St,15,15,In Service,POINT (-87.663474083 41.759236024),23,Auburn Gresham-Chatham
682,Eberhart Ave & 91st St,15,15,In Service,POINT (-87.611829489 41.729267142),23,Auburn Gresham-Chatham
683,Ashland Ave & 78th St,15,15,In Service,POINT (-87.663699389 41.752204849),23,Auburn Gresham-Chatham
681,Halsted St & 78th St,15,15,In Service,POINT (-87.64390215700001 41.752487012),23,Auburn Gresham-Chatham
687,Loomis Blvd & 84th St,15,15,In Service,POINT (-87.65841007200001 41.741486529),23,Auburn Gresham-Chatham
685,Summit Ave & 86th St,15,15,In Service,POINT (-87.64489978600001 41.737848477),23,Auburn Gresham-Chatham
678,Halsted St & 73rd St,15,15,In Service,POINT (-87.64416097700001 41.761605438),23,Auburn Gresham-Chatham
587,Wabash Ave & 83rd St,11,11,In Service,POINT (-87.622849 41.743316),23,Auburn Gresham-Chatham
595,Wabash Ave & 87th St,11,11,In Service,POINT (-87.62263399999999 41.736646),23,Auburn Gresham-Chatham
574,Vernon Ave & 79th St,11,11,In Service,POINT (-87.61379000000001 41.75094),23,Auburn Gresham-Chatham
586,MLK Jr Dr & 83rd St,11,11,In Service,POINT (-87.6148 41.743116),23,Auburn Gresham-Chatham
568,Vincennes Ave & 75th St,7,7,In Service,POINT (-87.63121 41.75797),23,Auburn Gresham-Chatham
571,Vernon Ave & 75th St,11,11,In Service,POINT (-87.614138 41.758361),23,Auburn Gresham-Chatham
570,Evans Ave & 75th St,7,7,In Service,POINT (-87.60641 41.75849),23,Auburn Gresham-Chatham
573,State St & 79th St,11,11,In Service,POINT (-87.624424 41.750794),23,Auburn Gresham-Chatham
572,State St & 76th St,11,11,In Service,POINT (-87.62462099999999 41.756971),23,Auburn Gresham-Chatham
3,Shedd Aquarium,55,55,In Service,POINT (-87.61535539 41.867225957),29,Downtown Lakefront
635,Fairbanks St & Superior St,11,11,In Service,POINT (-87.620104 41.895748),29,Downtown Lakefront
255,Indiana Ave & Roosevelt Rd,39,39,In Service,POINT (-87.623041 41.867888),29,Downtown Lakefront
211,St. Clair St & Erie St,19,19,In Service,POINT (-87.622663 41.894448),29,Downtown Lakefront
264,Stetson Ave & South Water St,19,19,In Service,POINT (-87.62232 41.886835),29,Downtown Lakefront
35,Streeter Dr & Grand Ave,47,47,In Service,POINT (-87.612043 41.892278),29,Downtown Lakefront
196,Cityfront Plaza Dr & Pioneer Ct,31,31,In Service,POINT (-87.622072 41.890573),29,Downtown Lakefront
195,Columbus Dr & Randolph St,55,55,In Service,POINT (-87.61952099999999 41.884728),29,Downtown Lakefront
173,Mies van der Rohe Way & Chicago Ave,15,15,In Service,POINT (-87.62174300000001 41.89691),29,Downtown Lakefront
6,Dusable Harbor,39,39,In Service,POINT (-87.612813 41.886976),29,Downtown Lakefront
76,Lake Shore Dr & Monroe St,39,39,In Service,POINT (-87.616743 41.880958),29,Downtown Lakefront
26,New St & Illinois St,31,31,In Service,POINT (-87.618616819 41.890847041),29,Downtown Lakefront
145,Mies van der Rohe Way & Chestnut St,19,19,In Service,POINT (-87.621915226 41.898586651),29,Downtown Lakefront
142,McClurg Ct & Erie St,31,31,In Service,POINT (-87.61785400000001 41.894503),29,Downtown Lakefront
99,Lake Shore Dr & Ohio St,19,19,In Service,POINT (-87.614492 41.89257),29,Downtown Lakefront
2,Buckingham Fountain,39,39,In Service,POINT (-87.62054800999999 41.876511229),29,Downtown Lakefront
24,Fairbanks Ct & Grand Ave,15,15,In Service,POINT (-87.62058019600001 41.891847372),29,Downtown Lakefront
7,Field Blvd & South Water St,19,19,In Service,POINT (-87.61751654700001 41.886349063),29,Downtown Lakefront
457,Clark St & Elmdale Ave,15,15,In Service,POINT (-87.66983360100001 41.990517556),4,Edge Water-Uptown
461,Broadway & Ridge Ave,15,15,In Service,POINT (-87.66027382899999 41.984044611),4,Edge Water-Uptown
460,Clark St & Bryn Mawr Ave,15,15,In Service,POINT (-87.66915400000001 41.983593),4,Edge Water-Uptown
253,Winthrop Ave & Lawrence Ave,15,15,In Service,POINT (-87.657659 41.968812),4,Edge Water-Uptown
295,Broadway & Argyle St,19,19,In Service,POINT (-87.65966 41.973815),4,Edge Water-Uptown
293,Broadway & Wilson Ave,23,23,In Service,POINT (-87.65813900000001 41.965221),4,Edge Water-Uptown
251,Clarendon Ave & Leland Ave,15,15,In Service,POINT (-87.650001 41.967968),4,Edge Water-Uptown
465,Marine Dr & Ainslie St,23,23,In Service,POINT (-87.650154 41.9716),4,Edge Water-Uptown
344,Ravenswood Ave & Lawrence Ave,47,47,In Service,POINT (-87.67423700000001 41.96909),4,Edge Water-Uptown
297,Paulina St & Montrose Ave,15,15,In Service,POINT (-87.671387 41.961507),4,Edge Water-Uptown
231,Sheridan Rd & Montrose Ave,23,23,In Service,POINT (-87.65464 41.96167),4,Edge Water-Uptown
234,Clark St & Montrose Ave,19,19,In Service,POINT (-87.66603600000001 41.961588),4,Edge Water-Uptown
326,Clark St & Leland Ave,19,19,In Service,POINT (-87.667429 41.96709600000001),4,Edge Water-Uptown
245,Clarendon Ave & Junior Ter,23,23,In Service,POINT (-87.649603 41.961004),4,Edge Water-Uptown
325,Clark St & Winnemac Ave,19,19,In Service,POINT (-87.66785547100001 41.97334764),4,Edge Water-Uptown
294,Broadway & Berwyn Ave,15,15,In Service,POINT (-87.65975300000001 41.97835300000001),4,Edge Water-Uptown
323,Sheridan Rd & Lawrence Ave,19,19,In Service,POINT (-87.654691 41.969517),4,Edge Water-Uptown
458,Broadway & Thorndale Ave,19,19,In Service,POINT (-87.66014062100001 41.989742511),4,Edge Water-Uptown
459,Lakefront Trail & Bryn Mawr Ave,19,19,In Service,POINT (-87.652310469 41.984036696),4,Edge Water-Uptown
463,Clark St & Berwyn Ave,19,19,In Service,POINT (-87.668047105 41.977996654),4,Edge Water-Uptown
454,Broadway & Granville Ave,23,23,In Service,POINT (-87.660284535 41.994779688),4,Edge Water-Uptown
656,Damen Ave & Walnut (Lake) St,15,15,In Service,POINT (-87.677009 41.885951),11,West Town-Near West
637,Wood St & Chicago Ave,15,15,In Service,POINT (-87.67206899999999 41.895634),11,West Town-Near West
658,Leavitt St & Division St,15,15,In Service,POINT (-87.683825 41.902997),11,West Town-Near West
643,Smith Park,15,15,In Service,POINT (-87.689397 41.892048),11,West Town-Near West
644,Western Ave & Fillmore St,11,11,In Service,POINT (-87.686234 41.868563),11,West Town-Near West
654,Racine Ave & Washington Blvd,11,11,In Service,POINT (-87.656952 41.883073),11,West Town-Near West
128,Damen Ave & Chicago Ave,19,19,In Service,POINT (-87.67721999999999 41.895769),11,West Town-Near West
215,Damen Ave & Madison St,15,15,In Service,POINT (-87.67493 41.88137),11,West Town-Near West
16,Paulina Ave & North Ave,15,15,In Service,POINT (-87.67007199999999 41.910337),11,West Town-Near West
130,Damen Ave & Division St,19,19,In Service,POINT (-87.67843499999999 41.903266),11,West Town-Near West
119,Ashland Ave & Lake St,19,19,In Service,POINT (-87.66717 41.88592),11,West Town-Near West
350,Ashland Ave & Chicago Ave,15,15,In Service,POINT (-87.66774699999999 41.89596599999999),11,West Town-Near West
22,May St & Taylor St,15,15,In Service,POINT (-87.6554864 41.8694821),11,West Town-Near West
61,Wood St & Milwaukee Ave,19,19,In Service,POINT (-87.672552 41.907655),11,West Town-Near West
84,Milwaukee Ave & Grand Ave,19,19,In Service,POINT (-87.64838399999999 41.891578),11,West Town-Near West
88,Racine Ave & Randolph St,19,19,In Service,POINT (-87.656853 41.884069),11,West Town-Near West
317,Wood St & Taylor St (Temp),23,23,In Service,POINT (-87.67373085 41.869265218),11,West Town-Near West
29,Noble St & Milwaukee Ave,15,15,In Service,POINT (-87.6626 41.90068),11,West Town-Near West
55,Halsted St & Roosevelt Rd,23,23,In Service,POINT (-87.648625 41.867324),11,West Town-Near West
659,Leavitt St & Chicago Ave,15,15,In Service,POINT (-87.682017 41.895501),11,West Town-Near West
333,Ashland Ave & Blackhawk St,15,15,In Service,POINT (-87.667252 41.907066),11,West Town-Near West
213,Leavitt St & North Ave,15,15,In Service,POINT (-87.68238902100001 41.910509367),11,West Town-Near West
657,Wood St & Augusta Blvd,15,15,In Service,POINT (-87.6722 41.899181),11,West Town-Near West
92,Carpenter St & Huron St,19,19,In Service,POINT (-87.65344899999999 41.894556),11,West Town-Near West
198,Green St & Madison St,27,27,In Service,POINT (-87.64878900000001 41.881892),11,West Town-Near West
109,900 W Harrison St,19,19,In Service,POINT (-87.649807 41.874754),11,West Town-Near West
80,Aberdeen St & Monroe St,19,19,In Service,POINT (-87.655519 41.880419),11,West Town-Near West
86,Eckhart Park,19,19,In Service,POINT (-87.66098386 41.89637337),11,West Town-Near West
277,Ashland Ave & Grand Ave,15,15,In Service,POINT (-87.666611 41.89107199999999),11,West Town-Near West
666,Cherry Ave & Blackhawk St,15,15,In Service,POINT (-87.655618 41.907221),11,West Town-Near West
21,Aberdeen St & Jackson Blvd,23,23,In Service,POINT (-87.65478743 41.87772613),11,West Town-Near West
214,Damen Ave & Grand Ave,23,23,In Service,POINT (-87.67684221299999 41.891264346),11,West Town-Near West
261,Hermitage Ave & Polk St,15,15,In Service,POINT (-87.66988600000001 41.871514),11,West Town-Near West
320,Loomis St & Lexington St,19,19,In Service,POINT (-87.661501 41.872187),11,West Town-Near West
146,Loomis St & Jackson Blvd,19,19,In Service,POINT (-87.66200699999999 41.877945),11,West Town-Near West
233,Sangamon St & Washington Blvd,15,15,In Service,POINT (-87.6511 41.88316500000001),11,West Town-Near West
346,Ada St & Washington Blvd,15,15,In Service,POINT (-87.66120600000001 41.88283),11,West Town-Near West
331,Halsted St & Clybourn Ave,27,27,In Service,POINT (-87.648128 41.909668),11,West Town-Near West
305,Western Ave & Division St,23,23,In Service,POINT (-87.687275 41.902893),11,West Town-Near West
159,Claremont Ave & Hirsch St,11,11,In Service,POINT (-87.68585400000001 41.907781),11,West Town-Near West
186,Ogden Ave & Race Ave,15,15,In Service,POINT (-87.658751 41.891795),11,West Town-Near West
342,Wolcott Ave & Polk St,23,22,In Service,POINT (-87.673688 41.871262),11,West Town-Near West
621,Aberdeen St & Randolph St,15,15,In Service,POINT (-87.654264 41.884114),11,West Town-Near West
20,Sheffield Ave & Kingsbury St,15,15,In Service,POINT (-87.65310600000001 41.910522),11,West Town-Near West
241,Morgan St & Polk St,19,19,In Service,POINT (-87.65103000000001 41.871737),11,West Town-Near West
32,Racine Ave & Congress Pkwy,19,19,In Service,POINT (-87.65703000000001 41.87464),11,West Town-Near West
160,Campbell Ave & North Ave,15,15,In Service,POINT (-87.68955600000001 41.910535),11,West Town-Near West
19,Throop St & Taylor St,15,15,In Service,POINT (-87.65914100000001 41.868968),11,West Town-Near West
183,Damen Ave & Thomas St (Augusta Blvd),19,19,In Service,POINT (-87.677409 41.901315),11,West Town-Near West
383,Paulina St & Flournoy St,31,31,In Service,POINT (-87.66913000000001 41.87295),11,West Town-Near West
285,Wood St & Hubbard St,19,19,In Service,POINT (-87.67147299999999 41.889899),11,West Town-Near West
30,Ashland Ave & Augusta Blvd,15,15,In Service,POINT (-87.6677 41.899643),11,West Town-Near West
17,Honore St & Division St,27,27,In Service,POINT (-87.673935 41.903119),11,West Town-Near West
122,Ogden Ave & Congress Pkwy,15,15,In Service,POINT (-87.67328000000001 41.87501),11,West Town-Near West
112,Green St & Randolph St,15,15,In Service,POINT (-87.64867 41.883668),11,West Town-Near West
134,Peoria St & Jackson Blvd,19,19,In Service,POINT (-87.649617791 41.877641596),11,West Town-Near West
631,Malcolm X College,19,19,In Service,POINT (-87.673895 41.877618),11,West Town-Near West
210,Ashland Ave & Division St,27,27,In Service,POINT (-87.66774699999999 41.90345),11,West Town-Near West
217,Elizabeth (May) St & Fulton St,15,15,In Service,POINT (-87.658039927 41.886616486),11,West Town-Near West
365,Halsted St & North Branch St,15,15,In Service,POINT (-87.64847987500001 41.899368439),11,West Town-Near West
374,Western Ave & Walton St,23,23,In Service,POINT (-87.68659601600001 41.898417689),11,West Town-Near West
381,Western Ave & Monroe St,15,15,In Service,POINT (-87.68611280799999 41.879787709),11,West Town-Near West
376,Artesian Ave & Hubbard St,35,35,In Service,POINT (-87.68821936499999 41.88949182),11,West Town-Near West
382,Western Ave & Congress Pkwy,19,19,In Service,POINT (-87.686445276 41.874748851),11,West Town-Near West
434,Ogden Ave & Roosevelt Rd,19,19,In Service,POINT (-87.68469707 41.866501483),11,West Town-Near West
69,Damen Ave & Pierce Ave,23,23,In Service,POINT (-87.67769192899999 41.909396007),11,West Town-Near West
71,Morgan St & Lake St,23,23,In Service,POINT (-87.652304856 41.885483308),11,West Town-Near West
54,Ogden Ave & Chicago Ave,19,19,In Service,POINT (-87.654061273 41.896362458),11,West Town-Near West
684,Prospect Sq & 91st St,15,15,In Service,POINT (-87.66752390000001 41.7282338),25,Beverly-Mt Greenwood-Morgan Park
724,Homewood Ave & 115th St,15,15,In Service,POINT (-87.67070800100001 41.684595072),25,Beverly-Mt Greenwood-Morgan Park
728,Western Ave & 111th St,23,23,In Service,POINT (-87.68129736200001 41.691211035),25,Beverly-Mt Greenwood-Morgan Park
730,Lawndale Ave & 111th St,15,15,In Service,POINT (-87.71288573700001 41.69131919199999),25,Beverly-Mt Greenwood-Morgan Park
723,Hale Ave & 107th St,11,11,In Service,POINT (-87.66891896700001 41.699206168),25,Beverly-Mt Greenwood-Morgan Park
721,Walden Pkwy & 100th St,15,15,In Service,POINT (-87.667733431 41.712164104),25,Beverly-Mt Greenwood-Morgan Park
649,Stewart Ave & 63rd St,11,11,In Service,POINT (-87.63477399999999 41.779835),20,Fuller-Grand Blvd-Washington Park
646,State St & 54th St,11,11,In Service,POINT (-87.625923 41.796642),20,Fuller-Grand Blvd-Washington Park
650,Eggleston Ave & 69th St,11,11,In Service,POINT (-87.635876 41.768898),20,Fuller-Grand Blvd-Washington Park
674,Michigan Ave & 71st St,7,7,In Service,POINT (-87.621748 41.765286),20,Fuller-Grand Blvd-Washington Park
336,Cottage Grove Ave & 47th St,15,15,In Service,POINT (-87.60675500000001 41.809855),20,Fuller-Grand Blvd-Washington Park
271,Cottage Grove Ave & 43rd St,11,11,In Service,POINT (-87.60658199999999 41.816499),20,Fuller-Grand Blvd-Washington Park
385,Princeton Ave & Garfield Blvd,11,11,In Service,POINT (-87.633124 41.794982),20,Fuller-Grand Blvd-Washington Park
204,Prairie Ave & Garfield Blvd,11,11,In Service,POINT (-87.618691 41.794853),20,Fuller-Grand Blvd-Washington Park
351,Cottage Grove Ave & 51st St,15,15,In Service,POINT (-87.60661500000001 41.803038),20,Fuller-Grand Blvd-Washington Park
652,Rhodes Ave & 71st St,11,11,In Service,POINT (-87.611726 41.76600000000001),20,Fuller-Grand Blvd-Washington Park
201,Indiana Ave & 40th St,11,11,In Service,POINT (-87.6216 41.82168),20,Fuller-Grand Blvd-Washington Park
200,MLK Jr Dr & 47th St,11,11,In Service,POINT (-87.61627900000001 41.809851),20,Fuller-Grand Blvd-Washington Park
390,Wentworth Ave & 63rd St,11,11,In Service,POINT (-87.629746305 41.780079633),20,Fuller-Grand Blvd-Washington Park
392,Perry Ave & 69th St,11,11,In Service,POINT (-87.628195929 41.76929309),20,Fuller-Grand Blvd-Washington Park
409,Shields Ave & 43rd St,11,11,In Service,POINT (-87.63481935 41.816207679),20,Fuller-Grand Blvd-Washington Park
412,Princeton Ave & 47th St,11,11,In Service,POINT (-87.63344928799999 41.809317709),20,Fuller-Grand Blvd-Washington Park
415,Calumet Ave & 51st St,11,11,In Service,POINT (-87.61805357999999 41.802294651),20,Fuller-Grand Blvd-Washington Park
393,Calumet Ave & 71st St,11,11,In Service,POINT (-87.616917925 41.765508006),20,Fuller-Grand Blvd-Washington Park
422,DuSable Museum,11,11,In Service,POINT (-87.60785217700001 41.791568011),20,Fuller-Grand Blvd-Washington Park
431,Eberhart Ave & 61st St,11,11,In Service,POINT (-87.61330783 41.784141693),20,Fuller-Grand Blvd-Washington Park
421,MLK Jr Dr & 56th St,11,11,In Service,POINT (-87.615853262 41.79342945699999),20,Fuller-Grand Blvd-Washington Park
430,MLK Jr Dr & 63rd St,11,11,In Service,POINT (-87.61594285700001 41.780080637),20,Fuller-Grand Blvd-Washington Park
410,Prairie Ave & 43rd St,15,15,In Service,POINT (-87.61941246200001 41.816658893),20,Fuller-Grand Blvd-Washington Park
697,Oglesby Ave & 100th St,15,15,In Service,POINT (-87.565841675 41.713397484),27,South Deering-East Side
734,Commercial Ave & 100th St,15,15,In Service,POINT (-87.551097572 41.713317395),27,South Deering-East Side
718,Ewing Ave & Burnham Greenway,11,11,In Service,POINT (-87.53481388100001 41.712748761),27,South Deering-East Side
694,Houston Ave & 92nd St,15,15,In Service,POINT (-87.549700141 41.728204215),27,South Deering-East Side
717,Big Marsh Park,15,15,In Service,POINT (-87.573823929 41.685877056),27,South Deering-East Side
731,Bradley Park,11,11,In Service,POINT (-87.564591765 41.717878302),27,South Deering-East Side
707,Torrence Ave & 106th St,15,15,In Service,POINT (-87.559726238 41.70280085),27,South Deering-East Side
701,Constance Ave & 95th St,15,15,In Service,POINT (-87.578968406 41.722290741),27,South Deering-East Side
719,Avenue O & 118th St,15,15,In Service,POINT (-87.53793122299999 41.681001459),27,South Deering-East Side
710,Burnham Greenway & 105th St,11,11,In Service,POINT (-87.52823174 41.70457508699999),27,South Deering-East Side
648,Carpenter St & 63rd St,7,7,In Service,POINT (-87.65091899999999 41.77987),19,New City-Englewood-W Englewood
408,Union Ave & Root St,11,11,In Service,POINT (-87.64327800000001 41.819102),19,New City-Englewood-W Englewood
559,Racine Ave & Garfield Blvd,11,11,In Service,POINT (-87.655073 41.794228),19,New City-Englewood-W Englewood
594,Western Blvd & 48th Pl,11,11,In Service,POINT (-87.683392 41.805661),19,New City-Englewood-W Englewood
565,Ashland Ave & 66th St,7,7,In Service,POINT (-87.663815 41.774074),19,New City-Englewood-W Englewood
553,Elizabeth St & 47th St,11,11,In Service,POINT (-87.656526 41.80839),19,New City-Englewood-W Englewood
567,May St & 69th St,11,11,In Service,POINT (-87.652934 41.768938),19,New City-Englewood-W Englewood
554,Damen Ave & 51st St,7,7,In Service,POINT (-87.674684 41.800908),19,New City-Englewood-W Englewood
556,Throop St & 52nd St,7,7,In Service,POINT (-87.657195 41.79965900000001),19,New City-Englewood-W Englewood
561,Damen Ave & 59th St,11,11,In Service,POINT (-87.67416700000001 41.78602),19,New City-Englewood-W Englewood
558,Ashland Ave & Garfield Blvd,11,11,In Service,POINT (-87.664429 41.79282199999999),19,New City-Englewood-W Englewood
564,Racine Ave & 65th St,11,11,In Service,POINT (-87.654308 41.775393),19,New City-Englewood-W Englewood
549,Marshfield Ave & 44th St,11,11,In Service,POINT (-87.666589 41.813996),19,New City-Englewood-W Englewood
557,Seeley Ave & Garfield Blvd,11,11,In Service,POINT (-87.675478 41.794087),19,New City-Englewood-W Englewood
593,Halsted St & 59th St,11,11,In Service,POINT (-87.644874 41.787539),19,New City-Englewood-W Englewood
551,Hoyne Ave & 47th St,11,11,In Service,POINT (-87.67718000000001 41.808227),19,New City-Englewood-W Englewood
552,Ashland Ave & McDowell Ave,11,11,In Service,POINT (-87.66454 41.80887),19,New City-Englewood-W Englewood
555,Ashland Ave & 50th St,11,11,In Service,POINT (-87.664699 41.803023),19,New City-Englewood-W Englewood
560,Marshfield Ave & 59th St,11,11,In Service,POINT (-87.66621500000001 41.786833),19,New City-Englewood-W Englewood
563,Ashland Ave & 63rd St,11,11,In Service,POINT (-87.664843 41.779374),19,New City-Englewood-W Englewood
562,Racine Ave & 61st St,11,11,In Service,POINT (-87.654372 41.783189),19,New City-Englewood-W Englewood
647,Elizabeth St & 59th St,7,7,In Service,POINT (-87.65585899999999 41.786691),19,New City-Englewood-W Englewood
384,Halsted St & 51st St,11,11,In Service,POINT (-87.645213904 41.80183164),19,New City-Englewood-W Englewood
386,Halsted St & 56th St,11,11,In Service,POINT (-87.644990057 41.792929646),19,New City-Englewood-W Englewood
388,Halsted St & 63rd St,11,11,In Service,POINT (-87.644620815 41.779381142),19,New City-Englewood-W Englewood
391,Halsted St & 69th St,11,11,In Service,POINT (-87.64461357799999 41.76906172),19,New City-Englewood-W Englewood
411,Halsted St & 47th Pl,11,11,In Service,POINT (-87.645616554 41.808133915),19,New City-Englewood-W Englewood
373,Kedzie Ave & Chicago Ave,11,11,In Service,POINT (-87.706127884 41.895465303),10,Humboldt-Garfield Prk E/W
537,Kenton Ave & Madison St,11,11,In Service,POINT (-87.74101800000001 41.880708),10,Humboldt-Garfield Prk E/W
533,Central Park Blvd & 5th Ave,11,11,In Service,POINT (-87.71547 41.875679),10,Humboldt-Garfield Prk E/W
518,Conservatory Dr & Lake St,11,11,In Service,POINT (-87.71686600000001 41.885502),10,Humboldt-Garfield Prk E/W
538,Cicero Ave & Flournoy St,11,11,In Service,POINT (-87.746619 41.872131),10,Humboldt-Garfield Prk E/W
534,Karlov Ave & Madison St,11,11,In Service,POINT (-87.727907 41.88085),10,Humboldt-Garfield Prk E/W
216,California Ave & Division St,15,15,In Service,POINT (-87.697474 41.903029),10,Humboldt-Garfield Prk E/W
539,Cicero Ave & Quincy St,11,11,In Service,POINT (-87.74540500000001 41.877613),10,Humboldt-Garfield Prk E/W
436,Fairfield Ave & Roosevelt Rd,11,11,In Service,POINT (-87.69452099999999 41.866624),10,Humboldt-Garfield Prk E/W
528,Pulaski Rd & Lake St,11,11,In Service,POINT (-87.72649100000001 41.885409),10,Humboldt-Garfield Prk E/W
529,Cicero Ave & Lake St,11,11,In Service,POINT (-87.745261 41.886841),10,Humboldt-Garfield Prk E/W
535,Pulaski Rd & Congress Pkwy,11,11,In Service,POINT (-87.72570400000001 41.874325),10,Humboldt-Garfield Prk E/W
536,Kostner Ave & Lake St,11,11,In Service,POINT (-87.73541 41.885928),10,Humboldt-Garfield Prk E/W
622,California Ave & Cortez St,15,15,In Service,POINT (-87.696704 41.900363),10,Humboldt-Garfield Prk E/W
545,Kostner Ave & Adams St,11,11,In Service,POINT (-87.735737 41.877917),10,Humboldt-Garfield Prk E/W
378,California Ave & Lake St,11,11,In Service,POINT (-87.69629813700001 41.884453957),10,Humboldt-Garfield Prk E/W
375,Sacramento Blvd & Franklin Blvd,11,11,In Service,POINT (-87.70260751200001 41.890468792),10,Humboldt-Garfield Prk E/W
377,Kedzie Ave & Lake St,15,15,In Service,POINT (-87.706303744 41.884603285),10,Humboldt-Garfield Prk E/W
433,Kedzie Ave & Harrison St,11,11,In Service,POINT (-87.70487074899999 41.873599675),10,Humboldt-Garfield Prk E/W
435,Kedzie Ave & Roosevelt Rd,11,11,In Service,POINT (-87.706496176 41.86649278199999),10,Humboldt-Garfield Prk E/W
510,Spaulding Ave & Division St,11,11,In Service,POINT (-87.70921957100001 41.902706594),10,Humboldt-Garfield Prk E/W
418,Ellis Ave & 53rd St,11,11,In Service,POINT (-87.600958115 41.799336263),21,Hyde Park-Kenwood-Woodlawn
428,Dorchester Ave & 63rd St,11,11,In Service,POINT (-87.591415989 41.780405646),21,Hyde Park-Kenwood-Woodlawn
419,Lake Park Ave & 53rd St,15,15,In Service,POINT (-87.586449896 41.799494294),21,Hyde Park-Kenwood-Woodlawn
322,Kimbark Ave & 53rd St,19,19,In Service,POINT (-87.594747 41.799568),21,Hyde Park-Kenwood-Woodlawn
345,Lake Park Ave & 56th St,19,19,In Service,POINT (-87.58778199999999 41.793242),21,Hyde Park-Kenwood-Woodlawn
653,Cornell Dr & Hayes Dr,11,11,In Service,POINT (-87.584846 41.780595),21,Hyde Park-Kenwood-Woodlawn
247,Shore Dr & 55th St,19,19,In Service,POINT (-87.580715 41.795212),21,Hyde Park-Kenwood-Woodlawn
423,University Ave & 57th St,31,31,In Service,POINT (-87.599861 41.79147800000001),21,Hyde Park-Kenwood-Woodlawn
267,Lake Park Ave & 47th St,15,15,In Service,POINT (-87.591875 41.809443),21,Hyde Park-Kenwood-Woodlawn
417,Cornell Ave & Hyde Park Blvd,19,19,In Service,POINT (-87.586924 41.802406),21,Hyde Park-Kenwood-Woodlawn
355,South Shore Dr & 67th St,15,15,In Service,POINT (-87.567514 41.773643),21,Hyde Park-Kenwood-Woodlawn
248,Woodlawn Ave & 55th St,19,19,In Service,POINT (-87.59647099999999 41.795264),21,Hyde Park-Kenwood-Woodlawn
429,Cottage Grove Ave & 67th St,11,11,In Service,POINT (-87.60563486 41.773720952),21,Hyde Park-Kenwood-Woodlawn
121,Blackstone Ave & Hyde Park Blvd,19,19,In Service,POINT (-87.59036800000001 41.802562),21,Hyde Park-Kenwood-Woodlawn
328,Ellis Ave & 58th St,19,19,In Service,POINT (-87.60133399999999 41.788746),21,Hyde Park-Kenwood-Woodlawn
252,Greenwood Ave & 47th St,15,15,In Service,POINT (-87.59938299999999 41.809835),21,Hyde Park-Kenwood-Woodlawn
416,Dorchester Ave & 49th St,15,15,In Service,POINT (-87.59246400000001 41.805772),21,Hyde Park-Kenwood-Woodlawn
400,Cottage Grove Ave & 71st St,11,11,In Service,POINT (-87.60495971299999 41.765719037),21,Hyde Park-Kenwood-Woodlawn
95,Stony Island Ave & 64th St,11,11,In Service,POINT (-87.586647 41.778881),21,Hyde Park-Kenwood-Woodlawn
102,Stony Island Ave & 67th St,11,11,In Service,POINT (-87.58533973899999 41.773458499),21,Hyde Park-Kenwood-Woodlawn
101,63rd St Beach,15,15,In Service,POINT (-87.57611976 41.781016372),21,Hyde Park-Kenwood-Woodlawn
11,Jeffery Blvd & 71st St,11,11,In Service,POINT (-87.576450114 41.766638237),21,Hyde Park-Kenwood-Woodlawn
356,Stony Island Ave & 71st St,11,11,In Service,POINT (-87.586460878 41.766492937),21,Hyde Park-Kenwood-Woodlawn
352,Jeffery Blvd & 67th St,11,11,In Service,POINT (-87.577142826 41.773517551),21,Hyde Park-Kenwood-Woodlawn
413,Woodlawn Ave & Lake Park Ave,15,15,In Service,POINT (-87.59700514799999 41.81409271),21,Hyde Park-Kenwood-Woodlawn
420,Ellis Ave & 55th St,19,19,In Service,POINT (-87.601449773 41.794300621),21,Hyde Park-Kenwood-Woodlawn
427,Cottage Grove Ave & 63rd St,15,15,In Service,POINT (-87.60583609299999 41.780600945),21,Hyde Park-Kenwood-Woodlawn
425,Harper Ave & 59th St,15,15,In Service,POINT (-87.58831517 41.787942813),21,Hyde Park-Kenwood-Woodlawn
426,Ellis Ave & 60th St,19,19,In Service,POINT (-87.601072761 41.785097146),21,Hyde Park-Kenwood-Woodlawn
424,Museum of Science and Industry,27,27,In Service,POINT (-87.58394500899999 41.79172821),21,Hyde Park-Kenwood-Woodlawn
655,Hoyne Ave & Balmoral Ave,15,15,In Service,POINT (-87.68193199999999 41.979851),3,North Park-Albany-Linconl Sq
316,Damen Ave & Sunnyside Ave,19,19,In Service,POINT (-87.67925799999999 41.96325),3,North Park-Albany-Linconl Sq
480,Albany Ave & Montrose Ave,11,11,In Service,POINT (-87.705866 41.96104099999999),3,North Park-Albany-Linconl Sq
462,Winchester (Ravenswood) Ave & Balmoral Ave,15,15,In Service,POINT (-87.67753 41.979762),3,North Park-Albany-Linconl Sq
481,California Ave & Montrose Ave,15,15,In Service,POINT (-87.69543900000001 41.961068),3,North Park-Albany-Linconl Sq
243,Lincoln Ave & Sunnyside Ave,15,15,In Service,POINT (-87.684781 41.963004),3,North Park-Albany-Linconl Sq
456,2112 W Peterson Ave,11,11,In Service,POINT (-87.683593 41.991178),3,North Park-Albany-Linconl Sq
475,Washtenaw Ave & Lawrence Ave,15,15,In Service,POINT (-87.696027 41.968987),3,North Park-Albany-Linconl Sq
470,Kedzie Ave & Foster Ave,11,11,In Service,POINT (-87.709261 41.975672),3,North Park-Albany-Linconl Sq
238,Wolcott (Ravenswood) Ave & Montrose Ave,15,15,In Service,POINT (-87.67616899999999 41.961406),3,North Park-Albany-Linconl Sq
630,Kildare Ave & Montrose Ave,15,15,In Service,POINT (-87.73569000000001 41.96108),3,North Park-Albany-Linconl Sq
242,Damen Ave & Leland Ave,15,15,In Service,POINT (-87.679028 41.967094),3,North Park-Albany-Linconl Sq
477,Manor Ave & Leland Ave,11,11,In Service,POINT (-87.70082499999999 41.965875),3,North Park-Albany-Linconl Sq
452,Western Ave & Granville Ave,11,11,In Service,POINT (-87.68943828200001 41.994161369),3,North Park-Albany-Linconl Sq
311,Leavitt St & Lawrence Ave,19,19,In Service,POINT (-87.68400099999999 41.968885),3,North Park-Albany-Linconl Sq
239,Western Ave & Leland Ave,19,19,Not In Service,POINT (-87.688418627 41.966494532),3,North Park-Albany-Linconl Sq
471,Francisco Ave & Foster Ave,15,15,In Service,POINT (-87.70141943899999 41.975632725),3,North Park-Albany-Linconl Sq
455,Maplewood Ave & Peterson Ave,11,11,In Service,POINT (-87.69336964 41.990236029),3,North Park-Albany-Linconl Sq
464,Damen Ave & Foster Ave,15,15,In Service,POINT (-87.67945903899999 41.975614805),3,North Park-Albany-Linconl Sq
468,Budlong Woods Library,11,11,In Service,POINT (-87.69642256100001 41.983664709),3,North Park-Albany-Linconl Sq
469,St. Louis Ave & Balmoral Ave,15,15,In Service,POINT (-87.716114961 41.980394235),3,North Park-Albany-Linconl Sq
472,Lincoln Ave & Winona St,15,15,In Service,POINT (-87.69250255899999 41.974911297),3,North Park-Albany-Linconl Sq
474,Christiana Ave & Lawrence Ave,15,15,In Service,POINT (-87.711830667 41.968354494),3,North Park-Albany-Linconl Sq
476,Kedzie Ave & Leland Ave,15,15,In Service,POINT (-87.708051981 41.966686362),3,North Park-Albany-Linconl Sq
478,Rockwell St & Eastwood Ave,15,15,In Service,POINT (-87.693638494 41.96590014),3,North Park-Albany-Linconl Sq
482,Campbell Ave & Montrose Ave,15,15,In Service,POINT (-87.691165041 41.961525933),3,North Park-Albany-Linconl Sq
494,Kedzie Ave & Bryn Mawr Ave,15,15,In Service,POINT (-87.70892252 41.982397085),3,North Park-Albany-Linconl Sq
495,Keystone Ave & Montrose Ave,11,11,In Service,POINT (-87.728970101 41.961108016),3,North Park-Albany-Linconl Sq
479,Drake Ave & Montrose Ave,15,15,In Service,POINT (-87.71656907299999 41.961154076),3,North Park-Albany-Linconl Sq
641,Central Park Ave & Bloomingdale Ave,11,11,In Service,POINT (-87.71675500000001 41.91416599999999),7,Hermosa-Logan Square
502,California Ave & Altgeld St,15,15,In Service,POINT (-87.69766800000001 41.92669),7,Hermosa-Logan Square
123,California Ave & Milwaukee Ave,15,15,In Service,POINT (-87.697153 41.922695),7,Hermosa-Logan Square
260,Kedzie Ave & Milwaukee Ave,35,35,In Service,POINT (-87.70785699999999 41.929567),7,Hermosa-Logan Square
213,Leavitt St & North Ave,15,15,In Service,POINT (-87.68238902100001 41.910509367),7,Hermosa-Logan Square
310,Damen Ave & Charleston St,11,11,In Service,POINT (-87.67785500000001 41.920082),7,Hermosa-Logan Square
116,Western Ave & Winnebago Ave,15,15,In Service,POINT (-87.687022 41.91552),7,Hermosa-Logan Square
219,Damen Ave & Cortland St,19,19,In Service,POINT (-87.677335 41.915983),7,Hermosa-Logan Square
185,Stave St & Armitage Ave,11,11,In Service,POINT (-87.69139200000001 41.917741),7,Hermosa-Logan Square
222,Milwaukee Ave & Rockwell St,19,19,In Service,POINT (-87.69265919899999 41.920195562),7,Hermosa-Logan Square
290,Kedzie Ave & Palmer Ct,15,15,In Service,POINT (-87.70732199999999 41.921525),7,Hermosa-Logan Square
276,California Ave & North Ave,11,11,In Service,POINT (-87.6972 41.91044),7,Hermosa-Logan Square
309,Leavitt St & Armitage Ave,11,11,In Service,POINT (-87.68243699999999 41.917805),7,Hermosa-Logan Square
160,Campbell Ave & North Ave,15,15,In Service,POINT (-87.68955600000001 41.910535),7,Hermosa-Logan Square
258,Logan Blvd & Elston Ave,27,27,In Service,POINT (-87.684158 41.929465),7,Hermosa-Logan Square
619,Keystone Ave & Fullerton Ave,11,11,In Service,POINT (-87.72785 41.92459),7,Hermosa-Logan Square
158,Milwaukee Ave & Wabansia Ave,15,15,In Service,POINT (-87.681391 41.912616),7,Hermosa-Logan Square
259,California Ave & Francis Pl (Temp),15,15,In Service,POINT (-87.69742280200001 41.918491154),7,Hermosa-Logan Square
499,Kosciuszko Park,15,15,In Service,POINT (-87.723777364 41.930585371),7,Hermosa-Logan Square
69,Damen Ave & Pierce Ave,23,23,In Service,POINT (-87.67769192899999 41.909396007),7,Hermosa-Logan Square
504,Campbell Ave & Fullerton Ave,15,15,In Service,POINT (-87.68930700600001 41.924632472),7,Hermosa-Logan Square
505,Winchester Ave & Elston Ave,15,15,In Service,POINT (-87.67646007499999 41.92409085),7,Hermosa-Logan Square
506,Spaulding Ave & Armitage Ave,15,15,In Service,POINT (-87.710220963 41.917108035),7,Hermosa-Logan Square
507,Humboldt Blvd & Armitage Ave,19,19,In Service,POINT (-87.701808955 41.917513394),7,Hermosa-Logan Square
508,Central Park Ave & North Ave,15,15,In Service,POINT (-87.71663195200001 41.909656876),7,Hermosa-Logan Square
503,St. Louis Ave & Fullerton Ave,15,15,In Service,POINT (-87.71449506299999 41.924815597),7,Hermosa-Logan Square
511,Albany Ave & Bloomingdale Ave,15,15,In Service,POINT (-87.70512646200001 41.914026713),7,Hermosa-Logan Square
509,Troy St & North Ave,15,15,In Service,POINT (-87.70528048700001 41.909769302),7,Hermosa-Logan Square
1436495105198659242,W Armitage Ave & N Sheffield Ave,8,8,In Service,POINT (-87.65344899999999 41.917805),8,Lincoln Park-Lake View
1436495100903691938,W Oakdale Ave & N Broadway,6,6,In Service,POINT (-87.644042 41.935581),8,Lincoln Park-Lake View
632,Clark St & Newport St,15,15,In Service,POINT (-87.654678 41.94454),8,Lincoln Park-Lake View
154,Southport Ave & Belmont Ave,15,15,In Service,POINT (-87.663747668 41.93947775),8,Lincoln Park-Lake View
314,Ravenswood Ave & Berteau Ave,15,15,In Service,POINT (-87.67356700000001 41.957921),8,Lincoln Park-Lake View
300,Broadway & Barry Ave,19,19,In Service,POINT (-87.644097805 41.937582316),8,Lincoln Park-Lake View
94,Clark St & Armitage Ave,31,31,In Service,POINT (-87.63628199999999 41.918306),8,Lincoln Park-Lake View
334,Lake Shore Dr & Belmont Ave,19,19,In Service,POINT (-87.63919200000001 41.940775),8,Lincoln Park-Lake View
220,Clark St & Drummond Pl,23,23,In Service,POINT (-87.644336 41.931248),8,Lincoln Park-Lake View
296,Broadway & Belmont Ave,19,19,In Service,POINT (-87.64545099999999 41.940106),8,Lincoln Park-Lake View
312,Clarendon Ave & Gordon Ter,15,15,In Service,POINT (-87.64962851999999 41.958472876),8,Lincoln Park-Lake View
126,Clark St & North Ave,15,15,In Service,POINT (-87.63194200000001 41.911974),8,Lincoln Park-Lake View
144,Larrabee St & Webster Ave,19,19,In Service,POINT (-87.64414000000001 41.921822),8,Lincoln Park-Lake View
225,Halsted St & Dickens Ave,23,23,In Service,POINT (-87.64883 41.919936),8,Lincoln Park-Lake View
143,Sedgwick St & Webster Ave,15,15,In Service,POINT (-87.63888799999999 41.922167),8,Lincoln Park-Lake View
303,Broadway & Cornelia Ave,23,23,In Service,POINT (-87.646439 41.945529),8,Lincoln Park-Lake View
302,Sheffield Ave & Wrightwood Ave,31,31,In Service,POINT (-87.65383299999999 41.928712),8,Lincoln Park-Lake View
117,Wilton Ave & Belmont Ave,27,27,In Service,POINT (-87.65304 41.94018),8,Lincoln Park-Lake View
343,Racine Ave & Wrightwood Ave,15,15,In Service,POINT (-87.65897099999999 41.928887),8,Lincoln Park-Lake View
289,Wells St & Concord Ln,19,19,In Service,POINT (-87.63465600000001 41.912133),8,Lincoln Park-Lake View
115,Sheffield Ave & Wellington Ave,23,23,In Service,POINT (-87.65266200000001 41.936266),8,Lincoln Park-Lake View
268,Lake Shore Dr & North Blvd,39,39,In Service,POINT (-87.62680400000001 41.911722),8,Lincoln Park-Lake View
127,Lincoln Ave & Fullerton Ave,15,15,In Service,POINT (-87.64926 41.925905),8,Lincoln Park-Lake View
223,Clifton Ave & Armitage Ave,15,15,In Service,POINT (-87.656936 41.91821599999999),8,Lincoln Park-Lake View
299,Halsted St & Roscoe St,15,15,In Service,POINT (-87.64895 41.94367),8,Lincoln Park-Lake View
349,Halsted St & Wrightwood Ave,15,15,In Service,POINT (-87.64907700000001 41.929143),8,Lincoln Park-Lake View
330,Lincoln Ave & Addison St,19,19,In Service,POINT (-87.67330799999999 41.946176),8,Lincoln Park-Lake View
152,Lincoln Ave & Diversey Pkwy,15,15,In Service,POINT (-87.65861700000001 41.932225),8,Lincoln Park-Lake View
118,Sedgwick St & North Ave,19,19,In Service,POINT (-87.638677 41.911386),8,Lincoln Park-Lake View
190,Southport Ave & Wrightwood Ave,15,15,In Service,POINT (-87.66391299999999 41.928773),8,Lincoln Park-Lake View
227,Southport Ave & Waveland Ave,23,23,In Service,POINT (-87.66394 41.94815),8,Lincoln Park-Lake View
244,Ravenswood Ave & Irving Park Rd,19,19,In Service,POINT (-87.67393 41.95469),8,Lincoln Park-Lake View
313,Lakeview Ave & Fullerton Pkwy,19,19,In Service,POINT (-87.63897299999999 41.92585800000001),8,Lincoln Park-Lake View
165,Clark St & Grace St,23,23,In Service,POINT (-87.659172 41.95078),8,Lincoln Park-Lake View
329,Lake Shore Dr & Diversey Pkwy,23,23,In Service,POINT (-87.636427 41.932588),8,Lincoln Park-Lake View
177,Theater on the Lake,31,31,In Service,POINT (-87.63083399999999 41.926277),8,Lincoln Park-Lake View
113,Bissell St & Armitage Ave,15,15,In Service,POINT (-87.65222 41.91844),8,Lincoln Park-Lake View
230,Lincoln Ave & Roscoe St,19,19,In Service,POINT (-87.67097 41.94334),8,Lincoln Park-Lake View
292,Southport Ave & Clark St,11,11,In Service,POINT (-87.664199 41.957081),8,Lincoln Park-Lake View
246,Ashland Ave & Belle Plaine Ave,11,11,In Service,POINT (-87.668835 41.956057),8,Lincoln Park-Lake View
166,Ashland Ave & Wrightwood Ave,15,15,In Service,POINT (-87.66850699999999 41.92883),8,Lincoln Park-Lake View
224,Halsted St & Willow St,19,19,In Service,POINT (-87.64875500000001 41.913865),8,Lincoln Park-Lake View
628,Walsh Park,23,23,In Service,POINT (-87.667968 41.91461),8,Lincoln Park-Lake View
93,Sheffield Ave & Willow St,15,15,In Service,POINT (-87.652855 41.913688),8,Lincoln Park-Lake View
28,Larrabee St & Menomonee St,15,15,In Service,POINT (-87.64331999999999 41.91468),8,Lincoln Park-Lake View
327,Sheffield Ave & Webster Ave,19,19,In Service,POINT (-87.653818 41.92154),8,Lincoln Park-Lake View
340,Clark St & Wrightwood Ave,15,15,In Service,POINT (-87.643118 41.929546),8,Lincoln Park-Lake View
324,Stockton Dr & Wrightwood Ave,15,15,In Service,POINT (-87.63874200000001 41.93132),8,Lincoln Park-Lake View
250,Ashland Ave & Wellington Ave,19,19,In Service,POINT (-87.66980699999999 41.936083),8,Lincoln Park-Lake View
304,Broadway & Waveland Ave,15,15,In Service,POINT (-87.648636 41.949074),8,Lincoln Park-Lake View
318,Southport Ave & Irving Park Rd,15,15,In Service,POINT (-87.66435799999999 41.954177),8,Lincoln Park-Lake View
347,Ashland Ave & Grace St,15,15,In Service,POINT (-87.6687 41.950687),8,Lincoln Park-Lake View
240,Sheridan Rd & Irving Park Rd,27,27,In Service,POINT (-87.65440600000001 41.954245),8,Lincoln Park-Lake View
141,Clark St & Lincoln Ave,23,23,In Service,POINT (-87.63460000000001 41.915689),8,Lincoln Park-Lake View
306,Sheridan Rd & Buena Ave,19,19,In Service,POINT (-87.654966 41.958494),8,Lincoln Park-Lake View
315,Elston Ave & Wabansia Ave,23,23,In Service,POINT (-87.664169 41.912919),8,Lincoln Park-Lake View
288,Larrabee St & Armitage Ave,15,15,In Service,POINT (-87.643749 41.918084),8,Lincoln Park-Lake View
131,Lincoln Ave & Belmont Ave,15,15,In Service,POINT (-87.668385 41.939365),8,Lincoln Park-Lake View
232,Pine Grove Ave & Waveland Ave,23,23,In Service,POINT (-87.64645278499999 41.949472741),8,Lincoln Park-Lake View
229,Southport Ave & Roscoe St,19,19,In Service,POINT (-87.66401999999999 41.943739),8,Lincoln Park-Lake View
254,Pine Grove Ave & Irving Park Rd,15,15,In Service,POINT (-87.648043 41.954383),8,Lincoln Park-Lake View
188,Greenview Ave & Fullerton Ave,15,15,In Service,POINT (-87.6658 41.92533),8,Lincoln Park-Lake View
307,Southport Ave & Clybourn Ave,15,15,In Service,POINT (-87.663712 41.920771),8,Lincoln Park-Lake View
332,Burling St & Diversey Pkwy,19,19,In Service,POINT (-87.64775999999999 41.93314),8,Lincoln Park-Lake View
58,Marshfield Ave & Cortland St,23,23,In Service,POINT (-87.668879 41.916017),8,Lincoln Park-Lake View
153,Southport Ave & Wellington Ave,19,19,In Service,POINT (-87.66357600000001 41.935733),8,Lincoln Park-Lake View
13,Wilton Ave & Diversey Pkwy,35,35,In Service,POINT (-87.65270500000001 41.932418),8,Lincoln Park-Lake View
256,Broadway & Sheridan Rd,15,15,In Service,POINT (-87.64999300000001 41.952833),8,Lincoln Park-Lake View
87,Racine Ave & Fullerton Ave,19,19,In Service,POINT (-87.65840426 41.92556258),8,Lincoln Park-Lake View
226,Racine Ave & Belmont Ave,15,15,In Service,POINT (-87.65886500000001 41.939743),8,Lincoln Park-Lake View
114,Sheffield Ave & Waveland Ave,27,27,In Service,POINT (-87.65452900000001 41.949399),8,Lincoln Park-Lake View
156,Clark St & Wellington Ave,15,15,In Service,POINT (-87.64753865799999 41.936496822),8,Lincoln Park-Lake View
319,Greenview Ave & Diversey Pkwy,15,15,In Service,POINT (-87.665936351 41.932589634),8,Lincoln Park-Lake View
157,Lake Shore Dr & Wellington Ave,15,15,In Service,POINT (-87.63682901899999 41.936688449),8,Lincoln Park-Lake View
34,Cannon Dr & Fullerton Ave,15,15,In Service,POINT (-87.634428785 41.926755988),8,Lincoln Park-Lake View
60,Dayton St & North Ave,19,19,In Service,POINT (-87.649421929 41.910578035),8,Lincoln Park-Lake View
67,Sheffield Ave & Fullerton Ave,27,27,In Service,POINT (-87.65370804200001 41.925601882),8,Lincoln Park-Lake View
673,Lincoln Park Conservatory,31,31,In Service,POINT (-87.635824531 41.923931311),8,Lincoln Park-Lake View
640,Bernard St & Elston Ave,11,11,In Service,POINT (-87.713949 41.949923),6,Irving Park-Avondale-North Ctr
664,Leavitt St & Belmont Ave,15,15,In Service,POINT (-87.68328199999999 41.93935399999999),6,Irving Park-Avondale-North Ctr
163,Damen Ave & Clybourn Ave,15,15,In Service,POINT (-87.67785600000001 41.931931),6,Irving Park-Avondale-North Ctr
489,Drake Ave & Addison St,15,15,In Service,POINT (-87.71758199999999 41.947326),6,Irving Park-Avondale-North Ctr
493,Western Ave & Roscoe St,11,11,In Service,POINT (-87.687288 41.943034),6,Irving Park-Avondale-North Ctr
483,Avondale Ave & Irving Park Rd,19,19,In Service,POINT (-87.73200200000001 41.953393),6,Irving Park-Avondale-North Ctr
497,Kimball Ave & Belmont Ave,15,15,In Service,POINT (-87.711561 41.939398),6,Irving Park-Avondale-North Ctr
496,Avers Ave & Belmont Ave,11,11,In Service,POINT (-87.723574 41.939408),6,Irving Park-Avondale-North Ctr
298,Lincoln Ave & Belle Plaine Ave,15,15,In Service,POINT (-87.680161446 41.956003551),6,Irving Park-Avondale-North Ctr
162,Damen Ave & Wellington Ave,15,15,In Service,POINT (-87.67841999999999 41.93588),6,Irving Park-Avondale-North Ctr
591,Kilbourn Ave & Milwaukee Ave,15,15,In Service,POINT (-87.74002 41.948818),6,Irving Park-Avondale-North Ctr
590,Kilbourn Ave & Irving Park Rd,11,11,In Service,POINT (-87.74056899999999 41.953733),6,Irving Park-Avondale-North Ctr
257,Lincoln Ave & Waveland Ave,15,15,In Service,POINT (-87.67527800000001 41.948797),6,Irving Park-Avondale-North Ctr
592,Knox Ave & Montrose Ave,11,11,In Service,POINT (-87.74535899999999 41.960631),6,Irving Park-Avondale-North Ctr
488,Pulaski Rd & Eddy St (Temp),11,11,In Service,POINT (-87.73102299999999 41.946264),6,Irving Park-Avondale-North Ctr
308,Seeley Ave & Roscoe St,11,11,In Service,POINT (-87.679618 41.943403),6,Irving Park-Avondale-North Ctr
492,Leavitt St & Addison St,15,15,In Service,POINT (-87.683359 41.946655),6,Irving Park-Avondale-North Ctr
228,Damen Ave & Melrose Ave,15,15,In Service,POINT (-87.6785 41.9406),6,Irving Park-Avondale-North Ctr
484,Monticello Ave & Irving Park Rd,15,15,In Service,POINT (-87.71912818 41.954004839),6,Irving Park-Avondale-North Ctr
485,Sawyer Ave & Irving Park Rd,15,15,In Service,POINT (-87.7093108 41.953586179),6,Irving Park-Avondale-North Ctr
486,Oakley Ave & Irving Park Rd,15,15,In Service,POINT (-87.686079624 41.954340852),6,Irving Park-Avondale-North Ctr
487,California Ave & Byron St,19,19,In Service,POINT (-87.69805111299999 41.952162193),6,Irving Park-Avondale-North Ctr
490,Troy St & Elston Ave,15,15,In Service,POINT (-87.70664990100001 41.945243568),6,Irving Park-Avondale-North Ctr
491,Talman Ave & Addison St,15,15,In Service,POINT (-87.69461475799999 41.946635831),6,Irving Park-Avondale-North Ctr
498,California Ave & Fletcher St,19,19,In Service,POINT (-87.69800775600001 41.938428791),6,Irving Park-Avondale-North Ctr
500,Central Park Ave & Elbridge Ave,15,15,In Service,POINT (-87.716889294 41.935337283),6,Irving Park-Avondale-North Ctr
501,Richmond St & Diversey Ave,15,15,In Service,POINT (-87.70119513 41.931901969),6,Irving Park-Avondale-North Ctr
686,East End Ave & 87th St,15,15,In Service,POINT (-87.58280128200001 41.736815214),24,South Shore-S Chicago-Avlon
693,Baltimore Ave & 87th St,15,15,In Service,POINT (-87.54851460499999 41.7373356),24,South Shore-S Chicago-Avlon
692,Marquette Ave & 89th St,15,15,In Service,POINT (-87.55834221799999 41.733668791),24,South Shore-S Chicago-Avlon
706,Dauphin Ave & 87th St,15,15,In Service,POINT (-87.60125756299999 41.73655902300001),24,South Shore-S Chicago-Avlon
708,Clyde Ave & 87th St,15,15,In Service,POINT (-87.57274031600001 41.737151464),24,South Shore-S Chicago-Avlon
705,Stony Island Ave & 90th St,15,15,In Service,POINT (-87.585743666 41.73139494300001),24,South Shore-S Chicago-Avlon
584,Ellis Ave & 83rd St,11,11,In Service,POINT (-87.599034 41.74412299999999),24,South Shore-S Chicago-Avlon
582,Phillips Ave & 83rd St,11,11,In Service,POINT (-87.56506 41.744531),24,South Shore-S Chicago-Avlon
396,Yates Blvd & 75th St,11,11,In Service,POINT (-87.56644 41.758768),24,South Shore-S Chicago-Avlon
580,Exchange Ave & 79th St,11,11,In Service,POINT (-87.552812 41.751731),24,South Shore-S Chicago-Avlon
577,Stony Island Ave & South Chicago Ave,11,11,In Service,POINT (-87.585337 41.751173),24,South Shore-S Chicago-Avlon
588,South Chicago Ave & 83rd St,11,11,In Service,POINT (-87.575225 41.743921),24,South Shore-S Chicago-Avlon
575,Cottage Grove Ave & 78th St,11,11,In Service,POINT (-87.605026 41.753174),24,South Shore-S Chicago-Avlon
665,South Chicago Ave & Elliot Ave,7,7,In Service,POINT (-87.580046 41.747363),24,South Shore-S Chicago-Avlon
576,Greenwood Ave & 79th St,11,11,In Service,POINT (-87.59755200000001 41.751294),24,South Shore-S Chicago-Avlon
579,Phillips Ave & 79th St,11,11,In Service,POINT (-87.56521100000001 41.75182),24,South Shore-S Chicago-Avlon
578,Bennett Ave & 79th St,11,11,In Service,POINT (-87.578496 41.751785),24,South Shore-S Chicago-Avlon
583,Stony Island Ave & 82nd St,11,11,In Service,POINT (-87.586005 41.746559),24,South Shore-S Chicago-Avlon
585,Cottage Grove Ave & 83rd St,11,11,In Service,POINT (-87.60483599999999 41.743441),24,South Shore-S Chicago-Avlon
569,Woodlawn Ave & 75th St,11,11,In Service,POINT (-87.59575100000001 41.75915999999999),24,South Shore-S Chicago-Avlon
581,Commercial Ave & 83rd St,11,11,In Service,POINT (-87.551208 41.744615),24,South Shore-S Chicago-Avlon
270,Stony Island Ave & 75th St,11,11,In Service,POINT (-87.586882871 41.75866967),24,South Shore-S Chicago-Avlon
395,Jeffery Blvd & 76th St,11,11,In Service,POINT (-87.575839359 41.757120068),24,South Shore-S Chicago-Avlon
398,Rainbow Beach,15,15,In Service,POINT (-87.54938625 41.757871448),24,South Shore-S Chicago-Avlon
399,South Shore Dr & 74th St,11,11,In Service,POINT (-87.55927465000001 41.76218896),24,South Shore-S Chicago-Avlon
690,State St & 95th St,15,15,In Service,POINT (-87.62285440000001 41.7218499),26,Washington Hts-Roseland-Pullman
689,Elizabeth St & 92nd St,15,15,In Service,POINT (-87.654290199 41.726798964),26,Washington Hts-Roseland-Pullman
695,Dauphin Ave & 103rd St,15,15,In Service,POINT (-87.607662678 41.707250368),26,Washington Hts-Roseland-Pullman
698,Cottage Grove Ave & 111th Pl,15,15,In Service,POINT (-87.610001564 41.691709758),26,Washington Hts-Roseland-Pullman
699,Vernon Ave & 107th St,15,14,In Service,POINT (-87.61225998399999 41.700121379),26,Washington Hts-Roseland-Pullman
700,Halsted St & 96th St,15,15,In Service,POINT (-87.643019557 41.719712184),26,Washington Hts-Roseland-Pullman
691,Eggleston Ave & 92nd St,15,15,In Service,POINT (-87.634828091 41.727575659),26,Washington Hts-Roseland-Pullman
702,Greenwood Ave & 91st St,15,15,In Service,POINT (-87.59729862200001 41.728264268),26,Washington Hts-Roseland-Pullman
727,Ada St & 113th St,15,15,In Service,POINT (-87.655475736 41.687561623),26,Washington Hts-Roseland-Pullman
703,Greenwood Ave & 97th St,15,15,In Service,POINT (-87.597035766 41.718703155),26,Washington Hts-Roseland-Pullman
726,Vincennes Ave & 104th St,15,15,In Service,POINT (-87.65686811 41.704925565),26,Washington Hts-Roseland-Pullman
1448642162257565286,S Wentworth Ave & W 111th St,5,5,In Service,POINT (-87.62805179999999 41.69261760000001),26,Washington Hts-Roseland-Pullman
725,Halsted St & 104th St,15,15,In Service,POINT (-87.64242410700001 41.705139789),26,Washington Hts-Roseland-Pullman
1448642175142467180,S Michigan Ave & E 118th St,6,6,In Service,POINT (-87.62084300000001 41.679804),26,Washington Hts-Roseland-Pullman
696,Indiana Ave & 103rd St,15,15,In Service,POINT (-87.61847198 41.707170271),26,Washington Hts-Roseland-Pullman
712,Wentworth Ave & 104th St,15,15,In Service,POINT (-87.62921690899999 41.705307997),26,Washington Hts-Roseland-Pullman
711,Halsted St & 111th St,15,15,In Service,POINT (-87.64261186100001 41.692262556),26,Washington Hts-Roseland-Pullman
709,Michigan Ave & 114th St,15,15,In Service,POINT (-87.621052265 41.687014795),26,Washington Hts-Roseland-Pullman
713,Major Taylor Trail & 115th St,15,15,In Service,POINT (-87.645288706 41.684931595),26,Washington Hts-Roseland-Pullman
1436495096608724634,N Clark St & W Elm St,4,4,In Service,POINT (-87.631282 41.902901),12,Near North
53,Wells St & Huron St,27,27,In Service,POINT (-87.634362 41.89472199999999),12,Near North
636,Orleans St & Hubbard St,11,11,In Service,POINT (-87.636618 41.890028),12,Near North
23,Orleans St & Elm St,15,15,In Service,POINT (-87.637715 41.902924),12,Near North
182,Wells St & Elm St,23,23,In Service,POINT (-87.63432399999999 41.903222),12,Near North
140,Dearborn Pkwy & Delaware Pl,19,19,In Service,POINT (-87.629912 41.898969),12,Near North
627,LaSalle Dr & Huron St,19,19,In Service,POINT (-87.63232600000001 41.894877),12,Near North
301,Clark St & Schiller St,19,19,In Service,POINT (-87.631501 41.907993),12,Near North
118,Sedgwick St & North Ave,19,19,In Service,POINT (-87.638677 41.911386),12,Near North
106,State St & Pearson St,27,27,In Service,POINT (-87.628722 41.897448),12,Near North
111,Sedgwick St & Huron St,27,27,In Service,POINT (-87.638437 41.894666),12,Near North
47,State St & Kinzie St,31,31,In Service,POINT (-87.62775400000001 41.889187),12,Near North
138,Clybourn Ave & Division St,15,15,In Service,POINT (-87.640552 41.904613),12,Near North
110,Dearborn St & Erie St,27,27,In Service,POINT (-87.62931800000001 41.893992),12,Near North
620,Orleans St & Chestnut St (NEXT Apts),15,15,In Service,POINT (-87.637536 41.898203),12,Near North
176,Clark St & Elm St,39,39,In Service,POINT (-87.63128 41.902973),12,Near North
125,Rush St & Hubbard St,23,23,In Service,POINT (-87.62618499999999 41.890173),12,Near North
180,Ritchie Ct & Banks St,15,15,In Service,POINT (-87.62621700000001 41.906866),12,Near North
48,Larrabee St & Kingsbury St,43,43,In Service,POINT (-87.642884 41.897764),12,Near North
199,Wabash Ave & Grand Ave,31,31,In Service,POINT (-87.626761 41.89146599999999),12,Near North
85,Michigan Ave & Oak St,23,23,In Service,POINT (-87.62377664 41.90096039),12,Near North
181,LaSalle St & Illinois St,31,31,In Service,POINT (-87.631697 41.890762),12,Near North
212,Wells St & Hubbard St,31,31,In Service,POINT (-87.634266 41.889906),12,Near North
27,Larrabee St & North Ave,19,19,In Service,POINT (-87.6435 41.91021),12,Near North
25,Michigan Ave & Pearson St,23,23,In Service,POINT (-87.62351 41.89765999999999),12,Near North
46,Wells St & Walton St,19,19,In Service,POINT (-87.63443006999999 41.89993001),12,Near North
291,Wells St & Evergreen Ave,19,19,In Service,POINT (-87.63483000000001 41.906724),12,Near North
337,Clark St & Chicago Ave,19,19,In Service,POINT (-87.63089000000001 41.89675),12,Near North
236,Sedgwick St & Schiller St,15,15,In Service,POINT (-87.638566 41.907626),12,Near North
133,Kingsbury St & Kinzie St,31,31,In Service,POINT (-87.638505772 41.889176833),12,Near North
31,Franklin St & Chicago Ave,23,23,In Service,POINT (-87.63566762200001 41.896746973),12,Near North
172,Rush St & Cedar St,11,11,In Service,POINT (-87.62769052799999 41.902308701),12,Near North
161,Rush St & Superior St,23,23,In Service,POINT (-87.62590803299999 41.895764746),12,Near North
359,Larrabee St & Division St,23,23,In Service,POINT (-87.643353494 41.90348607),12,Near North
364,Larrabee St & Oak St,19,19,In Service,POINT (-87.64298546799999 41.900219493),12,Near North
672,Franklin St & Illinois St,11,11,In Service,POINT (-87.635479867 41.89102331),12,Near North
74,Kingsbury St & Erie St,23,23,In Service,POINT (-87.641697228 41.893808056),12,Near North
642,Latrobe Ave & Chicago Ave,7,7,In Service,POINT (-87.756895 41.894745),9,Austin
530,Laramie Ave & Kinzie St,11,11,In Service,POINT (-87.755527 41.887832),9,Austin
541,Central Ave & Harrison St,11,11,In Service,POINT (-87.764499 41.872993),9,Austin
524,Austin Blvd & Chicago Ave,7,7,In Service,POINT (-87.774704 41.894887),9,Austin
544,Austin Blvd & Madison St,11,11,In Service,POINT (-87.77445300000001 41.880281),9,Austin
540,Laramie Ave & Madison St,11,11,In Service,POINT (-87.755337 41.880207),9,Austin
550,Central Ave & Chicago Ave,11,11,In Service,POINT (-87.76490200000001 41.894958),9,Austin
531,Central Ave & Lake St,11,11,In Service,POINT (-87.765469 41.887664),9,Austin
542,Central Ave & Madison St,11,11,In Service,POINT (-87.763238 41.880121),9,Austin
532,Austin Blvd & Lake St,11,11,In Service,POINT (-87.774446 41.887919),9,Austin
543,Laramie Ave & Gladys Ave,11,11,In Service,POINT (-87.755285 41.875806),9,Austin
168,Michigan Ave & 14th St,19,19,In Service,POINT (-87.623727 41.864059),16,Near South-Douglas
193,State St & 29th St,11,11,In Service,POINT (-87.626938 41.841707),16,Near South-Douglas
72,Wabash Ave & 16th St,39,39,In Service,POINT (-87.62581299999999 41.860384),16,Near South-Douglas
4,Burnham Harbor,23,23,In Service,POINT (-87.613348 41.856268),16,Near South-Douglas
179,MLK Jr Dr & Pershing Rd,15,15,In Service,POINT (-87.61678000000001 41.8246),16,Near South-Douglas
147,Indiana Ave & 26th St,15,15,In Service,POINT (-87.62248100000001 41.845687),16,Near South-Douglas
402,Shields Ave & 31st St,15,15,In Service,POINT (-87.635406 41.838464),16,Near South-Douglas
338,Calumet Ave & 18th St,15,15,In Service,POINT (-87.619407 41.857611),16,Near South-Douglas
341,Adler Planetarium,39,39,In Service,POINT (-87.60726700000001 41.866095),16,Near South-Douglas
405,Wentworth Ave & 35th St,15,15,In Service,POINT (-87.632504 41.830777),16,Near South-Douglas
218,Wells St & 19th St,11,11,In Service,POINT (-87.63387900000001 41.856802),16,Near South-Douglas
97,Field Museum,55,55,In Service,POINT (-87.617867 41.865312),16,Near South-Douglas
178,State St & 19th St,15,15,In Service,POINT (-87.62754200000001 41.856594),16,Near South-Douglas
265,Cottage Grove Ave & Oakwood Blvd,15,15,In Service,POINT (-87.6071 41.822985),16,Near South-Douglas
401,Shields Ave & 28th Pl,11,11,In Service,POINT (-87.635491 41.842733),16,Near South-Douglas
272,Indiana Ave & 31st St,11,11,In Service,POINT (-87.62185699999999 41.838842),16,Near South-Douglas
237,MLK Jr Dr & 29th St,19,19,In Service,POINT (-87.617 41.842052),16,Near South-Douglas
263,Rhodes Ave & 32nd St,11,11,In Service,POINT (-87.61353299999999 41.836208),16,Near South-Douglas
120,Wentworth Ave & Cermak Rd,19,19,In Service,POINT (-87.63193130499999 41.853084557),16,Near South-Douglas
184,State St & 35th St,19,19,In Service,POINT (-87.626797557 41.831036314),16,Near South-Douglas
148,State St & 33rd St,15,15,In Service,POINT (-87.62581299999999 41.834734),16,Near South-Douglas
150,Fort Dearborn Dr & 31st St,27,27,In Service,POINT (-87.60821800000001 41.838556),16,Near South-Douglas
335,Calumet Ave & 35th St,15,15,In Service,POINT (-87.61803399999999 41.831379),16,Near South-Douglas
42,Wabash Ave & Cermak Rd,11,11,In Service,POINT (-87.62648799999999 41.852619),16,Near South-Douglas
273,Michigan Ave & 18th St,23,23,In Service,POINT (-87.62455 41.857813),16,Near South-Douglas
149,Calumet Ave & 33rd St,11,11,In Service,POINT (-87.61793 41.8349),16,Near South-Douglas
132,Wentworth Ave & 24th St (Temp),15,15,In Service,POINT (-87.63214051700001 41.850083693),16,Near South-Douglas
370,Calumet Ave & 21st St,15,15,In Service,POINT (-87.61915374100001 41.854184249),16,Near South-Douglas
403,Wentworth Ave & 33rd St,15,15,In Service,POINT (-87.631822981 41.834529886),16,Near South-Douglas
407,State St & Pershing Rd,11,11,In Service,POINT (-87.62656801799999 41.823015238),16,Near South-Douglas
406,Lake Park Ave & 35th St,19,19,In Service,POINT (-87.608799195 41.831274235),16,Near South-Douglas
62,McCormick Place,27,27,In Service,POINT (-87.61883464899999 41.851375173),16,Near South-Douglas
75,Canal St & Jackson Blvd,47,47,In Service,POINT (-87.63936600000001 41.877245),13,Chicago Loop
414,Canal St & Taylor St,15,15,In Service,POINT (-87.63947399999999 41.870257),13,Chicago Loop
283,LaSalle St & Jackson Blvd,35,35,In Service,POINT (-87.631929 41.878166),13,Chicago Loop
73,Jefferson St & Monroe St,19,18,In Service,POINT (-87.642746 41.880422),13,Chicago Loop
100,Orleans St & Merchandise Mart Plaza,35,35,In Service,POINT (-87.63639000000001 41.888243),13,Chicago Loop
626,Delano Ct & Roosevelt Rd,19,19,In Service,POINT (-87.63219000000001 41.86749099999999),13,Chicago Loop
174,Canal St & Madison St,35,35,In Service,POINT (-87.639833 41.882091),13,Chicago Loop
169,Canal St & Harrison St,15,15,In Service,POINT (-87.639573 41.874255),13,Chicago Loop
77,Clinton St & Madison St,31,31,In Service,POINT (-87.64106600000001 41.882242),13,Chicago Loop
194,Wabash Ave & Wacker Pl,19,19,In Service,POINT (-87.62603 41.886875),13,Chicago Loop
52,Michigan Ave & Lake St,35,35,In Service,POINT (-87.624117 41.886024),13,Chicago Loop
18,Wacker Dr & Washington St,19,19,In Service,POINT (-87.637321 41.883132),13,Chicago Loop
59,Wabash Ave & Roosevelt Rd,23,23,In Service,POINT (-87.625961 41.867227),13,Chicago Loop
191,Canal St & Monroe St,27,27,In Service,POINT (-87.63953000000001 41.88169),13,Chicago Loop
164,Franklin St & Lake St,27,27,In Service,POINT (-87.63549999999999 41.885837),13,Chicago Loop
321,Wabash Ave & 9th St,19,19,In Service,POINT (-87.62573399999999 41.870769),13,Chicago Loop
192,Canal St & Adams St,47,47,In Service,POINT (-87.639904 41.879255),13,Chicago Loop
108,Halsted St & Polk St,19,19,In Service,POINT (-87.64664 41.87184),13,Chicago Loop
5,State St & Harrison St,23,23,In Service,POINT (-87.62771600000001 41.874053),13,Chicago Loop
623,Michigan Ave & 8th St,43,43,In Service,POINT (-87.623981 41.872773),13,Chicago Loop
394,Clark St & 9th St (AMLI),15,15,In Service,POINT (-87.63124599999999 41.870816),13,Chicago Loop
33,State St & Van Buren St,27,27,In Service,POINT (-87.627844 41.877181),13,Chicago Loop
98,LaSalle St & Washington St,15,15,In Service,POINT (-87.63253 41.882664),13,Chicago Loop
107,Desplaines St & Jackson Blvd,27,27,In Service,POINT (-87.64390899999999 41.878287),13,Chicago Loop
45,Michigan Ave & Ida B Wells Dr,15,15,In Service,POINT (-87.624426 41.876243),13,Chicago Loop
51,Clark St & Randolph St,39,39,In Service,POINT (-87.63188991 41.884576228),13,Chicago Loop
91,Clinton St & Washington Blvd,31,31,In Service,POINT (-87.64116999999999 41.88338),13,Chicago Loop
68,Clinton St & Tilden St,23,23,In Service,POINT (-87.640795 41.875885),13,Chicago Loop
81,Daley Center Plaza,39,39,In Service,POINT (-87.629634 41.884241),13,Chicago Loop
287,Franklin St & Monroe St,31,31,In Service,POINT (-87.63518499999999 41.880317),13,Chicago Loop
197,Michigan Ave & Madison St,19,19,In Service,POINT (-87.625125 41.882134),13,Chicago Loop
175,Wells St & Polk St,19,19,In Service,POINT (-87.63350200000001 41.872596),13,Chicago Loop
284,Michigan Ave & Jackson Blvd,23,23,In Service,POINT (-87.62408000000001 41.87785),13,Chicago Loop
90,Millennium Park,47,47,In Service,POINT (-87.62408431999999 41.8810317),13,Chicago Loop
66,Clinton St & Lake St,23,23,In Service,POINT (-87.641823 41.885637),13,Chicago Loop
624,Dearborn St & Van Buren St,15,15,In Service,POINT (-87.62915500000001 41.876268),13,Chicago Loop
103,Clinton St & Polk St,15,15,In Service,POINT (-87.64094913299999 41.87146651800001),13,Chicago Loop
286,Franklin St & Adams St (Temp),15,15,In Service,POINT (-87.63550400700001 41.879434091),13,Chicago Loop
36,Franklin St & Jackson Blvd,39,39,In Service,POINT (-87.63532114100001 41.877707956),13,Chicago Loop
37,Dearborn St & Adams St,19,19,In Service,POINT (-87.629791036 41.879356359),13,Chicago Loop
38,Clark St & Lake St,27,27,In Service,POINT (-87.630876058 41.886020828),13,Chicago Loop
39,Wabash Ave & Adams St,23,23,In Service,POINT (-87.625688606 41.879472352),13,Chicago Loop
40,LaSalle St & Adams St,15,15,In Service,POINT (-87.63198522100001 41.879344373),13,Chicago Loop
41,Federal St & Polk St,19,19,In Service,POINT (-87.62954377299999 41.872077633),13,Chicago Loop
43,Michigan Ave & Washington St,43,43,In Service,POINT (-87.624683976 41.883984065),13,Chicago Loop
44,State St & Randolph St,27,27,In Service,POINT (-87.627733569 41.884730201),13,Chicago Loop
49,Dearborn St & Monroe St,39,39,In Service,POINT (-87.629520919 41.881319815),13,Chicago Loop
50,Clark St & Ida B Wells Dr,35,35,In Service,POINT (-87.630584536 41.875932666),13,Chicago Loop
89,Financial Pl & Ida B Wells Dr,31,31,In Service,POINT (-87.63309404299999 41.875023628),13,Chicago Loop
56,Desplaines St & Kinzie St,27,27,In Service,POINT (-87.64444785299999 41.888716036),13,Chicago Loop
638,Clinton St & Jackson Blvd,23,23,In Service,POINT (-87.63983845700001 41.87811603),13,Chicago Loop
57,Clinton St & Roosevelt Rd,15,15,In Service,POINT (-87.64108795899999 41.867117783),13,Chicago Loop
96,Desplaines St & Randolph St,23,23,In Service,POINT (-87.644570585 41.88461619),13,Chicago Loop
170,Clinton St & 18th St,15,15,In Service,POINT (-87.640826 41.85795),15,Bridgeport-McKinley-Lower West
205,Paulina St & 18th St,15,15,In Service,POINT (-87.668745 41.857901),15,Bridgeport-McKinley-Lower West
207,Emerald Ave & 28th St,15,15,In Service,POINT (-87.645368 41.84358),15,Bridgeport-McKinley-Lower West
15,Racine Ave & 18th St,15,15,In Service,POINT (-87.65649499999999 41.858166),15,Bridgeport-McKinley-Lower West
645,Archer (Damen) Ave & 37th St,11,11,In Service,POINT (-87.683144 41.826712),15,Bridgeport-McKinley-Lower West
137,Morgan Ave & 14th Pl,15,15,In Service,POINT (-87.651062 41.862378),15,Bridgeport-McKinley-Lower West
14,Morgan St & 18th St,15,15,In Service,POINT (-87.651073 41.858086),15,Bridgeport-McKinley-Lower West
339,Emerald Ave & 31st St,11,11,In Service,POINT (-87.645143 41.838198),15,Bridgeport-McKinley-Lower West
274,Racine Ave & 15th St,15,15,In Service,POINT (-87.65662500000001 41.861267),15,Bridgeport-McKinley-Lower West
262,Halsted St & 37th St,11,11,In Service,POINT (-87.64572 41.82705900000001),15,Bridgeport-McKinley-Lower West
167,Damen Ave & Coulter St,7,7,In Service,POINT (-87.67564 41.8492),15,Bridgeport-McKinley-Lower West
136,Racine Ave & 13th St,15,15,In Service,POINT (-87.656959 41.865054),15,Bridgeport-McKinley-Lower West
281,Western Ave & 24th St,7,7,In Service,POINT (-87.685109 41.84847),15,Bridgeport-McKinley-Lower West
124,Damen Ave & Cullerton St,15,15,In Service,POINT (-87.67603486799999 41.854902589),15,Bridgeport-McKinley-Lower West
279,Halsted St & 35th St,15,15,In Service,POINT (-87.647172 41.830661),15,Bridgeport-McKinley-Lower West
546,Damen Ave & Pershing Rd,11,11,In Service,POINT (-87.676597 41.823192),15,Bridgeport-McKinley-Lower West
202,Halsted St & 18th St,15,15,In Service,POINT (-87.646277 41.857499),15,Bridgeport-McKinley-Lower West
548,Morgan St & Pershing Rd,7,7,In Service,POINT (-87.650931 41.823613),15,Bridgeport-McKinley-Lower West
275,Ashland Ave & 13th St,15,15,In Service,POINT (-87.666507 41.865234),15,Bridgeport-McKinley-Lower West
209,Normal Ave & Archer Ave,11,11,In Service,POINT (-87.640591 41.849527),15,Bridgeport-McKinley-Lower West
171,May St & Cullerton St,11,11,In Service,POINT (-87.654127 41.855136),15,Bridgeport-McKinley-Lower West
129,Blue Island Ave & 18th St,15,15,In Service,POINT (-87.661535 41.857556),15,Bridgeport-McKinley-Lower West
282,Halsted St & Maxwell St,15,15,In Service,POINT (-87.647071 41.864883),15,Bridgeport-McKinley-Lower West
278,Wallace St & 35th St,15,15,In Service,POINT (-87.64129 41.83062899999999),15,Bridgeport-McKinley-Lower West
206,Halsted St & Archer Ave,15,15,In Service,POINT (-87.646795 41.847203),15,Bridgeport-McKinley-Lower West
135,Halsted St & 21st St,11,11,In Service,POINT (-87.64664999999999 41.85378),15,Bridgeport-McKinley-Lower West
547,Ashland Ave & Pershing Rd,11,11,In Service,POINT (-87.665577 41.823465),15,Bridgeport-McKinley-Lower West
280,Morgan St & 31st St,11,11,In Service,POINT (-87.65114 41.8378),15,Bridgeport-McKinley-Lower West
208,Laflin St & Cullerton St,15,15,In Service,POINT (-87.66355991399999 41.854914576),15,Bridgeport-McKinley-Lower West
366,Loomis St & Archer Ave,11,11,In Service,POINT (-87.65743495299999 41.84163254),15,Bridgeport-McKinley-Lower West
367,Racine Ave & 35th St,15,15,In Service,POINT (-87.655975912 41.830696113),15,Bridgeport-McKinley-Lower West
368,Ashland Ave & Archer Ave,15,15,In Service,POINT (-87.665609859 41.839208684),15,Bridgeport-McKinley-Lower West
369,Wood St & 35th St,11,11,In Service,POINT (-87.670298309 41.830104654),15,Bridgeport-McKinley-Lower West
446,Western Ave & 28th St,11,11,In Service,POINT (-87.68513144100001 41.841517708),15,Bridgeport-McKinley-Lower West
9,Leavitt St & Archer Ave,15,15,In Service,POINT (-87.68060445899999 41.82879202),15,Bridgeport-McKinley-Lower West
450,Warren Park West,11,11,In Service,POINT (-87.688829 42.001785),1,Rogers Park - West Ridge
525,Glenwood Ave & Touhy Ave,15,15,In Service,POINT (-87.66605799999999 42.012701),1,Rogers Park - West Ridge
662,Dodge Ave & Mulford St,15,15,In Service,POINT (-87.699595 42.023463),1,Rogers Park - West Ridge
520,Greenview Ave & Jarvis Ave,19,19,In Service,POINT (-87.66856999999999 42.015962),1,Rogers Park - West Ridge
517,Clark St & Jarvis Ave,11,11,In Service,POINT (-87.675005 42.015963),1,Rogers Park - West Ridge
432,Clark St & Lunt Ave,19,19,In Service,POINT (-87.67419 42.009074),1,Rogers Park - West Ridge
527,Western Ave & Howard St,15,15,In Service,POINT (-87.690048 42.018901),1,Rogers Park - West Ridge
660,Sheridan Rd & Columbia Ave,15,15,In Service,POINT (-87.661406 42.004583),1,Rogers Park - West Ridge
514,Ridge Blvd & Howard St,11,11,In Service,POINT (-87.68451999999999 42.019276),1,Rogers Park - West Ridge
598,Elmwood Ave & Austin St,15,15,In Service,POINT (-87.684107 42.025784),1,Rogers Park - West Ridge
526,Oakley Ave & Touhy Ave,11,11,In Service,POINT (-87.688243 42.012342),1,Rogers Park - West Ridge
519,Wolcott Ave & Fargo Ave,11,11,In Service,POINT (-87.677725 42.016977),1,Rogers Park - West Ridge
522,Bosworth Ave & Howard St,11,11,In Service,POINT (-87.669563 42.019537),1,Rogers Park - West Ridge
515,Paulina St & Howard St,19,19,In Service,POINT (-87.673573 42.019159),1,Rogers Park - West Ridge
353,Clark St & Touhy Ave,15,15,In Service,POINT (-87.674367115 42.012560115),1,Rogers Park - West Ridge
354,Sheridan Rd & Greenleaf Ave,15,15,In Service,POINT (-87.66241209499999 42.010586563),1,Rogers Park - West Ridge
447,Glenwood Ave & Morse Ave,15,15,In Service,POINT (-87.665502394 42.007971923),1,Rogers Park - West Ridge
448,Warren Park East,11,11,In Service,POINT (-87.680666145 42.004549622),1,Rogers Park - West Ridge
449,Clark St & Columbia Ave,15,15,In Service,POINT (-87.672402405 42.004450629),1,Rogers Park - West Ridge
451,Sheridan Rd & Loyola Ave,23,23,In Service,POINT (-87.66119824299999 42.00104378),1,Rogers Park - West Ridge
453,Clark St & Schreiber Ave,15,15,In Service,POINT (-87.671377339 41.999251822),1,Rogers Park - West Ridge
467,Western Ave & Lunt Ave,15,15,In Service,POINT (-87.69049223899999 42.008594397),1,Rogers Park - West Ridge
466,Ridge Blvd & Touhy Ave,11,11,In Service,POINT (-87.682912644 42.012132277),1,Rogers Park - West Ridge
523,Eastlake Ter & Rogers Ave,15,15,In Service,POINT (-87.66505792700001 42.020887281),1,Rogers Park - West Ridge
203,Western Ave & 21st St,15,15,In Service,POINT (-87.685838 41.854109),14,Lawndale N/S
440,Central Park Ave & 24th St,11,11,In Service,POINT (-87.715068 41.8481),14,Lawndale N/S
437,Washtenaw Ave & Ogden Ave,15,15,In Service,POINT (-87.693450451 41.861930493),14,Lawndale N/S
348,California Ave & 21st St,15,15,In Service,POINT (-87.695742399 41.853804066),14,Lawndale N/S
438,Central Park Ave & Ogden Ave,15,15,In Service,POINT (-87.715117335 41.854063504),14,Lawndale N/S
439,Kedzie Ave & 21st St,11,11,In Service,POINT (-87.705073032 41.853533632),14,Lawndale N/S
441,Kedzie Ave & 24th St,11,11,In Service,POINT (-87.705413746 41.848190945),14,Lawndale N/S
442,California Ave & 23rd Pl,11,11,In Service,POINT (-87.695139807 41.849109692),14,Lawndale N/S
444,Albany Ave & 26th St,11,11,In Service,POINT (-87.702013013 41.844475014),14,Lawndale N/S
443,Millard Ave & 26th St,7,7,In Service,POINT (-87.71607220200001 41.8445571),14,Lawndale N/S
445,California Ave & 26th St,11,11,In Service,POINT (-87.69529592299999 41.844040031),14,Lawndale N/S
589,Milwaukee Ave & Cuyler Ave,11,11,In Service,POINT (-87.74959399999999 41.954468),5,Dunning-Portage-Belmont Cragn
