End Station Key,Station Name (Dim Station1),Station Geometry (Dim Station1),Morning,Afternoon,Evening,Night
2,Dauphin Ave & 103rd St,POINT (-87.607662678 41.707250368),,8,5,5
3,Cottage Grove Ave & 111th Pl,POINT (-87.610001564 41.691709758),3,13,11,3
4,Vernon Ave & 107th St,POINT (-87.61225998399999 41.700121379),2,9,20,
5,Halsted St & 96th St,POINT (-87.643019557 41.719712184),6,8,10,2
6,Greenwood Ave & 97th St,POINT (-87.597035766 41.718703155),4,10,40,7
8,Halsted St & 104th St,POINT (-87.64242410700001 41.705139789),,5,7,2
10,Indiana Ave & 103rd St,POINT (-87.61847198 41.707170271),10,8,33,10
11,State St & 123rd St,POINT (-87.622586489 41.670643837),2,1,3,2
12,Wentworth Ave & 104th St,POINT (-87.62921690899999 41.705307997),3,2,5,3
13,Michigan Ave & 114th St,POINT (-87.621052265 41.687014795),4,4,7,6
14,Eberhart Ave & 131st St,POINT (-87.610710897 41.658413151),1,5,9,
15,Stewart Ave & 83rd St,POINT (-87.63408800000001 41.743717),13,18,8,7
16,Prospect Sq & 91st St,POINT (-87.66752390000001 41.7282338),20,58,42,4
17,Ashland Ave & 78th St,POINT (-87.663699389 41.752204849),15,15,14,27
18,Halsted St & 78th St,POINT (-87.64390215700001 41.752487012),7,2,16,18
19,Loomis Blvd & 84th St,POINT (-87.65841007200001 41.741486529),16,25,34,10
20,Summit Ave & 86th St,POINT (-87.64489978600001 41.737848477),4,19,18,6
21,Elizabeth St & 92nd St,POINT (-87.654290199 41.726798964),12,40,40,18
22,Eggleston Ave & 92nd St,POINT (-87.634828091 41.727575659),10,13,24,4
23,Vincennes Ave & 75th St,POINT (-87.63121 41.75797),13,21,12,10
24,Shedd Aquarium,POINT (-87.61535539 41.867225957),1680,4546,2551,341
25,Michigan Ave & 14th St,POINT (-87.623727 41.864059),1393,2607,3353,675
26,Indiana Ave & Roosevelt Rd,POINT (-87.623041 41.867888),2570,6401,8290,1673
27,Wabash Ave & 16th St,POINT (-87.62581299999999 41.860384),988,2014,2295,371
28,Delano Ct & Roosevelt Rd,POINT (-87.63219000000001 41.86749099999999),596,1274,1413,206
29,Adler Planetarium,POINT (-87.60726700000001 41.866095),1653,3835,4116,361
30,Wabash Ave & Roosevelt Rd,POINT (-87.625961 41.867227),2792,5351,6818,1962
31,Wabash Ave & 9th St,POINT (-87.62573399999999 41.870769),1453,3336,4387,1910
32,Field Museum,POINT (-87.617867 41.865312),508,920,666,233
33,State St & Harrison St,POINT (-87.62771600000001 41.874053),738,1342,1853,1015
34,Michigan Ave & 8th St,POINT (-87.623981 41.872773),1180,2941,3863,2373
35,Clark St & 9th St (AMLI),POINT (-87.63124599999999 41.870816),482,1123,1552,312
36,Michigan Ave & Ida B Wells Dr,POINT (-87.624426 41.876243),550,931,999,1008
37,Wells St & Polk St,POINT (-87.63350200000001 41.872596),987,2082,2665,640
38,Dearborn St & Van Buren St,POINT (-87.62915500000001 41.876268),584,953,1084,407
39,Buckingham Fountain,POINT (-87.62054800999999 41.876511229),1089,3129,4066,1617
40,Federal St & Polk St,POINT (-87.62954377299999 41.872077633),1561,3604,4111,686
41,Clark St & Ida B Wells Dr,POINT (-87.630584536 41.875932666),832,795,704,222
42,Financial Pl & Ida B Wells Dr,POINT (-87.63309404299999 41.875023628),696,1001,1152,324
43,Clark St & Elmdale Ave,POINT (-87.66983360100001 41.990517556),398,773,757,256
44,Broadway & Ridge Ave,POINT (-87.66027382899999 41.984044611),708,1783,1704,481
45,Clark St & Bryn Mawr Ave,POINT (-87.66915400000001 41.983593),846,1644,1472,220
46,Broadway & Thorndale Ave,POINT (-87.66014062100001 41.989742511),607,1594,1828,315
47,Lakefront Trail & Bryn Mawr Ave,POINT (-87.652310469 41.984036696),2509,5467,5207,473
48,Broadway & Granville Ave,POINT (-87.660284535 41.994779688),901,2199,2317,424
49,Damen Ave & Walnut (Lake) St,POINT (-87.677009 41.885951),348,445,256,34
50,Kedzie Ave & Chicago Ave,POINT (-87.706127884 41.895465303),182,324,312,97
51,Smith Park,POINT (-87.689397 41.892048),215,477,434,55
52,Western Ave & Fillmore St,POINT (-87.686234 41.868563),239,531,977,356
53,Damen Ave & Chicago Ave,POINT (-87.67721999999999 41.895769),1133,2463,2690,380
54,Damen Ave & Madison St,POINT (-87.67493 41.88137),292,368,407,156
55,Ashland Ave & Lake St,POINT (-87.66717 41.88592),439,729,780,107
56,Wood St & Taylor St (Temp),POINT (-87.67373085 41.869265218),1969,732,403,148
57,Leavitt St & Chicago Ave,POINT (-87.682017 41.895501),323,993,1389,195
58,Fairfield Ave & Roosevelt Rd,POINT (-87.69452099999999 41.866624),62,92,141,96
59,Hermitage Ave & Polk St,POINT (-87.66988600000001 41.871514),1734,592,315,143
60,Wolcott Ave & Polk St,POINT (-87.673688 41.871262),2783,1087,671,242
61,Paulina St & Flournoy St,POINT (-87.66913000000001 41.87295),2620,725,337,207
62,Ogden Ave & Congress Pkwy,POINT (-87.67328000000001 41.87501),546,199,147,105
63,Malcolm X College,POINT (-87.673895 41.877618),226,114,171,75
64,California Ave & Lake St,POINT (-87.69629813700001 41.884453957),105,178,181,40
65,Sacramento Blvd & Franklin Blvd,POINT (-87.70260751200001 41.890468792),174,96,74,13
66,Western Ave & Monroe St,POINT (-87.68611280799999 41.879787709),222,546,764,116
67,Artesian Ave & Hubbard St,POINT (-87.68821936499999 41.88949182),301,551,432,98
68,Western Ave & Congress Pkwy,POINT (-87.686445276 41.874748851),298,603,853,201
69,Kedzie Ave & Harrison St,POINT (-87.70487074899999 41.873599675),26,92,50,20
70,Ashland Ave & 74th St,POINT (-87.663474083 41.759236024),1,9,12,1
71,Ashland Ave & 66th St,POINT (-87.663815 41.774074),4,8,15,15
72,Damen Ave & 59th St,POINT (-87.67416700000001 41.78602),8,25,37,58
73,Ashland Ave & Garfield Blvd,POINT (-87.664429 41.79282199999999),17,45,41,6
74,Marshfield Ave & 59th St,POINT (-87.66621500000001 41.786833),5,8,5,3
75,Ashland Ave & 63rd St,POINT (-87.664843 41.779374),15,20,34,13
76,Elizabeth St & 59th St,POINT (-87.65585899999999 41.786691),9,12,5,2
77,Stewart Ave & 63rd St,POINT (-87.63477399999999 41.779835),15,23,16,11
78,Carpenter St & 63rd St,POINT (-87.65091899999999 41.77987),4,8,4,2
79,Eggleston Ave & 69th St,POINT (-87.635876 41.768898),16,20,37,22
80,Halsted St & 73rd St,POINT (-87.64416097700001 41.761605438),6,11,7,11
81,May St & 69th St,POINT (-87.652934 41.768938),9,18,16,5
82,Racine Ave & 65th St,POINT (-87.654308 41.775393),5,16,27,12
83,Halsted St & 59th St,POINT (-87.644874 41.787539),10,16,23,12
84,Racine Ave & 61st St,POINT (-87.654372 41.783189),1,6,9,1
85,Halsted St & 56th St,POINT (-87.644990057 41.792929646),14,12,23,16
86,Halsted St & 63rd St,POINT (-87.644620815 41.779381142),33,76,43,42
87,Wentworth Ave & 63rd St,POINT (-87.629746305 41.780079633),37,30,40,15
88,Halsted St & 69th St,POINT (-87.64461357799999 41.76906172),8,25,20,15
89,Perry Ave & 69th St,POINT (-87.628195929 41.76929309),40,40,30,21
90,Oglesby Ave & 100th St,POINT (-87.565841675 41.713397484),4,15,17,10
92,East End Ave & 87th St,POINT (-87.58280128200001 41.736815214),18,12,8,6
93,Baltimore Ave & 87th St,POINT (-87.54851460499999 41.7373356),9,22,27,5
94,Ewing Ave & Burnham Greenway,POINT (-87.53481388100001 41.712748761),,6,4,
95,Houston Ave & 92nd St,POINT (-87.549700141 41.728204215),11,28,19,8
96,Big Marsh Park,POINT (-87.573823929 41.685877056),7,14,12,
97,Marquette Ave & 89th St,POINT (-87.55834221799999 41.733668791),14,12,10,3
98,Bradley Park,POINT (-87.564591765 41.717878302),1,,3,
99,Torrence Ave & 106th St,POINT (-87.559726238 41.70280085),1,5,5,
100,Clyde Ave & 87th St,POINT (-87.57274031600001 41.737151464),1,4,2,1
101,Constance Ave & 95th St,POINT (-87.578968406 41.722290741),1,7,8,4
102,Avenue O & 118th St,POINT (-87.53793122299999 41.681001459),,2,3,1
103,Burnham Greenway & 105th St,POINT (-87.52823174 41.70457508699999),,16,4,1
104,Phillips Ave & 83rd St,POINT (-87.56506 41.744531),44,61,61,12
105,Exchange Ave & 79th St,POINT (-87.552812 41.751731),24,44,68,20
106,Stony Island Ave & South Chicago Ave,POINT (-87.585337 41.751173),38,34,35,25
107,South Chicago Ave & 83rd St,POINT (-87.575225 41.743921),7,25,21,4
108,South Chicago Ave & Elliot Ave,POINT (-87.580046 41.747363),2,7,9,5
109,Commercial Ave & 83rd St,POINT (-87.551208 41.744615),38,90,73,16
110,State St & 54th St,POINT (-87.625923 41.796642),52,46,46,22
111,Union Ave & Root St,POINT (-87.64327800000001 41.819102),111,139,148,71
112,Racine Ave & Garfield Blvd,POINT (-87.655073 41.794228),43,69,113,21
113,Western Blvd & 48th Pl,POINT (-87.683392 41.805661),111,65,82,24
114,Elizabeth St & 47th St,POINT (-87.656526 41.80839),19,16,18,20
115,Archer (Damen) Ave & 37th St,POINT (-87.683144 41.826712),92,203,226,41
116,Damen Ave & 51st St,POINT (-87.674684 41.800908),8,16,37,14
117,Throop St & 52nd St,POINT (-87.657195 41.79965900000001),13,35,26,3
118,Princeton Ave & Garfield Blvd,POINT (-87.633124 41.794982),15,57,55,28
119,Halsted St & 37th St,POINT (-87.64572 41.82705900000001),53,140,268,48
120,Wentworth Ave & 35th St,POINT (-87.632504 41.830777),80,139,100,60
121,Marshfield Ave & 44th St,POINT (-87.666589 41.813996),38,43,47,13
122,Halsted St & 35th St,POINT (-87.647172 41.830661),163,378,386,75
123,Damen Ave & Pershing Rd,POINT (-87.676597 41.823192),123,161,202,20
124,Seeley Ave & Garfield Blvd,POINT (-87.675478 41.794087),8,37,21,21
125,Morgan St & Pershing Rd,POINT (-87.650931 41.823613),35,62,16,4
126,Hoyne Ave & 47th St,POINT (-87.67718000000001 41.808227),55,89,40,33
127,Wallace St & 35th St,POINT (-87.64129 41.83062899999999),172,336,461,94
128,Ashland Ave & McDowell Ave,POINT (-87.66454 41.80887),18,74,58,12
129,Ashland Ave & 50th St,POINT (-87.664699 41.803023),12,29,34,32
130,Ashland Ave & Pershing Rd,POINT (-87.665577 41.823465),32,88,59,19
131,Wood St & 35th St,POINT (-87.670298309 41.830104654),64,220,234,68
132,Halsted St & 51st St,POINT (-87.645213904 41.80183164),9,28,41,15
133,State St & Pershing Rd,POINT (-87.62656801799999 41.823015238),55,114,113,16
134,Shields Ave & 43rd St,POINT (-87.63481935 41.816207679),4,10,10,4
135,Halsted St & 47th Pl,POINT (-87.645616554 41.808133915),75,144,151,49
136,Princeton Ave & 47th St,POINT (-87.63344928799999 41.809317709),54,85,74,25
137,Leavitt St & Archer Ave,POINT (-87.68060445899999 41.82879202),76,155,203,102
138,Eberhart Ave & 91st St,POINT (-87.611829489 41.729267142),10,41,29,3
139,Michigan Ave & 71st St,POINT (-87.621748 41.765286),11,27,27,27
140,State St & 95th St,POINT (-87.62285440000001 41.7218499),9,24,7,11
141,Dauphin Ave & 87th St,POINT (-87.60125756299999 41.73655902300001),8,4,3,6
142,Greenwood Ave & 91st St,POINT (-87.59729862200001 41.728264268),4,8,11,1
143,Stony Island Ave & 90th St,POINT (-87.585743666 41.73139494300001),1,9,7,6
144,Wabash Ave & 83rd St,POINT (-87.622849 41.743316),26,43,36,5
145,Ellis Ave & 83rd St,POINT (-87.599034 41.74412299999999),29,32,41,9
146,Wabash Ave & 87th St,POINT (-87.62263399999999 41.736646),61,67,62,10
147,Vernon Ave & 79th St,POINT (-87.61379000000001 41.75094),33,25,22,8
148,MLK Jr Dr & 83rd St,POINT (-87.6148 41.743116),47,19,17,6
149,Cottage Grove Ave & 78th St,POINT (-87.605026 41.753174),104,49,25,21
150,Greenwood Ave & 79th St,POINT (-87.59755200000001 41.751294),25,51,48,62
151,Vernon Ave & 75th St,POINT (-87.614138 41.758361),29,39,50,19
152,Stony Island Ave & 82nd St,POINT (-87.586005 41.746559),34,38,62,15
153,Evans Ave & 75th St,POINT (-87.60641 41.75849),21,40,19,18
154,Cottage Grove Ave & 83rd St,POINT (-87.60483599999999 41.743441),56,64,46,42
155,Cottage Grove Ave & 71st St,POINT (-87.60495971299999 41.765719037),10,23,13,11
156,Woodlawn Ave & 75th St,POINT (-87.59575100000001 41.75915999999999),16,10,18,4
157,State St & 79th St,POINT (-87.624424 41.750794),50,39,35,48
158,State St & 76th St,POINT (-87.62462099999999 41.756971),5,13,10,8
159,Stony Island Ave & 75th St,POINT (-87.586882871 41.75866967),48,95,111,29
160,Calumet Ave & 71st St,POINT (-87.616917925 41.765508006),39,34,36,29
161,Ellis Ave & 53rd St,POINT (-87.600958115 41.799336263),367,983,1162,198
162,Lake Park Ave & 53rd St,POINT (-87.586449896 41.799494294),556,1435,1459,253
163,Kimbark Ave & 53rd St,POINT (-87.594747 41.799568),901,2068,2304,295
164,Prairie Ave & Garfield Blvd,POINT (-87.618691 41.794853),87,160,113,36
165,Cottage Grove Ave & 51st St,POINT (-87.60661500000001 41.803038),209,442,542,125
166,Lake Park Ave & 47th St,POINT (-87.591875 41.809443),418,704,740,119
167,Cornell Ave & Hyde Park Blvd,POINT (-87.586924 41.802406),689,1960,2344,333
168,Woodlawn Ave & 55th St,POINT (-87.59647099999999 41.795264),404,953,840,207
169,Blackstone Ave & Hyde Park Blvd,POINT (-87.59036800000001 41.802562),448,1108,1509,292
170,Dorchester Ave & 49th St,POINT (-87.59246400000001 41.805772),148,326,321,27
171,Calumet Ave & 51st St,POINT (-87.61805357999999 41.802294651),140,260,242,51
172,Hoyne Ave & Balmoral Ave,POINT (-87.68193199999999 41.979851),84,438,351,23
173,Damen Ave & Sunnyside Ave,POINT (-87.67925799999999 41.96325),413,716,736,132
174,Lincoln Ave & Sunnyside Ave,POINT (-87.684781 41.963004),523,1464,1315,149
175,Washtenaw Ave & Lawrence Ave,POINT (-87.696027 41.968987),300,747,803,98
176,Kedzie Ave & Foster Ave,POINT (-87.709261 41.975672),113,354,353,83
177,Manor Ave & Leland Ave,POINT (-87.70082499999999 41.965875),235,479,463,60
178,Leavitt St & Lawrence Ave,POINT (-87.68400099999999 41.968885),305,591,713,129
179,Western Ave & Leland Ave,POINT (-87.688418627 41.966494532),719,1551,1288,230
180,Francisco Ave & Foster Ave,POINT (-87.70141943899999 41.975632725),272,705,526,77
181,Damen Ave & Foster Ave,POINT (-87.67945903899999 41.975614805),364,1089,1137,205
182,St. Louis Ave & Balmoral Ave,POINT (-87.716114961 41.980394235),149,264,229,27
183,Lincoln Ave & Winona St,POINT (-87.69250255899999 41.974911297),223,636,634,92
184,Christiana Ave & Lawrence Ave,POINT (-87.711830667 41.968354494),192,357,381,139
185,Kedzie Ave & Leland Ave,POINT (-87.708051981 41.966686362),185,434,342,98
186,Rockwell St & Eastwood Ave,POINT (-87.693638494 41.96590014),260,587,565,149
187,Campbell Ave & Montrose Ave,POINT (-87.691165041 41.961525933),225,652,752,148
188,Kedzie Ave & Bryn Mawr Ave,POINT (-87.70892252 41.982397085),104,361,280,38
189,Drake Ave & Montrose Ave,POINT (-87.71656907299999 41.961154076),89,254,321,64
190,Central Park Ave & Bloomingdale Ave,POINT (-87.71675500000001 41.91416599999999),284,627,656,123
191,California Ave & Altgeld St,POINT (-87.69766800000001 41.92669),362,940,1166,266
192,California Ave & Milwaukee Ave,POINT (-87.697153 41.922695),798,2199,2511,487
193,Kedzie Ave & Milwaukee Ave,POINT (-87.70785699999999 41.929567),1263,2936,2768,594
194,Leavitt St & North Ave,POINT (-87.68238902100001 41.910509367),546,1272,1419,280
195,Damen Ave & Charleston St,POINT (-87.67785500000001 41.920082),546,1065,1350,270
196,Western Ave & Winnebago Ave,POINT (-87.687022 41.91552),973,1583,1970,394
197,Stave St & Armitage Ave,POINT (-87.69139200000001 41.917741),334,958,1114,201
198,Milwaukee Ave & Rockwell St,POINT (-87.69265919899999 41.920195562),381,1081,1094,191
199,Kedzie Ave & Palmer Ct,POINT (-87.70732199999999 41.921525),468,1135,1295,257
200,California Ave & North Ave,POINT (-87.6972 41.91044),429,1073,1223,215
201,Leavitt St & Armitage Ave,POINT (-87.68243699999999 41.917805),488,1072,1365,317
202,Campbell Ave & North Ave,POINT (-87.68955600000001 41.910535),494,1064,1480,336
203,Logan Blvd & Elston Ave,POINT (-87.684158 41.929465),698,1771,1278,154
204,Milwaukee Ave & Wabansia Ave,POINT (-87.681391 41.912616),1443,2968,2845,424
205,California Ave & Francis Pl (Temp),POINT (-87.69742280200001 41.918491154),413,875,1078,236
206,Kosciuszko Park,POINT (-87.723777364 41.930585371),188,607,761,205
207,Campbell Ave & Fullerton Ave,POINT (-87.68930700600001 41.924632472),400,824,1075,252
208,Spaulding Ave & Armitage Ave,POINT (-87.710220963 41.917108035),314,647,839,180
209,Humboldt Blvd & Armitage Ave,POINT (-87.701808955 41.917513394),542,1220,1574,299
210,St. Louis Ave & Fullerton Ave,POINT (-87.71449506299999 41.924815597),253,911,1060,204
211,Richmond St & Diversey Ave,POINT (-87.70119513 41.931901969),205,547,622,117
212,Albany Ave & Bloomingdale Ave,POINT (-87.70512646200001 41.914026713),293,727,751,229
213,Dorchester Ave & 63rd St,POINT (-87.591415989 41.780405646),135,272,276,87
214,Lake Park Ave & 56th St,POINT (-87.58778199999999 41.793242),612,1280,1456,298
215,Shore Dr & 55th St,POINT (-87.580715 41.795212),1580,3395,3485,639
216,Rhodes Ave & 71st St,POINT (-87.611726 41.76600000000001),7,8,16,3
217,University Ave & 57th St,POINT (-87.599861 41.79147800000001),1412,1507,808,282
218,Cottage Grove Ave & 67th St,POINT (-87.60563486 41.773720952),58,79,79,11
219,Ellis Ave & 58th St,POINT (-87.60133399999999 41.788746),1406,738,247,115
220,Stony Island Ave & 64th St,POINT (-87.586647 41.778881),57,107,133,49
221,63rd St Beach,POINT (-87.57611976 41.781016372),475,864,679,84
222,Stony Island Ave & 71st St,POINT (-87.586460878 41.766492937),48,108,128,70
223,Ellis Ave & 55th St,POINT (-87.601449773 41.794300621),727,951,643,162
224,Cottage Grove Ave & 63rd St,POINT (-87.60583609299999 41.780600945),69,137,173,44
225,DuSable Museum,POINT (-87.60785217700001 41.791568011),205,221,134,32
226,Eberhart Ave & 61st St,POINT (-87.61330783 41.784141693),97,126,160,45
227,Harper Ave & 59th St,POINT (-87.58831517 41.787942813),245,567,443,156
228,Ellis Ave & 60th St,POINT (-87.601072761 41.785097146),491,1078,1284,312
229,MLK Jr Dr & 56th St,POINT (-87.615853262 41.79342945699999),76,107,136,23
230,MLK Jr Dr & 63rd St,POINT (-87.61594285700001 41.780080637),35,79,75,61
231,Museum of Science and Industry,POINT (-87.58394500899999 41.79172821),493,1182,941,115
233,Damen Ave & Clybourn Ave,POINT (-87.67785600000001 41.931931),698,1181,1010,181
234,Clark St & Armitage Ave,POINT (-87.63628199999999 41.918306),3146,5871,6991,1342
235,Clark St & Drummond Pl,POINT (-87.644336 41.931248),2609,4864,5008,1039
236,Clark St & North Ave,POINT (-87.63194200000001 41.911974),1591,3218,3964,564
237,Larrabee St & Webster Ave,POINT (-87.64414000000001 41.921822),2837,5786,6750,1023
238,Halsted St & Dickens Ave,POINT (-87.64883 41.919936),2110,3553,3999,510
239,Sedgwick St & Webster Ave,POINT (-87.63888799999999 41.922167),1313,2567,3288,582
240,Sheffield Ave & Wrightwood Ave,POINT (-87.65383299999999 41.928712),1357,2973,4074,853
241,Racine Ave & Wrightwood Ave,POINT (-87.65897099999999 41.928887),687,1386,1649,342
242,Wells St & Concord Ln,POINT (-87.63465600000001 41.912133),3860,6515,7596,1382
243,Lake Shore Dr & North Blvd,POINT (-87.62680400000001 41.911722),3824,9152,9164,982
244,Lincoln Ave & Fullerton Ave,POINT (-87.64926 41.925905),2431,4289,4961,1030
245,Clifton Ave & Armitage Ave,POINT (-87.656936 41.91821599999999),1284,1951,2281,495
246,Halsted St & Wrightwood Ave,POINT (-87.64907700000001 41.929143),1462,3012,3978,860
247,Lincoln Ave & Diversey Pkwy,POINT (-87.65861700000001 41.932225),1666,2290,2901,578
248,Sedgwick St & North Ave,POINT (-87.638677 41.911386),1208,2607,3409,583
249,Southport Ave & Wrightwood Ave,POINT (-87.66391299999999 41.928773),993,1755,2417,428
250,Lakeview Ave & Fullerton Pkwy,POINT (-87.63897299999999 41.92585800000001),2458,5320,6239,1121
251,Lake Shore Dr & Diversey Pkwy,POINT (-87.636427 41.932588),2396,5720,6142,885
252,Theater on the Lake,POINT (-87.63083399999999 41.926277),4171,12382,8980,888
253,Bissell St & Armitage Ave,POINT (-87.65222 41.91844),2214,4248,4693,977
254,Ashland Ave & Wrightwood Ave,POINT (-87.66850699999999 41.92883),649,1242,1718,367
255,Halsted St & Willow St,POINT (-87.64875500000001 41.913865),1157,2073,2535,500
256,Sheffield Ave & Willow St,POINT (-87.652855 41.913688),1424,2994,2976,520
257,Larrabee St & Menomonee St,POINT (-87.64331999999999 41.91468),559,1002,1323,217
258,Sheffield Ave & Webster Ave,POINT (-87.653818 41.92154),1512,3229,3994,899
259,Clark St & Wrightwood Ave,POINT (-87.643118 41.929546),2723,4639,4859,982
260,Stockton Dr & Wrightwood Ave,POINT (-87.63874200000001 41.93132),2051,4858,5365,841
261,Clark St & Lincoln Ave,POINT (-87.63460000000001 41.915689),3653,5776,7235,1242
262,Larrabee St & Armitage Ave,POINT (-87.643749 41.918084),1006,2028,2470,486
263,Greenview Ave & Fullerton Ave,POINT (-87.6658 41.92533),1344,2175,2431,640
264,Southport Ave & Clybourn Ave,POINT (-87.663712 41.920771),926,1316,1283,256
265,Wilton Ave & Diversey Pkwy,POINT (-87.65270500000001 41.932418),1808,2712,3361,849
266,Racine Ave & Fullerton Ave,POINT (-87.65840426 41.92556258),1310,1913,2299,667
267,Cannon Dr & Fullerton Ave,POINT (-87.634428785 41.926755988),960,2490,2234,508
268,Winchester Ave & Elston Ave,POINT (-87.67646007499999 41.92409085),509,773,711,135
269,Sheffield Ave & Fullerton Ave,POINT (-87.65370804200001 41.925601882),1284,2033,1977,518
270,Lincoln Park Conservatory,POINT (-87.635824531 41.923931311),1309,3584,3333,802
272,Clark St & Newport St,POINT (-87.654678 41.94454),1215,2970,3941,973
273,Southport Ave & Belmont Ave,POINT (-87.663747668 41.93947775),1012,1788,2245,651
274,Broadway & Barry Ave,POINT (-87.644097805 41.937582316),3320,6736,7350,1345
275,Lake Shore Dr & Belmont Ave,POINT (-87.63919200000001 41.940775),2473,5917,6039,1016
276,Broadway & Belmont Ave,POINT (-87.64545099999999 41.940106),1581,3694,4150,1043
277,Broadway & Cornelia Ave,POINT (-87.646439 41.945529),2034,4652,5869,1364
278,Wilton Ave & Belmont Ave,POINT (-87.65304 41.94018),2521,4673,5829,1160
279,Sheffield Ave & Wellington Ave,POINT (-87.65266200000001 41.936266),2242,3233,4545,973
280,Halsted St & Roscoe St,POINT (-87.64895 41.94367),1837,4435,5202,1267
281,Lincoln Ave & Addison St,POINT (-87.67330799999999 41.946176),339,776,804,163
282,Lincoln Ave & Roscoe St,POINT (-87.67097 41.94334),1349,2167,2401,536
283,Ashland Ave & Wellington Ave,POINT (-87.66980699999999 41.936083),699,1381,1285,245
284,Lincoln Ave & Belmont Ave,POINT (-87.668385 41.939365),1305,2224,2082,382
285,Southport Ave & Roscoe St,POINT (-87.66401999999999 41.943739),1862,4000,4544,881
286,Burling St & Diversey Pkwy,POINT (-87.64775999999999 41.93314),1470,3143,3546,439
287,Southport Ave & Wellington Ave,POINT (-87.66357600000001 41.935733),1430,2118,2667,611
288,Racine Ave & Belmont Ave,POINT (-87.65886500000001 41.939743),1206,2284,3171,717
289,Clark St & Wellington Ave,POINT (-87.64753865799999 41.936496822),2088,4518,4630,938
290,Greenview Ave & Diversey Pkwy,POINT (-87.665936351 41.932589634),514,1022,1385,298
291,Lake Shore Dr & Wellington Ave,POINT (-87.63682901899999 41.936688449),3045,7066,7021,871
292,Bernard St & Elston Ave,POINT (-87.713949 41.949923),75,153,183,81
293,Leavitt St & Belmont Ave,POINT (-87.68328199999999 41.93935399999999),241,559,824,193
294,Albany Ave & Montrose Ave,POINT (-87.705866 41.96104099999999),213,521,511,120
295,Drake Ave & Addison St,POINT (-87.71758199999999 41.947326),59,110,127,29
296,California Ave & Montrose Ave,POINT (-87.69543900000001 41.961068),662,1057,1052,93
297,Western Ave & Roscoe St,POINT (-87.687288 41.943034),415,713,666,115
298,Kimball Ave & Belmont Ave,POINT (-87.711561 41.939398),251,452,531,110
299,Avers Ave & Belmont Ave,POINT (-87.723574 41.939408),153,396,550,147
300,Lincoln Ave & Belle Plaine Ave,POINT (-87.680161446 41.956003551),599,1305,1410,275
301,Damen Ave & Wellington Ave,POINT (-87.67841999999999 41.93588),495,1065,1336,223
302,Seeley Ave & Roscoe St,POINT (-87.679618 41.943403),650,1129,1225,320
303,Leavitt St & Addison St,POINT (-87.683359 41.946655),274,395,487,116
304,Damen Ave & Melrose Ave,POINT (-87.6785 41.9406),362,725,784,181
305,Monticello Ave & Irving Park Rd,POINT (-87.71912818 41.954004839),172,318,331,54
306,Sawyer Ave & Irving Park Rd,POINT (-87.7093108 41.953586179),198,331,392,80
307,Oakley Ave & Irving Park Rd,POINT (-87.686079624 41.954340852),258,555,415,187
308,California Ave & Byron St,POINT (-87.69805111299999 41.952162193),287,675,671,105
309,Troy St & Elston Ave,POINT (-87.70664990100001 41.945243568),227,541,620,133
310,Talman Ave & Addison St,POINT (-87.69461475799999 41.946635831),421,542,536,70
311,California Ave & Fletcher St,POINT (-87.69800775600001 41.938428791),299,864,866,175
312,Central Park Ave & Elbridge Ave,POINT (-87.716889294 41.935337283),126,396,543,130
313,Wood St & Chicago Ave,POINT (-87.67206899999999 41.895634),440,974,1174,236
314,Leavitt St & Division St,POINT (-87.683825 41.902997),612,411,538,90
315,Paulina Ave & North Ave,POINT (-87.67007199999999 41.910337),894,1870,2248,483
316,Damen Ave & Division St,POINT (-87.67843499999999 41.903266),871,1705,2045,364
317,Ashland Ave & Chicago Ave,POINT (-87.66774699999999 41.89596599999999),961,1597,1819,534
318,Wood St & Milwaukee Ave,POINT (-87.672552 41.907655),1445,3387,3507,647
319,California Ave & Division St,POINT (-87.697474 41.903029),785,1268,1160,213
320,Wood St & Augusta Blvd,POINT (-87.6722 41.899181),736,1155,1309,246
321,Damen Ave & Grand Ave,POINT (-87.67684221299999 41.891264346),517,907,945,186
322,Damen Ave & Cortland St,POINT (-87.677335 41.915983),935,2394,2858,476
323,Western Ave & Division St,POINT (-87.687275 41.902893),468,884,1203,343
324,Claremont Ave & Hirsch St,POINT (-87.68585400000001 41.907781),163,390,538,111
325,Walsh Park,POINT (-87.667968 41.91461),550,1111,950,131
326,Marshfield Ave & Cortland St,POINT (-87.668879 41.916017),937,1689,1586,253
327,Damen Ave & Thomas St (Augusta Blvd),POINT (-87.677409 41.901315),785,1551,1837,372
328,Wood St & Hubbard St,POINT (-87.67147299999999 41.889899),543,685,720,58
329,Ashland Ave & Augusta Blvd,POINT (-87.6677 41.899643),626,1233,1505,403
330,Honore St & Division St,POINT (-87.673935 41.903119),1065,2413,2777,408
331,California Ave & Cortez St,POINT (-87.696704 41.900363),523,1243,1035,213
332,Ashland Ave & Division St,POINT (-87.66774699999999 41.90345),2440,4344,4779,1020
333,Western Ave & Walton St,POINT (-87.68659601600001 41.898417689),514,1249,1833,438
334,Damen Ave & Pierce Ave,POINT (-87.67769192899999 41.909396007),2289,4530,4706,743
335,Troy St & North Ave,POINT (-87.70528048700001 41.909769302),475,1023,919,168
337,Orleans St & Elm St,POINT (-87.637715 41.902924),404,916,1198,173
338,Wells St & Elm St,POINT (-87.63432399999999 41.903222),2541,5377,6846,1245
339,Dearborn Pkwy & Delaware Pl,POINT (-87.629912 41.898969),2923,5461,5372,935
340,Clark St & Schiller St,POINT (-87.631501 41.907993),2013,3880,5287,1020
341,State St & Pearson St,POINT (-87.628722 41.897448),1226,1944,2087,920
342,Halsted St & Clybourn Ave,POINT (-87.648128 41.909668),2290,3640,3098,514
343,Clybourn Ave & Division St,POINT (-87.640552 41.904613),811,1427,1653,225
344,Orleans St & Chestnut St (NEXT Apts),POINT (-87.637536 41.898203),1367,1707,1998,569
345,Clark St & Elm St,POINT (-87.63128 41.902973),4219,7647,10094,1763
346,Ritchie Ct & Banks St,POINT (-87.62621700000001 41.906866),1260,2712,3724,587
347,Larrabee St & Kingsbury St,POINT (-87.642884 41.897764),2532,1670,1745,316
348,Larrabee St & North Ave,POINT (-87.6435 41.91021),534,1264,1518,320
349,Wells St & Walton St,POINT (-87.63443006999999 41.89993001),953,1433,1679,335
350,Wells St & Evergreen Ave,POINT (-87.63483000000001 41.906724),2287,5241,6290,1138
351,Clark St & Chicago Ave,POINT (-87.63089000000001 41.89675),1639,2575,3109,805
352,Sedgwick St & Schiller St,POINT (-87.638566 41.907626),391,768,1211,270
353,Franklin St & Chicago Ave,POINT (-87.63566762200001 41.896746973),2325,1844,2316,514
354,Larrabee St & Division St,POINT (-87.643353494 41.90348607),1316,2603,2460,288
355,Larrabee St & Oak St,POINT (-87.64298546799999 41.900219493),799,1269,1241,373
356,Homewood Ave & 115th St,POINT (-87.67070800100001 41.684595072),,2,,
357,Ada St & 113th St,POINT (-87.655475736 41.687561623),,4,2,
358,Vincennes Ave & 104th St,POINT (-87.65686811 41.704925565),2,6,,
359,Hale Ave & 107th St,POINT (-87.66891896700001 41.699206168),2,1,2,
360,Walden Pkwy & 100th St,POINT (-87.667733431 41.712164104),2,4,7,
361,Halsted St & 111th St,POINT (-87.64261186100001 41.692262556),1,2,6,6
362,Major Taylor Trail & 115th St,POINT (-87.645288706 41.684931595),2,6,15,3
363,Racine Ave & Washington Blvd,POINT (-87.656952 41.883073),396,606,607,104
364,Canal St & Taylor St,POINT (-87.63947399999999 41.870257),671,1245,920,106
365,May St & Taylor St,POINT (-87.6554864 41.8694821),669,1780,2242,497
366,Racine Ave & Randolph St,POINT (-87.656853 41.884069),709,762,749,113
367,Canal St & Harrison St,POINT (-87.639573 41.874255),339,459,261,160
368,Halsted St & Roosevelt Rd,POINT (-87.648625 41.867324),569,581,483,179
369,Green St & Madison St,POINT (-87.64878900000001 41.881892),2660,4615,4833,591
370,900 W Harrison St,POINT (-87.649807 41.874754),529,860,944,336
371,Aberdeen St & Monroe St,POINT (-87.655519 41.880419),997,1660,1618,233
372,Aberdeen St & Jackson Blvd,POINT (-87.65478743 41.87772613),1247,2120,2231,234
373,Loomis St & Lexington St,POINT (-87.661501 41.872187),980,2514,3451,786
374,Loomis St & Jackson Blvd,POINT (-87.66200699999999 41.877945),691,1134,1392,226
375,Sangamon St & Washington Blvd,POINT (-87.6511 41.88316500000001),844,1667,1818,257
376,Ada St & Washington Blvd,POINT (-87.66120600000001 41.88283),1027,1597,1708,236
377,Halsted St & Polk St,POINT (-87.64664 41.87184),1066,1257,639,225
378,Aberdeen St & Randolph St,POINT (-87.654264 41.884114),948,1727,1608,215
379,Morgan St & Polk St,POINT (-87.65103000000001 41.871737),887,1386,1666,383
380,Clinton St & Tilden St,POINT (-87.640795 41.875885),397,617,427,171
381,Racine Ave & Congress Pkwy,POINT (-87.65703000000001 41.87464),288,570,722,137
382,Throop St & Taylor St,POINT (-87.65914100000001 41.868968),530,1251,1558,383
383,Green St & Randolph St,POINT (-87.64867 41.883668),1881,3506,3556,297
384,Peoria St & Jackson Blvd,POINT (-87.649617791 41.877641596),1380,2567,2828,558
385,Clinton St & Polk St,POINT (-87.64094913299999 41.87146651800001),137,304,127,35
386,Elizabeth (May) St & Fulton St,POINT (-87.658039927 41.886616486),839,835,826,208
387,Clinton St & Roosevelt Rd,POINT (-87.64108795899999 41.867117783),1159,2104,1471,209
388,Morgan St & Lake St,POINT (-87.652304856 41.885483308),2427,3489,3563,474
389,Avenue O & 134th St,POINT (-87.539671361 41.651867802),5,11,16,9
390,Commercial Ave & 130th St,POINT (-87.550762296 41.659150428),3,2,6,3
391,Torrence Ave & 126th Pl,POINT (-87.55721569100001 41.666312008),,1,,
393,Western Ave & 111th St,POINT (-87.68129736200001 41.691211035),,,1,
394,Lawndale Ave & 111th St,POINT (-87.71288573700001 41.69131919199999),,2,1,
395,Ravenswood Ave & Berteau Ave,POINT (-87.67356700000001 41.957921),448,696,623,57
396,Clarendon Ave & Gordon Ter,POINT (-87.64962851999999 41.958472876),1136,2498,3169,639
397,Southport Ave & Waveland Ave,POINT (-87.66394 41.94815),1747,3429,4176,799
398,Ravenswood Ave & Irving Park Rd,POINT (-87.67393 41.95469),799,1125,1134,146
399,Wolcott (Ravenswood) Ave & Montrose Ave,POINT (-87.67616899999999 41.961406),588,996,1371,273
400,Clark St & Grace St,POINT (-87.659172 41.95078),1239,3184,3029,626
401,Lincoln Ave & Waveland Ave,POINT (-87.67527800000001 41.948797),611,1250,1227,327
402,Southport Ave & Clark St,POINT (-87.664199 41.957081),435,709,624,222
403,Ashland Ave & Belle Plaine Ave,POINT (-87.668835 41.956057),381,654,810,218
404,Paulina St & Montrose Ave,POINT (-87.671387 41.961507),389,712,747,109
405,Broadway & Waveland Ave,POINT (-87.648636 41.949074),2399,4420,4240,887
406,Southport Ave & Irving Park Rd,POINT (-87.66435799999999 41.954177),645,1375,1365,320
407,Ashland Ave & Grace St,POINT (-87.6687 41.950687),619,1212,1132,276
408,Sheridan Rd & Irving Park Rd,POINT (-87.65440600000001 41.954245),1305,2467,2634,852
409,Sheridan Rd & Montrose Ave,POINT (-87.65464 41.96167),1395,3330,3584,788
410,Sheridan Rd & Buena Ave,POINT (-87.654966 41.958494),863,1784,2124,654
411,Clark St & Montrose Ave,POINT (-87.66603600000001 41.961588),557,1172,1311,355
412,Pine Grove Ave & Waveland Ave,POINT (-87.64645278499999 41.949472741),2254,4946,5421,888
413,Pine Grove Ave & Irving Park Rd,POINT (-87.648043 41.954383),1633,3614,4198,749
414,Clarendon Ave & Junior Ter,POINT (-87.649603 41.961004),1292,2678,3051,753
415,Broadway & Sheridan Rd,POINT (-87.64999300000001 41.952833),1396,2325,2672,828
416,Sheffield Ave & Waveland Ave,POINT (-87.65452900000001 41.949399),1674,3888,4353,963
417,Montrose Harbor,POINT (-87.638181 41.963982),1890,5812,4385,169
418,Winchester (Ravenswood) Ave & Balmoral Ave,POINT (-87.67753 41.979762),154,379,340,51
419,Winthrop Ave & Lawrence Ave,POINT (-87.657659 41.968812),513,1175,1225,293
420,Broadway & Argyle St,POINT (-87.65966 41.973815),694,1831,2015,465
421,Broadway & Wilson Ave,POINT (-87.65813900000001 41.965221),1104,2223,2190,589
422,Clarendon Ave & Leland Ave,POINT (-87.650001 41.967968),965,1557,1763,418
423,Damen Ave & Leland Ave,POINT (-87.679028 41.967094),718,1100,1177,210
424,Lakefront Trail & Wilson Ave,POINT (-87.64536099999999 41.965845),1284,2642,2376,90
425,Marine Dr & Ainslie St,POINT (-87.650154 41.9716),1082,2715,2831,702
426,Ravenswood Ave & Lawrence Ave,POINT (-87.67423700000001 41.96909),1483,2180,1985,348
427,Clark St & Leland Ave,POINT (-87.667429 41.96709600000001),857,1995,2048,522
428,Clark St & Winnemac Ave,POINT (-87.66785547100001 41.97334764),942,2123,2083,354
429,Broadway & Berwyn Ave,POINT (-87.65975300000001 41.97835300000001),890,2002,2326,434
430,Sheridan Rd & Lawrence Ave,POINT (-87.654691 41.969517),474,1206,1549,515
431,Clark St & Berwyn Ave,POINT (-87.668047105 41.977996654),1315,2561,2260,320
432,Fairbanks St & Superior St,POINT (-87.620104 41.895748),2329,1398,1071,454
433,St. Clair St & Erie St,POINT (-87.622663 41.894448),8628,3810,2536,1716
434,Streeter Dr & Grand Ave,POINT (-87.612043 41.892278),4079,14509,12427,1405
435,State St & Kinzie St,POINT (-87.62775400000001 41.889187),2773,3575,3598,1278
436,Cityfront Plaza Dr & Pioneer Ct,POINT (-87.622072 41.890573),1772,2205,2314,567
437,Mies van der Rohe Way & Chicago Ave,POINT (-87.62174300000001 41.89691),3786,2670,2361,935
438,Rush St & Hubbard St,POINT (-87.62618499999999 41.890173),1296,1691,1477,399
439,Wabash Ave & Grand Ave,POINT (-87.626761 41.89146599999999),3132,5675,5732,1960
440,Michigan Ave & Oak St,POINT (-87.62377664 41.90096039),3415,6975,5680,1515
441,Michigan Ave & Pearson St,POINT (-87.62351 41.89765999999999),2055,2933,2245,608
442,New St & Illinois St,POINT (-87.618616819 41.890847041),1971,4290,5289,1326
443,Mies van der Rohe Way & Chestnut St,POINT (-87.621915226 41.898586651),2502,3358,3896,1269
444,McClurg Ct & Erie St,POINT (-87.61785400000001 41.894503),3988,2676,2866,1060
445,Lake Shore Dr & Ohio St,POINT (-87.614492 41.89257),1604,3492,4202,1090
446,Rush St & Cedar St,POINT (-87.62769052799999 41.902308701),2296,4198,4456,866
447,Fairbanks Ct & Grand Ave,POINT (-87.62058019600001 41.891847372),2439,4826,5644,1914
448,Rush St & Superior St,POINT (-87.62590803299999 41.895764746),2651,3289,3170,768
449,Latrobe Ave & Chicago Ave,POINT (-87.756895 41.894745),18,37,35,27
450,Kenton Ave & Madison St,POINT (-87.74101800000001 41.880708),12,18,27,19
451,Laramie Ave & Kinzie St,POINT (-87.755527 41.887832),18,21,8,10
452,Central Ave & Harrison St,POINT (-87.764499 41.872993),35,55,52,32
453,Cicero Ave & Flournoy St,POINT (-87.746619 41.872131),8,23,22,14
454,Austin Blvd & Madison St,POINT (-87.77445300000001 41.880281),63,114,102,28
455,Cicero Ave & Quincy St,POINT (-87.74540500000001 41.877613),22,45,65,38
456,Laramie Ave & Madison St,POINT (-87.755337 41.880207),34,47,70,30
457,Central Ave & Lake St,POINT (-87.765469 41.887664),41,61,55,16
458,Cicero Ave & Lake St,POINT (-87.745261 41.886841),15,34,27,11
459,Central Ave & Madison St,POINT (-87.763238 41.880121),30,99,78,27
460,Austin Blvd & Lake St,POINT (-87.774446 41.887919),86,152,208,32
461,Laramie Ave & Gladys Ave,POINT (-87.755285 41.875806),16,12,26,7
462,Canal St & Jackson Blvd,POINT (-87.63936600000001 41.877245),786,431,387,73
463,Wacker Dr & Washington St,POINT (-87.637321 41.883132),1629,994,632,259
464,Canal St & Monroe St,POINT (-87.63953000000001 41.88169),586,485,539,106
465,Franklin St & Lake St,POINT (-87.63549999999999 41.885837),2902,1882,1697,503
466,Franklin St & Monroe St,POINT (-87.63518499999999 41.880317),3189,1394,815,597
467,Franklin St & Adams St (Temp),POINT (-87.63550400700001 41.879434091),1555,870,594,187
468,Franklin St & Jackson Blvd,POINT (-87.63532114100001 41.877707956),2041,2016,2135,535
469,Central Park Blvd & 5th Ave,POINT (-87.71547 41.875679),20,81,69,36
470,Conservatory Dr & Lake St,POINT (-87.71686600000001 41.885502),131,255,154,40
471,Karlov Ave & Madison St,POINT (-87.727907 41.88085),25,46,30,34
472,Pulaski Rd & Lake St,POINT (-87.72649100000001 41.885409),16,46,62,33
473,Pulaski Rd & Congress Pkwy,POINT (-87.72570400000001 41.874325),20,44,37,18
474,Kostner Ave & Lake St,POINT (-87.73541 41.885928),7,17,8,8
475,Kostner Ave & Adams St,POINT (-87.735737 41.877917),44,49,63,34
476,Kedzie Ave & Lake St,POINT (-87.706303744 41.884603285),107,175,246,44
477,Kedzie Ave & Roosevelt Rd,POINT (-87.706496176 41.86649278199999),41,82,102,44
478,Clinton St & 18th St,POINT (-87.640826 41.85795),414,516,570,148
479,State St & 29th St,POINT (-87.626938 41.841707),107,151,194,91
480,Emerald Ave & 28th St,POINT (-87.645368 41.84358),182,526,674,98
481,Burnham Harbor,POINT (-87.613348 41.856268),2572,4060,4048,176
482,Indiana Ave & 26th St,POINT (-87.62248100000001 41.845687),561,802,1122,334
483,Shields Ave & 31st St,POINT (-87.635406 41.838464),166,395,758,115
484,Calumet Ave & 18th St,POINT (-87.619407 41.857611),952,2160,2281,276
485,Emerald Ave & 31st St,POINT (-87.645143 41.838198),374,835,1081,204
486,Wells St & 19th St,POINT (-87.63387900000001 41.856802),159,611,749,47
487,State St & 19th St,POINT (-87.62754200000001 41.856594),403,786,834,157
488,Halsted St & 18th St,POINT (-87.646277 41.857499),243,638,761,153
489,Normal Ave & Archer Ave,POINT (-87.640591 41.849527),151,290,395,40
490,Shields Ave & 28th Pl,POINT (-87.635491 41.842733),96,253,289,69
491,Indiana Ave & 31st St,POINT (-87.62185699999999 41.838842),355,675,974,148
492,MLK Jr Dr & 29th St,POINT (-87.617 41.842052),717,1367,2277,553
493,Rhodes Ave & 32nd St,POINT (-87.61353299999999 41.836208),335,709,1332,235
494,Wentworth Ave & Cermak Rd,POINT (-87.63193130499999 41.853084557),658,1673,1689,252
495,State St & 35th St,POINT (-87.626797557 41.831036314),598,613,370,131
496,State St & 33rd St,POINT (-87.62581299999999 41.834734),1068,1092,977,356
497,Fort Dearborn Dr & 31st St,POINT (-87.60821800000001 41.838556),1517,2720,3515,714
498,Calumet Ave & 35th St,POINT (-87.61803399999999 41.831379),190,417,452,96
499,Wabash Ave & Cermak Rd,POINT (-87.62648799999999 41.852619),326,684,678,167
500,Michigan Ave & 18th St,POINT (-87.62455 41.857813),1288,2120,2653,597
501,Calumet Ave & 33rd St,POINT (-87.61793 41.8349),362,812,1150,250
502,Wentworth Ave & 24th St (Temp),POINT (-87.63214051700001 41.850083693),184,410,459,88
503,Calumet Ave & 21st St,POINT (-87.61915374100001 41.854184249),305,701,820,131
504,Wentworth Ave & 33rd St,POINT (-87.631822981 41.834529886),96,201,263,40
505,Lake Park Ave & 35th St,POINT (-87.608799195 41.831274235),475,1069,1422,380
506,McCormick Place,POINT (-87.61883464899999 41.851375173),196,398,468,105
507,Wells St & Huron St,POINT (-87.634362 41.89472199999999),3546,4993,5866,1302
508,Orleans St & Hubbard St,POINT (-87.636618 41.890028),1260,1300,1272,278
509,Orleans St & Merchandise Mart Plaza,POINT (-87.63639000000001 41.888243),1429,1500,1791,475
510,LaSalle Dr & Huron St,POINT (-87.63232600000001 41.894877),1345,2202,2820,875
511,Sedgwick St & Huron St,POINT (-87.638437 41.894666),1886,1990,2080,536
512,Dearborn St & Erie St,POINT (-87.62931800000001 41.893992),3669,5885,6429,1468
513,LaSalle St & Illinois St,POINT (-87.631697 41.890762),2311,3539,4375,985
514,Wells St & Hubbard St,POINT (-87.634266 41.889906),3217,3479,3890,739
515,Kingsbury St & Kinzie St,POINT (-87.638505772 41.889176833),4172,4305,4503,788
516,Franklin St & Illinois St,POINT (-87.635479867 41.89102331),1565,2707,3256,435
517,Kingsbury St & Erie St,POINT (-87.641697228 41.893808056),1924,3932,4685,899
518,Warren Park West,POINT (-87.688829 42.001785),126,314,512,73
519,Western Ave & Howard St,POINT (-87.690048 42.018901),47,125,124,74
520,Ridge Blvd & Howard St,POINT (-87.68451999999999 42.019276),49,111,89,23
521,Oakley Ave & Touhy Ave,POINT (-87.688243 42.012342),178,131,88,49
522,Warren Park East,POINT (-87.680666145 42.004549622),112,362,344,57
523,Western Ave & Lunt Ave,POINT (-87.69049223899999 42.008594397),113,363,537,102
524,Ridge Blvd & Touhy Ave,POINT (-87.682912644 42.012132277),60,153,135,41
525,Glenwood Ave & Touhy Ave,POINT (-87.66605799999999 42.012701),163,299,376,56
526,Greenview Ave & Jarvis Ave,POINT (-87.66856999999999 42.015962),244,614,466,108
527,Clark St & Jarvis Ave,POINT (-87.675005 42.015963),136,218,246,16
528,Clark St & Lunt Ave,POINT (-87.67419 42.009074),307,282,287,93
529,Sheridan Rd & Columbia Ave,POINT (-87.661406 42.004583),396,897,928,226
530,Wolcott Ave & Fargo Ave,POINT (-87.677725 42.016977),28,49,139,19
531,Bosworth Ave & Howard St,POINT (-87.669563 42.019537),46,121,98,31
532,Paulina St & Howard St,POINT (-87.673573 42.019159),215,314,197,145
533,Clark St & Touhy Ave,POINT (-87.674367115 42.012560115),124,170,165,36
534,Sheridan Rd & Greenleaf Ave,POINT (-87.66241209499999 42.010586563),252,809,785,187
535,Glenwood Ave & Morse Ave,POINT (-87.665502394 42.007971923),379,993,1007,251
536,Clark St & Columbia Ave,POINT (-87.672402405 42.004450629),157,308,389,125
537,Sheridan Rd & Loyola Ave,POINT (-87.66119824299999 42.00104378),551,1366,1454,291
538,Clark St & Schreiber Ave,POINT (-87.671377339 41.999251822),411,630,454,137
539,Eastlake Ter & Rogers Ave,POINT (-87.66505792700001 42.020887281),184,605,589,117
540,Paulina St & 18th St,POINT (-87.668745 41.857901),500,1079,1151,188
541,Racine Ave & 18th St,POINT (-87.65649499999999 41.858166),359,1051,1234,404
542,Morgan Ave & 14th Pl,POINT (-87.651062 41.862378),455,699,1033,127
543,Western Ave & 21st St,POINT (-87.685838 41.854109),225,339,502,80
544,Morgan St & 18th St,POINT (-87.651073 41.858086),260,938,882,318
545,Racine Ave & 15th St,POINT (-87.65662500000001 41.861267),211,302,478,60
546,Damen Ave & Coulter St,POINT (-87.67564 41.8492),101,150,286,70
547,Racine Ave & 13th St,POINT (-87.656959 41.865054),99,197,329,70
548,Western Ave & 24th St,POINT (-87.685109 41.84847),92,190,285,47
549,Damen Ave & Cullerton St,POINT (-87.67603486799999 41.854902589),249,617,914,253
550,Ashland Ave & 13th St,POINT (-87.666507 41.865234),311,674,705,91
551,May St & Cullerton St,POINT (-87.654127 41.855136),232,359,651,175
552,Blue Island Ave & 18th St,POINT (-87.661535 41.857556),467,1134,1383,272
553,Washtenaw Ave & Ogden Ave,POINT (-87.693450451 41.861930493),245,147,139,60
554,Halsted St & Maxwell St,POINT (-87.647071 41.864883),469,1183,1429,327
555,Halsted St & Archer Ave,POINT (-87.646795 41.847203),276,290,302,97
556,Halsted St & 21st St,POINT (-87.64664999999999 41.85378),143,274,310,56
557,Morgan St & 31st St,POINT (-87.65114 41.8378),198,455,708,118
558,Laflin St & Cullerton St,POINT (-87.66355991399999 41.854914576),197,624,672,135
559,Loomis St & Archer Ave,POINT (-87.65743495299999 41.84163254),153,245,394,89
560,Racine Ave & 35th St,POINT (-87.655975912 41.830696113),167,250,209,17
561,Ashland Ave & Archer Ave,POINT (-87.665609859 41.839208684),104,190,197,37
562,California Ave & 23rd Pl,POINT (-87.695139807 41.849109692),135,214,298,58
563,Ogden Ave & Roosevelt Rd,POINT (-87.68469707 41.866501483),132,410,648,169
564,Western Ave & 28th St,POINT (-87.68513144100001 41.841517708),144,23,45,13
565,LaSalle St & Jackson Blvd,POINT (-87.631929 41.878166),2646,1071,482,261
566,State St & Van Buren St,POINT (-87.627844 41.877181),885,1474,1065,577
567,Michigan Ave & Jackson Blvd,POINT (-87.62408000000001 41.87785),868,1887,1739,930
568,Dearborn St & Adams St,POINT (-87.629791036 41.879356359),1795,1125,581,215
569,Wabash Ave & Adams St,POINT (-87.625688606 41.879472352),1446,1374,1294,1397
570,LaSalle St & Adams St,POINT (-87.63198522100001 41.879344373),1193,533,301,198
571,Avondale Ave & Irving Park Rd,POINT (-87.73200200000001 41.953393),304,247,277,46
572,Kilbourn Ave & Milwaukee Ave,POINT (-87.74002 41.948818),84,152,193,37
573,Kilbourn Ave & Irving Park Rd,POINT (-87.74056899999999 41.953733),63,187,167,16
574,Knox Ave & Montrose Ave,POINT (-87.74535899999999 41.960631),73,144,125,39
575,Pulaski Rd & Eddy St (Temp),POINT (-87.73102299999999 41.946264),67,177,252,60
576,Milwaukee Ave & Cuyler Ave,POINT (-87.74959399999999 41.954468),87,224,282,102
577,Cottage Grove Ave & 47th St,POINT (-87.60675500000001 41.809855),157,358,428,101
578,MLK Jr Dr & Pershing Rd,POINT (-87.61678000000001 41.8246),277,590,639,99
579,Cottage Grove Ave & 43rd St,POINT (-87.60658199999999 41.816499),271,342,307,98
580,Indiana Ave & 40th St,POINT (-87.6216 41.82168),82,151,191,60
581,Cottage Grove Ave & Oakwood Blvd,POINT (-87.6071 41.822985),375,754,811,122
582,Greenwood Ave & 47th St,POINT (-87.59938299999999 41.809835),308,611,677,93
583,MLK Jr Dr & 47th St,POINT (-87.61627900000001 41.809851),156,342,354,77
584,Woodlawn Ave & Lake Park Ave,POINT (-87.59700514799999 41.81409271),267,461,628,116
585,Prairie Ave & 43rd St,POINT (-87.61941246200001 41.816658893),136,282,324,88
586,Jefferson St & Monroe St,POINT (-87.642746 41.880422),892,1349,1863,264
587,Canal St & Madison St,POINT (-87.639833 41.882091),1083,1051,1184,224
588,Clinton St & Madison St,POINT (-87.64106600000001 41.882242),2360,2586,3329,607
589,Canal St & Adams St,POINT (-87.639904 41.879255),1873,1844,1427,220
590,Desplaines St & Jackson Blvd,POINT (-87.64390899999999 41.878287),1575,2449,2559,316
591,Clinton St & Washington Blvd,POINT (-87.64116999999999 41.88338),1738,2347,1329,197
592,Clinton St & Lake St,POINT (-87.641823 41.885637),2413,2296,2320,442
593,Desplaines St & Kinzie St,POINT (-87.64444785299999 41.888716036),2303,4650,5967,902
594,Clinton St & Jackson Blvd,POINT (-87.63983845700001 41.87811603),1414,863,523,215
595,Desplaines St & Randolph St,POINT (-87.644570585 41.88461619),1070,1768,2541,502
596,Austin Blvd & Chicago Ave,POINT (-87.774704 41.894887),31,80,99,41
597,Central Ave & Chicago Ave,POINT (-87.76490200000001 41.894958),48,126,97,40
598,Central Park Ave & North Ave,POINT (-87.71663195200001 41.909656876),218,333,290,127
599,Spaulding Ave & Division St,POINT (-87.70921957100001 41.902706594),190,583,549,137
600,Yates Blvd & 75th St,POINT (-87.56644 41.758768),36,78,107,15
601,Cornell Dr & Hayes Dr,POINT (-87.584846 41.780595),97,137,145,35
602,Phillips Ave & 79th St,POINT (-87.56521100000001 41.75182),50,74,57,57
603,Bennett Ave & 79th St,POINT (-87.578496 41.751785),12,15,30,6
604,South Shore Dr & 67th St,POINT (-87.567514 41.773643),286,509,520,139
605,Stony Island Ave & 67th St,POINT (-87.58533973899999 41.773458499),102,150,164,39
606,Jeffery Blvd & 71st St,POINT (-87.576450114 41.766638237),102,173,206,103
607,South Shore Dr & 71st St,POINT (-87.565687572 41.76640945699999),550,614,538,97
608,Jeffery Blvd & 67th St,POINT (-87.577142826 41.773517551),144,223,262,74
609,Jeffery Blvd & 76th St,POINT (-87.575839359 41.757120068),31,63,118,20
610,Rainbow Beach,POINT (-87.54938625 41.757871448),59,159,142,24
611,South Shore Dr & 74th St,POINT (-87.55927465000001 41.76218896),129,194,279,61
612,Milwaukee Ave & Grand Ave,POINT (-87.64838399999999 41.891578),1918,3330,3668,829
613,Noble St & Milwaukee Ave,POINT (-87.6626 41.90068),751,1723,2402,585
614,Ashland Ave & Blackhawk St,POINT (-87.667252 41.907066),938,2383,2815,433
615,Carpenter St & Huron St,POINT (-87.65344899999999 41.894556),890,1700,2165,382
616,Eckhart Park,POINT (-87.66098386 41.89637337),777,2051,2780,450
617,Ashland Ave & Grand Ave,POINT (-87.666611 41.89107199999999),561,1119,1361,247
618,Cherry Ave & Blackhawk St,POINT (-87.655618 41.907221),269,180,68,7
619,Ogden Ave & Race Ave,POINT (-87.658751 41.891795),1150,1875,2276,410
620,Sheffield Ave & Kingsbury St,POINT (-87.65310600000001 41.910522),2174,3430,2185,175
621,Elston Ave & Wabansia Ave,POINT (-87.664169 41.912919),539,826,579,73
622,Halsted St & North Branch St,POINT (-87.64847987500001 41.899368439),320,321,293,53
623,Dayton St & North Ave,POINT (-87.649421929 41.910578035),1300,2677,1812,257
624,Ogden Ave & Chicago Ave,POINT (-87.654061273 41.896362458),1252,1848,2102,466
625,Stetson Ave & South Water St,POINT (-87.62232 41.886835),1147,1607,1906,994
626,Wabash Ave & Wacker Pl,POINT (-87.62603 41.886875),1875,2863,2958,1984
627,Michigan Ave & Lake St,POINT (-87.624117 41.886024),3374,4519,4698,2403
628,Columbus Dr & Randolph St,POINT (-87.61952099999999 41.884728),2175,3897,4527,1352
629,Clark St & Randolph St,POINT (-87.63188991 41.884576228),3193,1874,1267,604
630,Dusable Harbor,POINT (-87.612813 41.886976),1666,4018,3326,296
631,Clark St & Lake St,POINT (-87.630876058 41.886020828),2453,2941,2616,807
632,State St & Randolph St,POINT (-87.627733569 41.884730201),1931,3335,3070,1439
633,Field Blvd & South Water St,POINT (-87.61751654700001 41.886349063),1224,2309,2846,518
634,2112 W Peterson Ave,POINT (-87.683593 41.991178),99,241,236,127
635,Western Ave & Granville Ave,POINT (-87.68943828200001 41.994161369),105,434,384,91
636,Maplewood Ave & Peterson Ave,POINT (-87.69336964 41.990236029),55,195,303,50
637,Budlong Woods Library,POINT (-87.69642256100001 41.983664709),97,254,319,60
638,Kildare Ave & Montrose Ave,POINT (-87.73569000000001 41.96108),101,167,191,52
639,Keystone Ave & Montrose Ave,POINT (-87.728970101 41.961108016),97,272,314,69
640,Central Park Ave & 24th St,POINT (-87.715068 41.8481),12,66,65,29
641,California Ave & 21st St,POINT (-87.695742399 41.853804066),151,216,233,40
642,Central Park Ave & Ogden Ave,POINT (-87.715117335 41.854063504),93,89,119,64
643,Kedzie Ave & 21st St,POINT (-87.705073032 41.853533632),29,81,95,45
644,Kedzie Ave & 24th St,POINT (-87.705413746 41.848190945),26,65,84,30
645,Albany Ave & 26th St,POINT (-87.702013013 41.844475014),69,103,121,26
646,Millard Ave & 26th St,POINT (-87.71607220200001 41.8445571),56,155,114,18
647,California Ave & 26th St,POINT (-87.69529592299999 41.844040031),51,35,21,14
648,LaSalle St & Washington St,POINT (-87.63253 41.882664),2527,1644,878,512
649,Daley Center Plaza,POINT (-87.629634 41.884241),3006,2799,2306,635
650,Michigan Ave & Madison St,POINT (-87.625125 41.882134),1546,2064,1543,723
651,Michigan Ave & Washington St,POINT (-87.624683976 41.883984065),2816,4281,3689,2012
652,Keystone Ave & Fullerton Ave,POINT (-87.72785 41.92459),99,290,325,140
653,Lake Shore Dr & Monroe St,POINT (-87.616743 41.880958),3170,9671,9118,1573
654,Millennium Park,POINT (-87.62408431999999 41.8810317),2896,7701,6650,2886
655,Dearborn St & Monroe St,POINT (-87.629520919 41.881319815),3911,2507,1602,693