Start Station Key,Station Name,Station Geometry,Morning,Afternoon,Evening,Night
2,Dauphin Ave & 103rd St,POINT (-87.607662678 41.707250368),5,7,5,1
3,Cottage Grove Ave & 111th Pl,POINT (-87.610001564 41.691709758),3,12,12,3
4,Vernon Ave & 107th St,POINT (-87.61225998399999 41.700121379),2,7,18,4
5,Halsted St & 96th St,POINT (-87.643019557 41.719712184),9,14,7,2
6,Greenwood Ave & 97th St,POINT (-87.597035766 41.718703155),11,5,43,4
8,Halsted St & 104th St,POINT (-87.64242410700001 41.705139789),,6,7,2
10,Indiana Ave & 103rd St,POINT (-87.61847198 41.707170271),9,18,25,14
11,State St & 123rd St,POINT (-87.622586489 41.670643837),3,2,7,
12,Wentworth Ave & 104th St,POINT (-87.62921690899999 41.705307997),1,1,2,2
13,Michigan Ave & 114th St,POINT (-87.621052265 41.687014795),3,2,6,4
14,Eberhart Ave & 131st St,POINT (-87.610710897 41.658413151),,6,4,1
15,Stewart Ave & 83rd St,POINT (-87.63408800000001 41.743717),11,21,10,2
16,Prospect Sq & 91st St,POINT (-87.66752390000001 41.7282338),24,61,41,1
17,Ashland Ave & 78th St,POINT (-87.663699389 41.752204849),20,30,19,24
18,Halsted St & 78th St,POINT (-87.64390215700001 41.752487012),8,13,7,13
19,Loomis Blvd & 84th St,POINT (-87.65841007200001 41.741486529),23,29,30,2
20,Summit Ave & 86th St,POINT (-87.64489978600001 41.737848477),5,16,13,5
21,Elizabeth St & 92nd St,POINT (-87.654290199 41.726798964),13,46,38,7
22,Eggleston Ave & 92nd St,POINT (-87.634828091 41.727575659),13,26,15,
23,Vincennes Ave & 75th St,POINT (-87.63121 41.75797),20,25,12,3
24,Shedd Aquarium,POINT (-87.61535539 41.867225957),1428,5982,3028,430
25,Michigan Ave & 14th St,POINT (-87.623727 41.864059),2658,2633,2353,566
26,Indiana Ave & Roosevelt Rd,POINT (-87.623041 41.867888),4852,6498,6434,1232
27,Wabash Ave & 16th St,POINT (-87.62581299999999 41.860384),1801,2050,1680,261
28,Delano Ct & Roosevelt Rd,POINT (-87.63219000000001 41.86749099999999),739,1353,1437,228
29,Adler Planetarium,POINT (-87.60726700000001 41.866095),1637,3683,4590,505
30,Wabash Ave & Roosevelt Rd,POINT (-87.625961 41.867227),3715,4865,5491,1397
31,Wabash Ave & 9th St,POINT (-87.62573399999999 41.870769),2736,3282,3559,1432
32,Field Museum,POINT (-87.617867 41.865312),405,1201,728,133
33,State St & Harrison St,POINT (-87.62771600000001 41.874053),979,1631,1530,658
34,Michigan Ave & 8th St,POINT (-87.623981 41.872773),2024,3542,3481,1668
35,Clark St & 9th St (AMLI),POINT (-87.63124599999999 41.870816),1156,1168,1060,282
36,Michigan Ave & Ida B Wells Dr,POINT (-87.624426 41.876243),544,1183,1319,748
37,Wells St & Polk St,POINT (-87.63350200000001 41.872596),2131,2063,1951,454
38,Dearborn St & Van Buren St,POINT (-87.62915500000001 41.876268),734,1016,1079,348
39,Buckingham Fountain,POINT (-87.62054800999999 41.876511229),1225,3732,4205,1320
40,Federal St & Polk St,POINT (-87.62954377299999 41.872077633),2836,3350,3157,546
41,Clark St & Ida B Wells Dr,POINT (-87.630584536 41.875932666),635,985,899,126
42,Financial Pl & Ida B Wells Dr,POINT (-87.63309404299999 41.875023628),1198,1068,978,174
43,Clark St & Elmdale Ave,POINT (-87.66983360100001 41.990517556),446,827,643,153
44,Broadway & Ridge Ave,POINT (-87.66027382899999 41.984044611),1197,1698,1480,345
45,Clark St & Bryn Mawr Ave,POINT (-87.66915400000001 41.983593),939,1527,1194,341
46,Broadway & Thorndale Ave,POINT (-87.66014062100001 41.989742511),943,1545,1356,224
47,Lakefront Trail & Bryn Mawr Ave,POINT (-87.652310469 41.984036696),2830,5130,5023,428
48,Broadway & Granville Ave,POINT (-87.660284535 41.994779688),1211,2315,1952,280
49,Damen Ave & Walnut (Lake) St,POINT (-87.677009 41.885951),111,329,380,43
50,Kedzie Ave & Chicago Ave,POINT (-87.706127884 41.895465303),213,264,265,45
51,Smith Park,POINT (-87.689397 41.892048),222,315,294,46
52,Western Ave & Fillmore St,POINT (-87.686234 41.868563),427,719,687,139
53,Damen Ave & Chicago Ave,POINT (-87.67721999999999 41.895769),1465,2196,2067,433
54,Damen Ave & Madison St,POINT (-87.67493 41.88137),259,495,348,114
55,Ashland Ave & Lake St,POINT (-87.66717 41.88592),344,747,804,113
56,Wood St & Taylor St (Temp),POINT (-87.67373085 41.869265218),448,1709,1375,157
57,Leavitt St & Chicago Ave,POINT (-87.682017 41.895501),974,880,846,202
58,Fairfield Ave & Roosevelt Rd,POINT (-87.69452099999999 41.866624),59,152,119,14
59,Hermitage Ave & Polk St,POINT (-87.66988600000001 41.871514),501,1327,889,114
60,Wolcott Ave & Polk St,POINT (-87.673688 41.871262),808,2730,1480,176
61,Paulina St & Flournoy St,POINT (-87.66913000000001 41.87295),841,1969,1681,105
62,Ogden Ave & Congress Pkwy,POINT (-87.67328000000001 41.87501),176,393,484,46
63,Malcolm X College,POINT (-87.673895 41.877618),96,262,230,34
64,California Ave & Lake St,POINT (-87.69629813700001 41.884453957),89,231,134,30
65,Sacramento Blvd & Franklin Blvd,POINT (-87.70260751200001 41.890468792),44,193,94,4
66,Western Ave & Monroe St,POINT (-87.68611280799999 41.879787709),309,549,545,97
67,Artesian Ave & Hubbard St,POINT (-87.68821936499999 41.88949182),519,492,453,55
68,Western Ave & Congress Pkwy,POINT (-87.686445276 41.874748851),608,612,597,82
69,Kedzie Ave & Harrison St,POINT (-87.70487074899999 41.873599675),19,42,38,64
70,Ashland Ave & 74th St,POINT (-87.663474083 41.759236024),2,10,2,9
71,Ashland Ave & 66th St,POINT (-87.663815 41.774074),4,18,13,13
72,Damen Ave & 59th St,POINT (-87.67416700000001 41.78602),14,16,54,34
73,Ashland Ave & Garfield Blvd,POINT (-87.664429 41.79282199999999),42,29,39,6
74,Marshfield Ave & 59th St,POINT (-87.66621500000001 41.786833),1,22,8,2
75,Ashland Ave & 63rd St,POINT (-87.664843 41.779374),8,37,20,11
76,Elizabeth St & 59th St,POINT (-87.65585899999999 41.786691),12,4,7,
77,Stewart Ave & 63rd St,POINT (-87.63477399999999 41.779835),8,20,20,14
78,Carpenter St & 63rd St,POINT (-87.65091899999999 41.77987),5,8,7,
79,Eggleston Ave & 69th St,POINT (-87.635876 41.768898),22,25,28,13
80,Halsted St & 73rd St,POINT (-87.64416097700001 41.761605438),5,10,9,7
81,May St & 69th St,POINT (-87.652934 41.768938),12,16,11,5
82,Racine Ave & 65th St,POINT (-87.654308 41.775393),4,23,29,2
83,Halsted St & 59th St,POINT (-87.644874 41.787539),12,28,26,6
84,Racine Ave & 61st St,POINT (-87.654372 41.783189),8,11,6,3
85,Halsted St & 56th St,POINT (-87.644990057 41.792929646),9,18,23,13
86,Halsted St & 63rd St,POINT (-87.644620815 41.779381142),39,98,57,18
87,Wentworth Ave & 63rd St,POINT (-87.629746305 41.780079633),26,27,40,30
88,Halsted St & 69th St,POINT (-87.64461357799999 41.76906172),15,18,28,11
89,Perry Ave & 69th St,POINT (-87.628195929 41.76929309),19,63,25,23
90,Oglesby Ave & 100th St,POINT (-87.565841675 41.713397484),4,17,11,6
92,East End Ave & 87th St,POINT (-87.58280128200001 41.736815214),11,12,15,3
93,Baltimore Ave & 87th St,POINT (-87.54851460499999 41.7373356),14,26,24,6
94,Ewing Ave & Burnham Greenway,POINT (-87.53481388100001 41.712748761),,6,3,
95,Houston Ave & 92nd St,POINT (-87.549700141 41.728204215),10,22,21,2
96,Big Marsh Park,POINT (-87.573823929 41.685877056),9,15,9,
97,Marquette Ave & 89th St,POINT (-87.55834221799999 41.733668791),11,9,5,2
98,Bradley Park,POINT (-87.564591765 41.717878302),1,2,1,
99,Torrence Ave & 106th St,POINT (-87.559726238 41.70280085),1,9,4,
100,Clyde Ave & 87th St,POINT (-87.57274031600001 41.737151464),2,4,3,1
101,Constance Ave & 95th St,POINT (-87.578968406 41.722290741),1,6,9,5
102,Avenue O & 118th St,POINT (-87.53793122299999 41.681001459),,3,3,
103,Burnham Greenway & 105th St,POINT (-87.52823174 41.70457508699999),5,9,6,
104,Phillips Ave & 83rd St,POINT (-87.56506 41.744531),50,71,51,10
105,Exchange Ave & 79th St,POINT (-87.552812 41.751731),33,46,63,12
106,Stony Island Ave & South Chicago Ave,POINT (-87.585337 41.751173),40,29,46,17
107,South Chicago Ave & 83rd St,POINT (-87.575225 41.743921),7,27,23,9
108,South Chicago Ave & Elliot Ave,POINT (-87.580046 41.747363),3,17,4,3
109,Commercial Ave & 83rd St,POINT (-87.551208 41.744615),57,65,56,20
110,State St & 54th St,POINT (-87.625923 41.796642),48,43,54,10
111,Union Ave & Root St,POINT (-87.64327800000001 41.819102),62,147,157,100
112,Racine Ave & Garfield Blvd,POINT (-87.655073 41.794228),47,81,79,15
113,Western Blvd & 48th Pl,POINT (-87.683392 41.805661),50,71,93,24
114,Elizabeth St & 47th St,POINT (-87.656526 41.80839),21,39,20,6
115,Archer (Damen) Ave & 37th St,POINT (-87.683144 41.826712),88,192,215,23
116,Damen Ave & 51st St,POINT (-87.674684 41.800908),20,15,20,11
117,Throop St & 52nd St,POINT (-87.657195 41.79965900000001),20,37,18,3
118,Princeton Ave & Garfield Blvd,POINT (-87.633124 41.794982),22,73,51,18
119,Halsted St & 37th St,POINT (-87.64572 41.82705900000001),150,132,199,30
120,Wentworth Ave & 35th St,POINT (-87.632504 41.830777),72,171,141,27
121,Marshfield Ave & 44th St,POINT (-87.666589 41.813996),31,56,25,8
122,Halsted St & 35th St,POINT (-87.647172 41.830661),199,392,336,55
123,Damen Ave & Pershing Rd,POINT (-87.676597 41.823192),66,213,218,20
124,Seeley Ave & Garfield Blvd,POINT (-87.675478 41.794087),13,32,35,14
125,Morgan St & Pershing Rd,POINT (-87.650931 41.823613),22,36,30,18
126,Hoyne Ave & 47th St,POINT (-87.67718000000001 41.808227),41,54,62,24
127,Wallace St & 35th St,POINT (-87.64129 41.83062899999999),267,359,338,46
128,Ashland Ave & McDowell Ave,POINT (-87.66454 41.80887),16,66,70,11
129,Ashland Ave & 50th St,POINT (-87.664699 41.803023),14,38,32,9
130,Ashland Ave & Pershing Rd,POINT (-87.665577 41.823465),57,99,47,7
131,Wood St & 35th St,POINT (-87.670298309 41.830104654),139,221,153,32
132,Halsted St & 51st St,POINT (-87.645213904 41.80183164),21,32,23,6
133,State St & Pershing Rd,POINT (-87.62656801799999 41.823015238),45,127,134,17
134,Shields Ave & 43rd St,POINT (-87.63481935 41.816207679),7,8,17,
135,Halsted St & 47th Pl,POINT (-87.645616554 41.808133915),123,114,157,27
136,Princeton Ave & 47th St,POINT (-87.63344928799999 41.809317709),87,90,64,36
137,Leavitt St & Archer Ave,POINT (-87.68060445899999 41.82879202),119,126,177,61
138,Eberhart Ave & 91st St,POINT (-87.611829489 41.729267142),16,40,25,3
139,Michigan Ave & 71st St,POINT (-87.621748 41.765286),43,23,4,1
140,State St & 95th St,POINT (-87.62285440000001 41.7218499),7,23,29,8
141,Dauphin Ave & 87th St,POINT (-87.60125756299999 41.73655902300001),4,10,7,7
142,Greenwood Ave & 91st St,POINT (-87.59729862200001 41.728264268),5,6,7,1
143,Stony Island Ave & 90th St,POINT (-87.585743666 41.73139494300001),6,6,6,5
144,Wabash Ave & 83rd St,POINT (-87.622849 41.743316),47,35,25,3
145,Ellis Ave & 83rd St,POINT (-87.599034 41.74412299999999),45,40,26,5
146,Wabash Ave & 87th St,POINT (-87.62263399999999 41.736646),48,68,48,14
147,Vernon Ave & 79th St,POINT (-87.61379000000001 41.75094),36,19,26,11
148,MLK Jr Dr & 83rd St,POINT (-87.6148 41.743116),39,19,14,23
149,Cottage Grove Ave & 78th St,POINT (-87.605026 41.753174),108,57,21,15
150,Greenwood Ave & 79th St,POINT (-87.59755200000001 41.751294),35,51,40,29
151,Vernon Ave & 75th St,POINT (-87.614138 41.758361),35,53,28,15
152,Stony Island Ave & 82nd St,POINT (-87.586005 41.746559),49,52,51,7
153,Evans Ave & 75th St,POINT (-87.60641 41.75849),20,41,38,6
154,Cottage Grove Ave & 83rd St,POINT (-87.60483599999999 41.743441),55,76,42,21
155,Cottage Grove Ave & 71st St,POINT (-87.60495971299999 41.765719037),17,20,14,10
156,Woodlawn Ave & 75th St,POINT (-87.59575100000001 41.75915999999999),18,18,19,4
157,State St & 79th St,POINT (-87.624424 41.750794),24,52,48,53
158,State St & 76th St,POINT (-87.62462099999999 41.756971),8,22,12,5
159,Stony Island Ave & 75th St,POINT (-87.586882871 41.75866967),67,91,54,14
160,Calumet Ave & 71st St,POINT (-87.616917925 41.765508006),46,29,44,15
161,Ellis Ave & 53rd St,POINT (-87.600958115 41.799336263),782,980,829,238
162,Lake Park Ave & 53rd St,POINT (-87.586449896 41.799494294),700,1421,1205,318
163,Kimbark Ave & 53rd St,POINT (-87.594747 41.799568),1118,2158,1819,350
164,Prairie Ave & Garfield Blvd,POINT (-87.618691 41.794853),87,144,132,25
165,Cottage Grove Ave & 51st St,POINT (-87.60661500000001 41.803038),269,551,416,68
166,Lake Park Ave & 47th St,POINT (-87.591875 41.809443),489,717,693,101
167,Cornell Ave & Hyde Park Blvd,POINT (-87.586924 41.802406),1463,2016,1665,271
168,Woodlawn Ave & 55th St,POINT (-87.59647099999999 41.795264),570,1024,693,197
169,Blackstone Ave & Hyde Park Blvd,POINT (-87.59036800000001 41.802562),851,1189,1192,258
170,Dorchester Ave & 49th St,POINT (-87.59246400000001 41.805772),219,400,215,23
171,Calumet Ave & 51st St,POINT (-87.61805357999999 41.802294651),165,246,231,36
172,Hoyne Ave & Balmoral Ave,POINT (-87.68193199999999 41.979851),72,352,296,38
173,Damen Ave & Sunnyside Ave,POINT (-87.67925799999999 41.96325),436,798,730,105
174,Lincoln Ave & Sunnyside Ave,POINT (-87.684781 41.963004),625,1309,1225,209
175,Washtenaw Ave & Lawrence Ave,POINT (-87.696027 41.968987),432,806,615,118
176,Kedzie Ave & Foster Ave,POINT (-87.709261 41.975672),173,346,295,91
177,Manor Ave & Leland Ave,POINT (-87.70082499999999 41.965875),301,517,403,75
178,Leavitt St & Lawrence Ave,POINT (-87.68400099999999 41.968885),408,637,518,118
179,Western Ave & Leland Ave,POINT (-87.688418627 41.966494532),727,1401,1233,184
180,Francisco Ave & Foster Ave,POINT (-87.70141943899999 41.975632725),264,661,578,96
181,Damen Ave & Foster Ave,POINT (-87.67945903899999 41.975614805),657,978,965,179
182,St. Louis Ave & Balmoral Ave,POINT (-87.716114961 41.980394235),112,396,190,15
183,Lincoln Ave & Winona St,POINT (-87.69250255899999 41.974911297),379,626,478,71
184,Christiana Ave & Lawrence Ave,POINT (-87.711830667 41.968354494),203,403,299,111
185,Kedzie Ave & Leland Ave,POINT (-87.708051981 41.966686362),167,414,333,95
186,Rockwell St & Eastwood Ave,POINT (-87.693638494 41.96590014),501,638,419,70
187,Campbell Ave & Montrose Ave,POINT (-87.691165041 41.961525933),484,674,562,92
188,Kedzie Ave & Bryn Mawr Ave,POINT (-87.70892252 41.982397085),137,351,236,40
189,Drake Ave & Montrose Ave,POINT (-87.71656907299999 41.961154076),205,272,236,34
190,Central Park Ave & Bloomingdale Ave,POINT (-87.71675500000001 41.91416599999999),325,699,526,44
191,California Ave & Altgeld St,POINT (-87.69766800000001 41.92669),595,932,872,199
192,California Ave & Milwaukee Ave,POINT (-87.697153 41.922695),1262,2198,2057,471
193,Kedzie Ave & Milwaukee Ave,POINT (-87.70785699999999 41.929567),1342,2891,2228,611
194,Leavitt St & North Ave,POINT (-87.68238902100001 41.910509367),883,1251,1098,270
195,Damen Ave & Charleston St,POINT (-87.67785500000001 41.920082),801,1177,1010,183
196,Western Ave & Winnebago Ave,POINT (-87.687022 41.91552),1217,1767,1633,367
197,Stave St & Armitage Ave,POINT (-87.69139200000001 41.917741),575,872,926,191
198,Milwaukee Ave & Rockwell St,POINT (-87.69265919899999 41.920195562),521,994,1072,182
199,Kedzie Ave & Palmer Ct,POINT (-87.70732199999999 41.921525),641,1212,1001,264
200,California Ave & North Ave,POINT (-87.6972 41.91044),567,1067,1158,119
201,Leavitt St & Armitage Ave,POINT (-87.68243699999999 41.917805),806,1131,1130,223
202,Campbell Ave & North Ave,POINT (-87.68955600000001 41.910535),877,1115,1131,226
203,Logan Blvd & Elston Ave,POINT (-87.684158 41.929465),643,1474,1224,102
204,Milwaukee Ave & Wabansia Ave,POINT (-87.681391 41.912616),1766,2722,2637,357
205,California Ave & Francis Pl (Temp),POINT (-87.69742280200001 41.918491154),655,867,840,185
206,Kosciuszko Park,POINT (-87.723777364 41.930585371),407,607,496,78
207,Campbell Ave & Fullerton Ave,POINT (-87.68930700600001 41.924632472),631,863,918,158
208,Spaulding Ave & Armitage Ave,POINT (-87.710220963 41.917108035),450,709,597,142
209,Humboldt Blvd & Armitage Ave,POINT (-87.701808955 41.917513394),727,1307,1248,251
210,St. Louis Ave & Fullerton Ave,POINT (-87.71449506299999 41.924815597),583,868,632,222
211,Richmond St & Diversey Ave,POINT (-87.70119513 41.931901969),311,578,472,69
212,Albany Ave & Bloomingdale Ave,POINT (-87.70512646200001 41.914026713),470,832,622,130
213,Dorchester Ave & 63rd St,POINT (-87.591415989 41.780405646),196,286,227,45
214,Lake Park Ave & 56th St,POINT (-87.58778199999999 41.793242),931,1182,1200,330
215,Shore Dr & 55th St,POINT (-87.580715 41.795212),2021,3276,3124,553
216,Rhodes Ave & 71st St,POINT (-87.611726 41.76600000000001),6,12,19,1
217,University Ave & 57th St,POINT (-87.599861 41.79147800000001),588,1876,1349,176
218,Cottage Grove Ave & 67th St,POINT (-87.60563486 41.773720952),61,99,58,7
219,Ellis Ave & 58th St,POINT (-87.60133399999999 41.788746),378,1387,700,44
220,Stony Island Ave & 64th St,POINT (-87.586647 41.778881),71,148,112,31
221,63rd St Beach,POINT (-87.57611976 41.781016372),542,814,678,57
222,Stony Island Ave & 71st St,POINT (-87.586460878 41.766492937),80,109,111,40
223,Ellis Ave & 55th St,POINT (-87.601449773 41.794300621),563,1005,791,153
224,Cottage Grove Ave & 63rd St,POINT (-87.60583609299999 41.780600945),73,155,118,55
225,DuSable Museum,POINT (-87.60785217700001 41.791568011),109,269,177,27
226,Eberhart Ave & 61st St,POINT (-87.61330783 41.784141693),132,139,106,24
227,Harper Ave & 59th St,POINT (-87.58831517 41.787942813),487,511,405,47
228,Ellis Ave & 60th St,POINT (-87.601072761 41.785097146),754,1295,917,196
229,MLK Jr Dr & 56th St,POINT (-87.615853262 41.79342945699999),86,135,103,16
230,MLK Jr Dr & 63rd St,POINT (-87.61594285700001 41.780080637),72,82,61,23
231,Museum of Science and Industry,POINT (-87.58394500899999 41.79172821),535,1305,826,101
233,Damen Ave & Clybourn Ave,POINT (-87.67785600000001 41.931931),560,1154,909,172
234,Clark St & Armitage Ave,POINT (-87.63628199999999 41.918306),4407,6177,6345,1423
235,Clark St & Drummond Pl,POINT (-87.644336 41.931248),2977,4751,4727,855
236,Clark St & North Ave,POINT (-87.63194200000001 41.911974),1745,3415,3347,646
237,Larrabee St & Webster Ave,POINT (-87.64414000000001 41.921822),3257,5389,6198,1063
238,Halsted St & Dickens Ave,POINT (-87.64883 41.919936),2024,3486,3458,641
239,Sedgwick St & Webster Ave,POINT (-87.63888799999999 41.922167),2113,2612,2619,585
240,Sheffield Ave & Wrightwood Ave,POINT (-87.65383299999999 41.928712),1643,3008,3893,1025
241,Racine Ave & Wrightwood Ave,POINT (-87.65897099999999 41.928887),1123,1381,1303,281
242,Wells St & Concord Ln,POINT (-87.63465600000001 41.912133),4081,6176,6928,1874
243,Lake Shore Dr & North Blvd,POINT (-87.62680400000001 41.911722),4129,8810,8554,979
244,Lincoln Ave & Fullerton Ave,POINT (-87.64926 41.925905),2743,4220,4760,852
245,Clifton Ave & Armitage Ave,POINT (-87.656936 41.91821599999999),1360,2057,2105,395
246,Halsted St & Wrightwood Ave,POINT (-87.64907700000001 41.929143),1778,3005,3664,857
247,Lincoln Ave & Diversey Pkwy,POINT (-87.65861700000001 41.932225),1900,2402,2653,539
248,Sedgwick St & North Ave,POINT (-87.638677 41.911386),2039,2560,2840,741
249,Southport Ave & Wrightwood Ave,POINT (-87.66391299999999 41.928773),1065,1675,2104,625
250,Lakeview Ave & Fullerton Pkwy,POINT (-87.63897299999999 41.92585800000001),3601,5238,5536,990
251,Lake Shore Dr & Diversey Pkwy,POINT (-87.636427 41.932588),3073,5355,6050,595
252,Theater on the Lake,POINT (-87.63083399999999 41.926277),3768,10695,9778,826
253,Bissell St & Armitage Ave,POINT (-87.65222 41.91844),2606,4089,4026,793
254,Ashland Ave & Wrightwood Ave,POINT (-87.66850699999999 41.92883),802,1344,1287,334
255,Halsted St & Willow St,POINT (-87.64875500000001 41.913865),1581,2014,2283,434
256,Sheffield Ave & Willow St,POINT (-87.652855 41.913688),1387,2785,2964,394
257,Larrabee St & Menomonee St,POINT (-87.64331999999999 41.91468),849,1100,1112,192
258,Sheffield Ave & Webster Ave,POINT (-87.653818 41.92154),1805,3076,3561,1084
259,Clark St & Wrightwood Ave,POINT (-87.643118 41.929546),3499,4622,4060,878
260,Stockton Dr & Wrightwood Ave,POINT (-87.63874200000001 41.93132),3204,4424,4861,596
261,Clark St & Lincoln Ave,POINT (-87.63460000000001 41.915689),4107,5719,6721,1337
262,Larrabee St & Armitage Ave,POINT (-87.643749 41.918084),1384,2131,2175,483
263,Greenview Ave & Fullerton Ave,POINT (-87.6658 41.92533),1156,2192,2156,511
264,Southport Ave & Clybourn Ave,POINT (-87.663712 41.920771),805,1454,1250,175
265,Wilton Ave & Diversey Pkwy,POINT (-87.65270500000001 41.932418),2090,2963,3205,827
266,Racine Ave & Fullerton Ave,POINT (-87.65840426 41.92556258),1399,2135,2101,527
267,Cannon Dr & Fullerton Ave,POINT (-87.634428785 41.926755988),1031,2580,2339,328
268,Winchester Ave & Elston Ave,POINT (-87.67646007499999 41.92409085),479,770,749,102
269,Sheffield Ave & Fullerton Ave,POINT (-87.65370804200001 41.925601882),1271,2555,2271,626
270,Lincoln Park Conservatory,POINT (-87.635824531 41.923931311),1678,3825,3205,616
272,Clark St & Newport St,POINT (-87.654678 41.94454),1463,2687,3333,1162
273,Southport Ave & Belmont Ave,POINT (-87.663747668 41.93947775),1245,1959,1946,532
274,Broadway & Barry Ave,POINT (-87.644097805 41.937582316),4326,6085,6715,1106
275,Lake Shore Dr & Belmont Ave,POINT (-87.63919200000001 41.940775),3391,5536,5380,887
276,Broadway & Belmont Ave,POINT (-87.64545099999999 41.940106),2160,3623,3623,788
277,Broadway & Cornelia Ave,POINT (-87.646439 41.945529),3423,4657,4686,1179
278,Wilton Ave & Belmont Ave,POINT (-87.65304 41.94018),2785,4871,4952,1178
279,Sheffield Ave & Wellington Ave,POINT (-87.65266200000001 41.936266),2457,3466,3860,966
280,Halsted St & Roscoe St,POINT (-87.64895 41.94367),2270,4232,4526,1541
281,Lincoln Ave & Addison St,POINT (-87.67330799999999 41.946176),432,764,641,157
282,Lincoln Ave & Roscoe St,POINT (-87.67097 41.94334),1821,1954,2090,409
283,Ashland Ave & Wellington Ave,POINT (-87.66980699999999 41.936083),773,1352,1207,207
284,Lincoln Ave & Belmont Ave,POINT (-87.668385 41.939365),1267,2063,2130,353
285,Southport Ave & Roscoe St,POINT (-87.66401999999999 41.943739),2067,4038,3762,804
286,Burling St & Diversey Pkwy,POINT (-87.64775999999999 41.93314),1838,2795,3160,442
287,Southport Ave & Wellington Ave,POINT (-87.66357600000001 41.935733),1380,2570,2243,512
288,Racine Ave & Belmont Ave,POINT (-87.65886500000001 41.939743),1526,2360,2667,740
289,Clark St & Wellington Ave,POINT (-87.64753865799999 41.936496822),2654,4474,4169,731
290,Greenview Ave & Diversey Pkwy,POINT (-87.665936351 41.932589634),794,1141,1086,277
291,Lake Shore Dr & Wellington Ave,POINT (-87.63682901899999 41.936688449),3905,6672,6482,684
292,Bernard St & Elston Ave,POINT (-87.713949 41.949923),95,184,150,12
293,Leavitt St & Belmont Ave,POINT (-87.68328199999999 41.93935399999999),356,532,582,107
294,Albany Ave & Montrose Ave,POINT (-87.705866 41.96104099999999),348,513,416,76
295,Drake Ave & Addison St,POINT (-87.71758199999999 41.947326),60,146,140,18
296,California Ave & Montrose Ave,POINT (-87.69543900000001 41.961068),677,1052,995,81
297,Western Ave & Roscoe St,POINT (-87.687288 41.943034),323,787,596,95
298,Kimball Ave & Belmont Ave,POINT (-87.711561 41.939398),237,553,459,80
299,Avers Ave & Belmont Ave,POINT (-87.723574 41.939408),204,532,377,80
300,Lincoln Ave & Belle Plaine Ave,POINT (-87.680161446 41.956003551),756,1305,1144,351
301,Damen Ave & Wellington Ave,POINT (-87.67841999999999 41.93588),628,1077,1109,150
302,Seeley Ave & Roscoe St,POINT (-87.679618 41.943403),557,1201,1101,290
303,Leavitt St & Addison St,POINT (-87.683359 41.946655),354,443,437,113
304,Damen Ave & Melrose Ave,POINT (-87.6785 41.9406),476,809,622,121
305,Monticello Ave & Irving Park Rd,POINT (-87.71912818 41.954004839),192,328,281,53
306,Sawyer Ave & Irving Park Rd,POINT (-87.7093108 41.953586179),211,384,279,71
307,Oakley Ave & Irving Park Rd,POINT (-87.686079624 41.954340852),355,526,433,106
308,California Ave & Byron St,POINT (-87.69805111299999 41.952162193),315,641,634,78
309,Troy St & Elston Ave,POINT (-87.70664990100001 41.945243568),311,461,492,135
310,Talman Ave & Addison St,POINT (-87.69461475799999 41.946635831),204,649,516,168
311,California Ave & Fletcher St,POINT (-87.69800775600001 41.938428791),387,706,576,166
312,Central Park Ave & Elbridge Ave,POINT (-87.716889294 41.935337283),236,489,435,57
313,Wood St & Chicago Ave,POINT (-87.67206899999999 41.895634),709,760,783,215
314,Leavitt St & Division St,POINT (-87.683825 41.902997),394,573,435,117
315,Paulina Ave & North Ave,POINT (-87.67007199999999 41.910337),1405,1740,1827,436
316,Damen Ave & Division St,POINT (-87.67843499999999 41.903266),1070,1814,1849,518
317,Ashland Ave & Chicago Ave,POINT (-87.66774699999999 41.89596599999999),1437,1611,1426,363
318,Wood St & Milwaukee Ave,POINT (-87.672552 41.907655),1814,2964,3015,700
319,California Ave & Division St,POINT (-87.697474 41.903029),718,1251,1037,127
320,Wood St & Augusta Blvd,POINT (-87.6722 41.899181),1114,1204,1023,248
321,Damen Ave & Grand Ave,POINT (-87.67684221299999 41.891264346),655,938,797,111
322,Damen Ave & Cortland St,POINT (-87.677335 41.915983),1288,2431,2282,463
323,Western Ave & Division St,POINT (-87.687275 41.902893),748,1083,983,245
324,Claremont Ave & Hirsch St,POINT (-87.68585400000001 41.907781),347,494,392,69
325,Walsh Park,POINT (-87.667968 41.91461),633,1169,1028,149
326,Marshfield Ave & Cortland St,POINT (-87.668879 41.916017),986,1730,1658,225
327,Damen Ave & Thomas St (Augusta Blvd),POINT (-87.677409 41.901315),1700,1504,1376,339
328,Wood St & Hubbard St,POINT (-87.67147299999999 41.889899),455,596,790,113
329,Ashland Ave & Augusta Blvd,POINT (-87.6677 41.899643),1195,1220,1200,263
330,Honore St & Division St,POINT (-87.673935 41.903119),1325,2276,2402,724
331,California Ave & Cortez St,POINT (-87.696704 41.900363),725,1161,891,157
332,Ashland Ave & Division St,POINT (-87.66774699999999 41.90345),2972,4281,4036,916
333,Western Ave & Walton St,POINT (-87.68659601600001 41.898417689),1300,1403,1324,213
334,Damen Ave & Pierce Ave,POINT (-87.67769192899999 41.909396007),1734,4127,4124,1115
335,Troy St & North Ave,POINT (-87.70528048700001 41.909769302),557,1022,848,82
337,Orleans St & Elm St,POINT (-87.637715 41.902924),773,870,880,248
338,Wells St & Elm St,POINT (-87.63432399999999 41.903222),4501,5147,5968,1446
339,Dearborn Pkwy & Delaware Pl,POINT (-87.629912 41.898969),3528,5047,5159,799
340,Clark St & Schiller St,POINT (-87.631501 41.907993),4345,4102,4319,1041
341,State St & Pearson St,POINT (-87.628722 41.897448),1716,2223,2079,714
342,Halsted St & Clybourn Ave,POINT (-87.648128 41.909668),1733,3486,3287,484
343,Clybourn Ave & Division St,POINT (-87.640552 41.904613),1145,1344,1283,220
344,Orleans St & Chestnut St (NEXT Apts),POINT (-87.637536 41.898203),1708,1762,1916,387
345,Clark St & Elm St,POINT (-87.63128 41.902973),6602,7639,8185,1566
346,Ritchie Ct & Banks St,POINT (-87.62621700000001 41.906866),2525,2637,2824,523
347,Larrabee St & Kingsbury St,POINT (-87.642884 41.897764),1743,2489,2227,298
348,Larrabee St & North Ave,POINT (-87.6435 41.91021),974,1258,1250,321
349,Wells St & Walton St,POINT (-87.63443006999999 41.89993001),1652,1834,1751,381
350,Wells St & Evergreen Ave,POINT (-87.63483000000001 41.906724),3193,4793,5604,1479
351,Clark St & Chicago Ave,POINT (-87.63089000000001 41.89675),2231,2726,3090,760
352,Sedgwick St & Schiller St,POINT (-87.638566 41.907626),930,742,854,274
353,Franklin St & Chicago Ave,POINT (-87.63566762200001 41.896746973),1941,2326,2489,478
354,Larrabee St & Division St,POINT (-87.643353494 41.90348607),1258,2586,2491,178
355,Larrabee St & Oak St,POINT (-87.64298546799999 41.900219493),1159,1369,1099,165
357,Ada St & 113th St,POINT (-87.655475736 41.687561623),,4,4,
358,Vincennes Ave & 104th St,POINT (-87.65686811 41.704925565),2,4,1,1
359,Hale Ave & 107th St,POINT (-87.66891896700001 41.699206168),1,3,4,6
360,Walden Pkwy & 100th St,POINT (-87.667733431 41.712164104),4,7,7,
361,Halsted St & 111th St,POINT (-87.64261186100001 41.692262556),1,5,5,6
362,Major Taylor Trail & 115th St,POINT (-87.645288706 41.684931595),3,4,12,
363,Racine Ave & Washington Blvd,POINT (-87.656952 41.883073),433,589,503,100
364,Canal St & Taylor St,POINT (-87.63947399999999 41.870257),629,1037,961,149
365,May St & Taylor St,POINT (-87.6554864 41.8694821),1050,1677,1848,539
366,Racine Ave & Randolph St,POINT (-87.656853 41.884069),426,849,816,181
367,Canal St & Harrison St,POINT (-87.639573 41.874255),245,600,338,104
368,Halsted St & Roosevelt Rd,POINT (-87.648625 41.867324),303,706,833,129
369,Green St & Madison St,POINT (-87.64878900000001 41.881892),2509,3863,3916,1154
370,900 W Harrison St,POINT (-87.649807 41.874754),634,909,973,247
371,Aberdeen St & Monroe St,POINT (-87.655519 41.880419),1332,1452,1285,273
372,Aberdeen St & Jackson Blvd,POINT (-87.65478743 41.87772613),1497,2145,2118,222
373,Loomis St & Lexington St,POINT (-87.661501 41.872187),2027,2586,2736,505
374,Loomis St & Jackson Blvd,POINT (-87.66200699999999 41.877945),906,1108,1053,163
375,Sangamon St & Washington Blvd,POINT (-87.6511 41.88316500000001),1003,1445,1477,520
376,Ada St & Washington Blvd,POINT (-87.66120600000001 41.88283),1414,1455,1451,318
377,Halsted St & Polk St,POINT (-87.64664 41.87184),608,1333,1062,92
378,Aberdeen St & Randolph St,POINT (-87.654264 41.884114),887,1452,1490,348
379,Morgan St & Polk St,POINT (-87.65103000000001 41.871737),903,1560,1636,353
380,Clinton St & Tilden St,POINT (-87.640795 41.875885),459,663,476,90
381,Racine Ave & Congress Pkwy,POINT (-87.65703000000001 41.87464),446,652,648,149
382,Throop St & Taylor St,POINT (-87.65914100000001 41.868968),754,1237,1278,398
383,Green St & Randolph St,POINT (-87.64867 41.883668),1017,3081,3489,877
384,Peoria St & Jackson Blvd,POINT (-87.649617791 41.877641596),2015,2553,2358,456
385,Clinton St & Polk St,POINT (-87.64094913299999 41.87146651800001),65,150,186,129
386,Elizabeth (May) St & Fulton St,POINT (-87.658039927 41.886616486),616,1039,908,133
387,Clinton St & Roosevelt Rd,POINT (-87.64108795899999 41.867117783),739,1678,1654,203
388,Morgan St & Lake St,POINT (-87.652304856 41.885483308),1273,3073,3152,925
389,Avenue O & 134th St,POINT (-87.539671361 41.651867802),4,11,17,5
390,Commercial Ave & 130th St,POINT (-87.550762296 41.659150428),,3,6,3
391,Torrence Ave & 126th Pl,POINT (-87.55721569100001 41.666312008),,1,1,1
394,Lawndale Ave & 111th St,POINT (-87.71288573700001 41.69131919199999),1,1,1,
395,Ravenswood Ave & Berteau Ave,POINT (-87.67356700000001 41.957921),437,740,590,56
396,Clarendon Ave & Gordon Ter,POINT (-87.64962851999999 41.958472876),1881,2722,2559,434
397,Southport Ave & Waveland Ave,POINT (-87.66394 41.94815),2078,3398,3450,886
398,Ravenswood Ave & Irving Park Rd,POINT (-87.67393 41.95469),555,1227,1261,172
399,Wolcott (Ravenswood) Ave & Montrose Ave,POINT (-87.67616899999999 41.961406),680,1132,1181,231
400,Clark St & Grace St,POINT (-87.659172 41.95078),1558,3327,2610,617
401,Lincoln Ave & Waveland Ave,POINT (-87.67527800000001 41.948797),704,1321,1093,205
402,Southport Ave & Clark St,POINT (-87.664199 41.957081),608,804,574,125
403,Ashland Ave & Belle Plaine Ave,POINT (-87.668835 41.956057),463,755,704,134
404,Paulina St & Montrose Ave,POINT (-87.671387 41.961507),470,853,626,114
405,Broadway & Waveland Ave,POINT (-87.648636 41.949074),2639,4387,3898,729
406,Southport Ave & Irving Park Rd,POINT (-87.66435799999999 41.954177),934,1510,1189,279
407,Ashland Ave & Grace St,POINT (-87.6687 41.950687),718,1247,1036,282
408,Sheridan Rd & Irving Park Rd,POINT (-87.65440600000001 41.954245),1628,2817,2387,602
409,Sheridan Rd & Montrose Ave,POINT (-87.65464 41.96167),1956,3300,3008,538
410,Sheridan Rd & Buena Ave,POINT (-87.654966 41.958494),1593,2139,1455,318
411,Clark St & Montrose Ave,POINT (-87.66603600000001 41.961588),829,1411,1075,215
412,Pine Grove Ave & Waveland Ave,POINT (-87.64645278499999 41.949472741),3019,4952,5013,595
413,Pine Grove Ave & Irving Park Rd,POINT (-87.648043 41.954383),2465,3785,3532,564
414,Clarendon Ave & Junior Ter,POINT (-87.649603 41.961004),2036,2858,2706,337
415,Broadway & Sheridan Rd,POINT (-87.64999300000001 41.952833),1723,2623,2353,624
416,Sheffield Ave & Waveland Ave,POINT (-87.65452900000001 41.949399),2219,3498,3513,1267
417,Montrose Harbor,POINT (-87.638181 41.963982),1540,5295,5443,260
418,Winchester (Ravenswood) Ave & Balmoral Ave,POINT (-87.67753 41.979762),164,410,275,33
419,Winthrop Ave & Lawrence Ave,POINT (-87.657659 41.968812),714,1191,1036,348
420,Broadway & Argyle St,POINT (-87.65966 41.973815),1040,2014,1748,338
421,Broadway & Wilson Ave,POINT (-87.65813900000001 41.965221),1103,2291,1857,487
422,Clarendon Ave & Leland Ave,POINT (-87.650001 41.967968),879,1946,1642,267
423,Damen Ave & Leland Ave,POINT (-87.679028 41.967094),927,1199,938,184
424,Lakefront Trail & Wilson Ave,POINT (-87.64536099999999 41.965845),1266,2501,2588,94
425,Marine Dr & Ainslie St,POINT (-87.650154 41.9716),1645,2845,2560,349
426,Ravenswood Ave & Lawrence Ave,POINT (-87.67423700000001 41.96909),1308,2248,2068,255
427,Clark St & Leland Ave,POINT (-87.667429 41.96709600000001),1341,2232,1566,352
428,Clark St & Winnemac Ave,POINT (-87.66785547100001 41.97334764),1211,2094,1703,297
429,Broadway & Berwyn Ave,POINT (-87.65975300000001 41.97835300000001),1160,1986,1971,367
430,Sheridan Rd & Lawrence Ave,POINT (-87.654691 41.969517),782,1529,1280,286
431,Clark St & Berwyn Ave,POINT (-87.668047105 41.977996654),1066,2459,2176,590
432,Fairbanks St & Superior St,POINT (-87.620104 41.895748),842,2225,1354,166
433,St. Clair St & Erie St,POINT (-87.622663 41.894448),2726,6701,5133,795
434,Streeter Dr & Grand Ave,POINT (-87.612043 41.892278),4012,12856,11867,1438
435,State St & Kinzie St,POINT (-87.62775400000001 41.889187),2034,3606,3710,1403
436,Cityfront Plaza Dr & Pioneer Ct,POINT (-87.622072 41.890573),2168,2573,2703,665
437,Mies van der Rohe Way & Chicago Ave,POINT (-87.62174300000001 41.89691),2686,3831,2865,622
438,Rush St & Hubbard St,POINT (-87.62618499999999 41.890173),1073,1736,1778,437
439,Wabash Ave & Grand Ave,POINT (-87.626761 41.89146599999999),2919,5456,5706,1938
440,Michigan Ave & Oak St,POINT (-87.62377664 41.90096039),2980,7188,5880,1342
441,Michigan Ave & Pearson St,POINT (-87.62351 41.89765999999999),1206,3270,3249,492
442,New St & Illinois St,POINT (-87.618616819 41.890847041),3176,4369,4442,1257
443,Mies van der Rohe Way & Chestnut St,POINT (-87.621915226 41.898586651),2630,3768,3944,985
444,McClurg Ct & Erie St,POINT (-87.61785400000001 41.894503),2470,4339,3429,761
445,Lake Shore Dr & Ohio St,POINT (-87.614492 41.89257),2515,3598,3626,902
446,Rush St & Cedar St,POINT (-87.62769052799999 41.902308701),2578,4127,4038,903
447,Fairbanks Ct & Grand Ave,POINT (-87.62058019600001 41.891847372),3008,4716,5212,1753
448,Rush St & Superior St,POINT (-87.62590803299999 41.895764746),1988,3729,3633,683
449,Latrobe Ave & Chicago Ave,POINT (-87.756895 41.894745),39,32,23,16
450,Kenton Ave & Madison St,POINT (-87.74101800000001 41.880708),18,26,22,13
451,Laramie Ave & Kinzie St,POINT (-87.755527 41.887832),12,23,21,7
452,Central Ave & Harrison St,POINT (-87.764499 41.872993),41,50,54,29
453,Cicero Ave & Flournoy St,POINT (-87.746619 41.872131),12,16,10,15
454,Austin Blvd & Madison St,POINT (-87.77445300000001 41.880281),95,112,90,24
455,Cicero Ave & Quincy St,POINT (-87.74540500000001 41.877613),31,52,51,30
456,Laramie Ave & Madison St,POINT (-87.755337 41.880207),25,74,92,17
457,Central Ave & Lake St,POINT (-87.765469 41.887664),31,64,56,12
458,Cicero Ave & Lake St,POINT (-87.745261 41.886841),16,34,34,6
459,Central Ave & Madison St,POINT (-87.763238 41.880121),46,106,63,20
460,Austin Blvd & Lake St,POINT (-87.774446 41.887919),79,140,152,27
461,Laramie Ave & Gladys Ave,POINT (-87.755285 41.875806),19,23,25,3
462,Canal St & Jackson Blvd,POINT (-87.63936600000001 41.877245),302,615,750,81
463,Wacker Dr & Washington St,POINT (-87.637321 41.883132),606,1394,1331,231
464,Canal St & Monroe St,POINT (-87.63953000000001 41.88169),543,783,715,150
465,Franklin St & Lake St,POINT (-87.63549999999999 41.885837),1371,2863,2633,405
466,Franklin St & Monroe St,POINT (-87.63518499999999 41.880317),926,3170,2172,357
467,Franklin St & Adams St (Temp),POINT (-87.63550400700001 41.879434091),459,1516,1061,122
468,Franklin St & Jackson Blvd,POINT (-87.63532114100001 41.877707956),1589,2970,2643,307
469,Central Park Blvd & 5th Ave,POINT (-87.71547 41.875679),38,88,55,16
470,Conservatory Dr & Lake St,POINT (-87.71686600000001 41.885502),101,306,142,21
471,Karlov Ave & Madison St,POINT (-87.727907 41.88085),33,34,30,24
472,Pulaski Rd & Lake St,POINT (-87.72649100000001 41.885409),8,70,52,11
473,Pulaski Rd & Congress Pkwy,POINT (-87.72570400000001 41.874325),23,49,23,12
474,Kostner Ave & Lake St,POINT (-87.73541 41.885928),7,16,14,3
475,Kostner Ave & Adams St,POINT (-87.735737 41.877917),47,48,57,21
476,Kedzie Ave & Lake St,POINT (-87.706303744 41.884603285),140,177,179,32
477,Kedzie Ave & Roosevelt Rd,POINT (-87.706496176 41.86649278199999),36,87,80,23
478,Clinton St & 18th St,POINT (-87.640826 41.85795),418,590,599,84
479,State St & 29th St,POINT (-87.626938 41.841707),130,188,211,36
480,Emerald Ave & 28th St,POINT (-87.645368 41.84358),433,473,474,119
481,Burnham Harbor,POINT (-87.613348 41.856268),2501,3887,4253,212
482,Indiana Ave & 26th St,POINT (-87.62248100000001 41.845687),807,941,852,196
483,Shields Ave & 31st St,POINT (-87.635406 41.838464),312,505,530,102
484,Calumet Ave & 18th St,POINT (-87.619407 41.857611),1752,2001,1543,169
485,Emerald Ave & 31st St,POINT (-87.645143 41.838198),528,854,897,145
486,Wells St & 19th St,POINT (-87.63387900000001 41.856802),101,568,774,43
487,State St & 19th St,POINT (-87.62754200000001 41.856594),482,775,737,125
488,Halsted St & 18th St,POINT (-87.646277 41.857499),572,565,548,119
489,Normal Ave & Archer Ave,POINT (-87.640591 41.849527),244,293,235,44
490,Shields Ave & 28th Pl,POINT (-87.635491 41.842733),271,277,160,41
491,Indiana Ave & 31st St,POINT (-87.62185699999999 41.838842),508,711,800,130
492,MLK Jr Dr & 29th St,POINT (-87.617 41.842052),1444,1578,1707,359
493,Rhodes Ave & 32nd St,POINT (-87.61353299999999 41.836208),641,834,994,127
494,Wentworth Ave & Cermak Rd,POINT (-87.63193130499999 41.853084557),509,1326,1712,247
495,State St & 35th St,POINT (-87.626797557 41.831036314),270,597,702,91
496,State St & 33rd St,POINT (-87.62581299999999 41.834734),604,1350,1240,319
497,Fort Dearborn Dr & 31st St,POINT (-87.60821800000001 41.838556),1793,2726,3445,547
498,Calumet Ave & 35th St,POINT (-87.61803399999999 41.831379),262,437,417,50
499,Wabash Ave & Cermak Rd,POINT (-87.62648799999999 41.852619),365,581,609,147
500,Michigan Ave & 18th St,POINT (-87.62455 41.857813),1900,2621,1960,320
501,Calumet Ave & 33rd St,POINT (-87.61793 41.8349),651,845,881,160
502,Wentworth Ave & 24th St (Temp),POINT (-87.63214051700001 41.850083693),182,383,376,93
503,Calumet Ave & 21st St,POINT (-87.61915374100001 41.854184249),563,773,522,74
504,Wentworth Ave & 33rd St,POINT (-87.631822981 41.834529886),107,229,270,39
505,Lake Park Ave & 35th St,POINT (-87.608799195 41.831274235),733,1024,1276,263
506,McCormick Place,POINT (-87.61883464899999 41.851375173),333,531,442,81
507,Wells St & Huron St,POINT (-87.634362 41.89472199999999),4395,5186,5734,1067
508,Orleans St & Hubbard St,POINT (-87.636618 41.890028),1049,1362,1315,288
509,Orleans St & Merchandise Mart Plaza,POINT (-87.63639000000001 41.888243),1347,2278,2499,464
510,LaSalle Dr & Huron St,POINT (-87.63232600000001 41.894877),1662,2273,2623,810
511,Sedgwick St & Huron St,POINT (-87.638437 41.894666),1861,2415,2169,357
512,Dearborn St & Erie St,POINT (-87.62931800000001 41.893992),4095,5717,6119,1366
513,LaSalle St & Illinois St,POINT (-87.631697 41.890762),1704,3664,4367,1227
514,Wells St & Hubbard St,POINT (-87.634266 41.889906),2411,4183,4188,950
515,Kingsbury St & Kinzie St,POINT (-87.638505772 41.889176833),3948,4697,4949,677
516,Franklin St & Illinois St,POINT (-87.635479867 41.89102331),1978,2581,3062,437
517,Kingsbury St & Erie St,POINT (-87.641697228 41.893808056),3531,3607,3740,574
518,Warren Park West,POINT (-87.688829 42.001785),164,345,434,41
519,Western Ave & Howard St,POINT (-87.690048 42.018901),54,164,128,57
520,Ridge Blvd & Howard St,POINT (-87.68451999999999 42.019276),41,138,82,65
521,Oakley Ave & Touhy Ave,POINT (-87.688243 42.012342),63,123,195,57
522,Warren Park East,POINT (-87.680666145 42.004549622),156,295,259,135
523,Western Ave & Lunt Ave,POINT (-87.69049223899999 42.008594397),348,345,349,76
524,Ridge Blvd & Touhy Ave,POINT (-87.682912644 42.012132277),76,121,111,38
525,Glenwood Ave & Touhy Ave,POINT (-87.66605799999999 42.012701),283,355,230,40
526,Greenview Ave & Jarvis Ave,POINT (-87.66856999999999 42.015962),222,583,427,103
527,Clark St & Jarvis Ave,POINT (-87.675005 42.015963),105,256,200,27
528,Clark St & Lunt Ave,POINT (-87.67419 42.009074),164,381,373,60
529,Sheridan Rd & Columbia Ave,POINT (-87.661406 42.004583),534,915,747,164
530,Wolcott Ave & Fargo Ave,POINT (-87.677725 42.016977),37,90,92,16
531,Bosworth Ave & Howard St,POINT (-87.669563 42.019537),80,147,69,15
532,Paulina St & Howard St,POINT (-87.673573 42.019159),141,349,256,50
533,Clark St & Touhy Ave,POINT (-87.674367115 42.012560115),113,172,198,39
534,Sheridan Rd & Greenleaf Ave,POINT (-87.66241209499999 42.010586563),567,739,592,149
535,Glenwood Ave & Morse Ave,POINT (-87.665502394 42.007971923),539,975,820,202
536,Clark St & Columbia Ave,POINT (-87.672402405 42.004450629),245,369,248,59
537,Sheridan Rd & Loyola Ave,POINT (-87.66119824299999 42.00104378),618,1390,1115,295
538,Clark St & Schreiber Ave,POINT (-87.671377339 41.999251822),352,715,555,90
539,Eastlake Ter & Rogers Ave,POINT (-87.66505792700001 42.020887281),377,654,514,134
540,Paulina St & 18th St,POINT (-87.668745 41.857901),841,1027,780,150
541,Racine Ave & 18th St,POINT (-87.65649499999999 41.858166),1002,1031,793,188
542,Morgan Ave & 14th Pl,POINT (-87.651062 41.862378),729,818,626,99
543,Western Ave & 21st St,POINT (-87.685838 41.854109),338,283,321,66
544,Morgan St & 18th St,POINT (-87.651073 41.858086),629,906,595,202
545,Racine Ave & 15th St,POINT (-87.65662500000001 41.861267),399,375,312,59
546,Damen Ave & Coulter St,POINT (-87.67564 41.8492),179,186,205,32
547,Racine Ave & 13th St,POINT (-87.656959 41.865054),213,240,200,86
548,Western Ave & 24th St,POINT (-87.685109 41.84847),249,167,147,17
549,Damen Ave & Cullerton St,POINT (-87.67603486799999 41.854902589),445,718,713,105
550,Ashland Ave & 13th St,POINT (-87.666507 41.865234),219,611,665,85
551,May St & Cullerton St,POINT (-87.654127 41.855136),364,466,471,78
552,Blue Island Ave & 18th St,POINT (-87.661535 41.857556),720,1146,946,158
553,Washtenaw Ave & Ogden Ave,POINT (-87.693450451 41.861930493),130,276,171,60
554,Halsted St & Maxwell St,POINT (-87.647071 41.864883),653,1239,1192,309
555,Halsted St & Archer Ave,POINT (-87.646795 41.847203),152,306,327,76
556,Halsted St & 21st St,POINT (-87.64664999999999 41.85378),137,264,271,54
557,Morgan St & 31st St,POINT (-87.65114 41.8378),461,481,429,83
558,Laflin St & Cullerton St,POINT (-87.66355991399999 41.854914576),369,497,520,115
559,Loomis St & Archer Ave,POINT (-87.65743495299999 41.84163254),275,268,259,49
560,Racine Ave & 35th St,POINT (-87.655975912 41.830696113),138,240,223,62
561,Ashland Ave & Archer Ave,POINT (-87.665609859 41.839208684),64,160,235,44
562,California Ave & 23rd Pl,POINT (-87.695139807 41.849109692),242,275,172,21
563,Ogden Ave & Roosevelt Rd,POINT (-87.68469707 41.866501483),256,552,618,69
564,Western Ave & 28th St,POINT (-87.68513144100001 41.841517708),46,55,103,51
565,LaSalle St & Jackson Blvd,POINT (-87.631929 41.878166),901,2537,1513,183
566,State St & Van Buren St,POINT (-87.627844 41.877181),637,1638,1366,443
567,Michigan Ave & Jackson Blvd,POINT (-87.62408000000001 41.87785),858,1981,2168,869
568,Dearborn St & Adams St,POINT (-87.629791036 41.879356359),584,1732,1460,137
569,Wabash Ave & Adams St,POINT (-87.625688606 41.879472352),686,1927,1894,1072
570,LaSalle St & Adams St,POINT (-87.63198522100001 41.879344373),394,1090,721,131
571,Avondale Ave & Irving Park Rd,POINT (-87.73200200000001 41.953393),117,286,353,93
572,Kilbourn Ave & Milwaukee Ave,POINT (-87.74002 41.948818),84,142,117,83
573,Kilbourn Ave & Irving Park Rd,POINT (-87.74056899999999 41.953733),69,173,124,22
574,Knox Ave & Montrose Ave,POINT (-87.74535899999999 41.960631),66,156,120,25
575,Pulaski Rd & Eddy St (Temp),POINT (-87.73102299999999 41.946264),145,177,166,74
576,Milwaukee Ave & Cuyler Ave,POINT (-87.74959399999999 41.954468),132,227,240,53
577,Cottage Grove Ave & 47th St,POINT (-87.60675500000001 41.809855),207,385,370,65
578,MLK Jr Dr & Pershing Rd,POINT (-87.61678000000001 41.8246),250,611,630,88
579,Cottage Grove Ave & 43rd St,POINT (-87.60658199999999 41.816499),298,358,257,83
580,Indiana Ave & 40th St,POINT (-87.6216 41.82168),101,138,199,53
581,Cottage Grove Ave & Oakwood Blvd,POINT (-87.6071 41.822985),457,747,684,81
582,Greenwood Ave & 47th St,POINT (-87.59938299999999 41.809835),440,598,558,95
583,MLK Jr Dr & 47th St,POINT (-87.61627900000001 41.809851),175,372,294,50
584,Woodlawn Ave & Lake Park Ave,POINT (-87.59700514799999 41.81409271),311,517,534,88
585,Prairie Ave & 43rd St,POINT (-87.61941246200001 41.816658893),205,292,280,41
586,Jefferson St & Monroe St,POINT (-87.642746 41.880422),1253,1596,1946,205
587,Canal St & Madison St,POINT (-87.639833 41.882091),994,1187,1268,199
588,Clinton St & Madison St,POINT (-87.64106600000001 41.882242),2496,2866,3378,415
589,Canal St & Adams St,POINT (-87.639904 41.879255),1736,1894,1739,172
590,Desplaines St & Jackson Blvd,POINT (-87.64390899999999 41.878287),1737,2713,2432,199
591,Clinton St & Washington Blvd,POINT (-87.64116999999999 41.88338),2529,1421,1619,192
592,Clinton St & Lake St,POINT (-87.641823 41.885637),1764,2699,2440,468
593,Desplaines St & Kinzie St,POINT (-87.64444785299999 41.888716036),3370,5072,5532,957
594,Clinton St & Jackson Blvd,POINT (-87.63983845700001 41.87811603),989,1050,1071,192
595,Desplaines St & Randolph St,POINT (-87.644570585 41.88461619),1497,1976,2154,564
596,Austin Blvd & Chicago Ave,POINT (-87.774704 41.894887),54,82,67,22
597,Central Ave & Chicago Ave,POINT (-87.76490200000001 41.894958),72,120,90,16
598,Central Park Ave & North Ave,POINT (-87.71663195200001 41.909656876),167,386,248,66
599,Spaulding Ave & Division St,POINT (-87.70921957100001 41.902706594),506,544,409,66
600,Yates Blvd & 75th St,POINT (-87.56644 41.758768),53,82,75,12
601,Cornell Dr & Hayes Dr,POINT (-87.584846 41.780595),105,162,130,25
602,Phillips Ave & 79th St,POINT (-87.56521100000001 41.75182),73,68,60,32
603,Bennett Ave & 79th St,POINT (-87.578496 41.751785),15,23,43,7
604,South Shore Dr & 67th St,POINT (-87.567514 41.773643),440,503,448,86
605,Stony Island Ave & 67th St,POINT (-87.58533973899999 41.773458499),120,167,151,40
606,Jeffery Blvd & 71st St,POINT (-87.576450114 41.766638237),109,197,181,70
607,South Shore Dr & 71st St,POINT (-87.565687572 41.76640945699999),590,634,476,83
608,Jeffery Blvd & 67th St,POINT (-87.577142826 41.773517551),171,277,235,47
609,Jeffery Blvd & 76th St,POINT (-87.575839359 41.757120068),44,76,70,21
610,Rainbow Beach,POINT (-87.54938625 41.757871448),84,159,113,21
611,South Shore Dr & 74th St,POINT (-87.55927465000001 41.76218896),180,227,223,37
612,Milwaukee Ave & Grand Ave,POINT (-87.64838399999999 41.891578),2026,3265,3242,908
613,Noble St & Milwaukee Ave,POINT (-87.6626 41.90068),1669,1720,1813,362
614,Ashland Ave & Blackhawk St,POINT (-87.667252 41.907066),1871,2103,2085,391
615,Carpenter St & Huron St,POINT (-87.65344899999999 41.894556),1737,1719,1813,274
616,Eckhart Park,POINT (-87.66098386 41.89637337),1528,1992,2045,402
617,Ashland Ave & Grand Ave,POINT (-87.666611 41.89107199999999),754,975,1061,264
618,Cherry Ave & Blackhawk St,POINT (-87.655618 41.907221),96,249,160,13
619,Ogden Ave & Race Ave,POINT (-87.658751 41.891795),1635,1803,1785,300
620,Sheffield Ave & Kingsbury St,POINT (-87.65310600000001 41.910522),1449,3206,2677,160
621,Elston Ave & Wabansia Ave,POINT (-87.664169 41.912919),327,822,626,89
622,Halsted St & North Branch St,POINT (-87.64847987500001 41.899368439),154,393,416,67
623,Dayton St & North Ave,POINT (-87.649421929 41.910578035),1043,2481,1889,288
624,Ogden Ave & Chicago Ave,POINT (-87.654061273 41.896362458),1410,1964,1910,375
625,Stetson Ave & South Water St,POINT (-87.62232 41.886835),1534,1947,1948,839
626,Wabash Ave & Wacker Pl,POINT (-87.62603 41.886875),1238,3171,3188,1746
627,Michigan Ave & Lake St,POINT (-87.624117 41.886024),2321,5195,5501,2052
628,Columbus Dr & Randolph St,POINT (-87.61952099999999 41.884728),4295,4937,5472,1264
629,Clark St & Randolph St,POINT (-87.63188991 41.884576228),1139,2463,2746,604
630,Dusable Harbor,POINT (-87.612813 41.886976),1432,4370,3546,366
631,Clark St & Lake St,POINT (-87.630876058 41.886020828),1885,3223,3139,871
632,State St & Randolph St,POINT (-87.627733569 41.884730201),1519,3532,3599,1238
633,Field Blvd & South Water St,POINT (-87.61751654700001 41.886349063),1594,2372,2283,537
634,2112 W Peterson Ave,POINT (-87.683593 41.991178),82,304,196,31
635,Western Ave & Granville Ave,POINT (-87.68943828200001 41.994161369),149,354,389,43
636,Maplewood Ave & Peterson Ave,POINT (-87.69336964 41.990236029),68,210,203,32
637,Budlong Woods Library,POINT (-87.69642256100001 41.983664709),106,282,277,49
638,Kildare Ave & Montrose Ave,POINT (-87.73569000000001 41.96108),76,250,169,17
639,Keystone Ave & Montrose Ave,POINT (-87.728970101 41.961108016),138,296,245,37
640,Central Park Ave & 24th St,POINT (-87.715068 41.8481),45,58,39,15
641,California Ave & 21st St,POINT (-87.695742399 41.853804066),177,224,207,27
642,Central Park Ave & Ogden Ave,POINT (-87.715117335 41.854063504),67,88,146,45
643,Kedzie Ave & 21st St,POINT (-87.705073032 41.853533632),82,91,58,17
644,Kedzie Ave & 24th St,POINT (-87.705413746 41.848190945),54,74,72,14
645,Albany Ave & 26th St,POINT (-87.702013013 41.844475014),58,108,105,18
646,Millard Ave & 26th St,POINT (-87.71607220200001 41.8445571),79,129,76,26
647,California Ave & 26th St,POINT (-87.69529592299999 41.844040031),17,86,20,4
648,LaSalle St & Washington St,POINT (-87.63253 41.882664),1032,2434,1379,307
649,Daley Center Plaza,POINT (-87.629634 41.884241),1733,3287,3527,584
650,Michigan Ave & Madison St,POINT (-87.625125 41.882134),1022,2338,1957,539
651,Michigan Ave & Washington St,POINT (-87.624683976 41.883984065),2151,4535,4452,1718
652,Keystone Ave & Fullerton Ave,POINT (-87.72785 41.92459),216,305,161,50
653,Lake Shore Dr & Monroe St,POINT (-87.616743 41.880958),3374,9760,9257,1456
654,Millennium Park,POINT (-87.62408431999999 41.8810317),2182,7341,7180,2709
655,Dearborn St & Monroe St,POINT (-87.629520919 41.881319815),1108,3659,3604,548